source,finding_id,resource_uid,asset_name,asset_id,finding_type,title,severity,status,description,cve_id,cvss_score,epss_score,exploit_available,control_status,region,timestamp,remediation,raw_data
Prowler,prowler-aws-ec2_ami_account_block_public_access-012092091624-ap-northeast-1-012092091624,arn:aws:ec2:ap-south-1:012092091624:account,012092091624,aws_d5efb189016fdd03,Cloud/IAM Configuration,AMI block public access is enabled at the account level,medium,PASS,"AMI block public access configuration is assessed to see whether public sharing of AMIs is blocked in the account and Region. When enabled (`block-new-sharing`), no AMI in the Region can be made public regardless of individual image permissions.",,,,,effective,ap-northeast-1,2026-09-16 18:14:43.448493,"Enable AMI block public access (`block-new-sharing`) in every active Region. Apply guardrails (SCPs) to prevent it from being disabled, and review any AMIs that are currently shared publicly.","{""AUTH_METHOD"": ""profile: None"", ""TIMESTAMP"": ""2026-09-16 18:14:43.448493"", ""ACCOUNT_UID"": 12092091624, ""ACCOUNT_NAME"": NaN, ""ACCOUNT_EMAIL"": NaN, ""ACCOUNT_ORGANIZATION_UID"": NaN, ""ACCOUNT_ORGANIZATION_NAME"": NaN, ""ACCOUNT_TAGS"": NaN, ""FINDING_UID"": ""prowler-aws-ec2_ami_account_block_public_access-012092091624-ap-northeast-1-012092091624"", ""PROVIDER"": ""aws"", ""CHECK_ID"": ""ec2_ami_account_block_public_access"", ""CHECK_TITLE"": ""AMI block public access is enabled at the account level"", ""CHECK_TYPE"": ""Software and Configuration Checks/AWS Security Best Practices | Effects/Data Exposure"", ""STATUS"": ""PASS"", ""STATUS_EXTENDED"": ""AMI Block Public Access is enabled in ap-northeast-1."", ""MUTED"": false, ""SERVICE_NAME"": ""ec2"", ""SUBSERVICE_NAME"": NaN, ""SEVERITY"": ""medium"", ""RESOURCE_TYPE"": ""Other"", ""RESOURCE_UID"": ""arn:aws:ec2:ap-south-1:012092091624:account"", ""RESOURCE_NAME"": ""012092091624"", ""RESOURCE_DETAILS"": NaN, ""RESOURCE_TAGS"": NaN, ""PARTITION"": ""aws"", ""REGION"": ""ap-northeast-1"", ""DESCRIPTION"": ""AMI block public access configuration is assessed to see whether public sharing of AMIs is blocked in the account and Region. When enabled (`block-new-sharing`), no AMI in the Region can be made public regardless of individual image permissions."", ""RISK"": ""Without blocking public access, AMIs could be accidentally or maliciously shared publicly, exposing baked-in secrets, source code, and infrastructure details to unauthorized actors."", ""RELATED_URL"": NaN, ""REMEDIATION_RECOMMENDATION_TEXT"": ""Enable AMI block public access (`block-new-sharing`) in every active Region. Apply guardrails (SCPs) to prevent it from being disabled, and review any AMIs that are currently shared publicly."", ""REMEDIATION_RECOMMENDATION_URL"": ""https://hub.prowler.com/check/ec2_ami_account_block_public_access"", ""REMEDIATION_CODE_NATIVEIAC"": NaN, ""REMEDIATION_CODE_TERRAFORM"": ""```hcl\r\nresource \""aws_ec2_image_block_public_access\"" \""<example_resource_name>\"" {\r\n  state = \""block-new-sharing\"" # Blocks new public sharing of AMIs in the configured Region\r\n}\r\n```"", ""REMEDIATION_CODE_CLI"": ""aws ec2 enable-image-block-public-access --image-block-public-access-state block-new-sharing"", ""REMEDIATION_CODE_OTHER"": ""1. In the AWS console, select the target Region in the top-right.\r\n2. Go to EC2 > AMIs.\r\n3. In the AMIs page, choose Block public access for AMIs (or EC2 Dashboard > Account attributes > Data protection and security).\r\n4. Choose Manage and enable Block public access.\r\n5. Save changes."", ""COMPLIANCE"": NaN, ""CATEGORIES"": ""internet-exposed"", ""DEPENDS_ON"": NaN, ""RELATED_TO"": NaN, ""NOTES"": NaN, ""PROWLER_VERSION"": ""5.42.0"", ""ADDITIONAL_URLS"": ""https://docs.aws.amazon.com/AWSEC2/latest/UserGuide/sharingamis-intro.html | https://docs.aws.amazon.com/AWSEC2/latest/UserGuide/image-block-public-access.html"", ""ACCOUNT_OU_UID"": NaN, ""ACCOUNT_OU_NAME"": NaN}"
Prowler,prowler-aws-ec2_ami_account_block_public_access-012092091624-ap-northeast-2-012092091624,arn:aws:ec2:ap-south-1:012092091624:account,012092091624,aws_d5efb189016fdd03,Cloud/IAM Configuration,AMI block public access is enabled at the account level,medium,PASS,"AMI block public access configuration is assessed to see whether public sharing of AMIs is blocked in the account and Region. When enabled (`block-new-sharing`), no AMI in the Region can be made public regardless of individual image permissions.",,,,,effective,ap-northeast-2,2026-09-16 18:14:43.448493,"Enable AMI block public access (`block-new-sharing`) in every active Region. Apply guardrails (SCPs) to prevent it from being disabled, and review any AMIs that are currently shared publicly.","{""AUTH_METHOD"": ""profile: None"", ""TIMESTAMP"": ""2026-09-16 18:14:43.448493"", ""ACCOUNT_UID"": 12092091624, ""ACCOUNT_NAME"": NaN, ""ACCOUNT_EMAIL"": NaN, ""ACCOUNT_ORGANIZATION_UID"": NaN, ""ACCOUNT_ORGANIZATION_NAME"": NaN, ""ACCOUNT_TAGS"": NaN, ""FINDING_UID"": ""prowler-aws-ec2_ami_account_block_public_access-012092091624-ap-northeast-2-012092091624"", ""PROVIDER"": ""aws"", ""CHECK_ID"": ""ec2_ami_account_block_public_access"", ""CHECK_TITLE"": ""AMI block public access is enabled at the account level"", ""CHECK_TYPE"": ""Software and Configuration Checks/AWS Security Best Practices | Effects/Data Exposure"", ""STATUS"": ""PASS"", ""STATUS_EXTENDED"": ""AMI Block Public Access is enabled in ap-northeast-2."", ""MUTED"": false, ""SERVICE_NAME"": ""ec2"", ""SUBSERVICE_NAME"": NaN, ""SEVERITY"": ""medium"", ""RESOURCE_TYPE"": ""Other"", ""RESOURCE_UID"": ""arn:aws:ec2:ap-south-1:012092091624:account"", ""RESOURCE_NAME"": ""012092091624"", ""RESOURCE_DETAILS"": NaN, ""RESOURCE_TAGS"": NaN, ""PARTITION"": ""aws"", ""REGION"": ""ap-northeast-2"", ""DESCRIPTION"": ""AMI block public access configuration is assessed to see whether public sharing of AMIs is blocked in the account and Region. When enabled (`block-new-sharing`), no AMI in the Region can be made public regardless of individual image permissions."", ""RISK"": ""Without blocking public access, AMIs could be accidentally or maliciously shared publicly, exposing baked-in secrets, source code, and infrastructure details to unauthorized actors."", ""RELATED_URL"": NaN, ""REMEDIATION_RECOMMENDATION_TEXT"": ""Enable AMI block public access (`block-new-sharing`) in every active Region. Apply guardrails (SCPs) to prevent it from being disabled, and review any AMIs that are currently shared publicly."", ""REMEDIATION_RECOMMENDATION_URL"": ""https://hub.prowler.com/check/ec2_ami_account_block_public_access"", ""REMEDIATION_CODE_NATIVEIAC"": NaN, ""REMEDIATION_CODE_TERRAFORM"": ""```hcl\r\nresource \""aws_ec2_image_block_public_access\"" \""<example_resource_name>\"" {\r\n  state = \""block-new-sharing\"" # Blocks new public sharing of AMIs in the configured Region\r\n}\r\n```"", ""REMEDIATION_CODE_CLI"": ""aws ec2 enable-image-block-public-access --image-block-public-access-state block-new-sharing"", ""REMEDIATION_CODE_OTHER"": ""1. In the AWS console, select the target Region in the top-right.\r\n2. Go to EC2 > AMIs.\r\n3. In the AMIs page, choose Block public access for AMIs (or EC2 Dashboard > Account attributes > Data protection and security).\r\n4. Choose Manage and enable Block public access.\r\n5. Save changes."", ""COMPLIANCE"": NaN, ""CATEGORIES"": ""internet-exposed"", ""DEPENDS_ON"": NaN, ""RELATED_TO"": NaN, ""NOTES"": NaN, ""PROWLER_VERSION"": ""5.42.0"", ""ADDITIONAL_URLS"": ""https://docs.aws.amazon.com/AWSEC2/latest/UserGuide/sharingamis-intro.html | https://docs.aws.amazon.com/AWSEC2/latest/UserGuide/image-block-public-access.html"", ""ACCOUNT_OU_UID"": NaN, ""ACCOUNT_OU_NAME"": NaN}"
Prowler,prowler-aws-ec2_ami_account_block_public_access-012092091624-ap-northeast-3-012092091624,arn:aws:ec2:ap-south-1:012092091624:account,012092091624,aws_d5efb189016fdd03,Cloud/IAM Configuration,AMI block public access is enabled at the account level,medium,PASS,"AMI block public access configuration is assessed to see whether public sharing of AMIs is blocked in the account and Region. When enabled (`block-new-sharing`), no AMI in the Region can be made public regardless of individual image permissions.",,,,,effective,ap-northeast-3,2026-09-16 18:14:43.448493,"Enable AMI block public access (`block-new-sharing`) in every active Region. Apply guardrails (SCPs) to prevent it from being disabled, and review any AMIs that are currently shared publicly.","{""AUTH_METHOD"": ""profile: None"", ""TIMESTAMP"": ""2026-09-16 18:14:43.448493"", ""ACCOUNT_UID"": 12092091624, ""ACCOUNT_NAME"": NaN, ""ACCOUNT_EMAIL"": NaN, ""ACCOUNT_ORGANIZATION_UID"": NaN, ""ACCOUNT_ORGANIZATION_NAME"": NaN, ""ACCOUNT_TAGS"": NaN, ""FINDING_UID"": ""prowler-aws-ec2_ami_account_block_public_access-012092091624-ap-northeast-3-012092091624"", ""PROVIDER"": ""aws"", ""CHECK_ID"": ""ec2_ami_account_block_public_access"", ""CHECK_TITLE"": ""AMI block public access is enabled at the account level"", ""CHECK_TYPE"": ""Software and Configuration Checks/AWS Security Best Practices | Effects/Data Exposure"", ""STATUS"": ""PASS"", ""STATUS_EXTENDED"": ""AMI Block Public Access is enabled in ap-northeast-3."", ""MUTED"": false, ""SERVICE_NAME"": ""ec2"", ""SUBSERVICE_NAME"": NaN, ""SEVERITY"": ""medium"", ""RESOURCE_TYPE"": ""Other"", ""RESOURCE_UID"": ""arn:aws:ec2:ap-south-1:012092091624:account"", ""RESOURCE_NAME"": ""012092091624"", ""RESOURCE_DETAILS"": NaN, ""RESOURCE_TAGS"": NaN, ""PARTITION"": ""aws"", ""REGION"": ""ap-northeast-3"", ""DESCRIPTION"": ""AMI block public access configuration is assessed to see whether public sharing of AMIs is blocked in the account and Region. When enabled (`block-new-sharing`), no AMI in the Region can be made public regardless of individual image permissions."", ""RISK"": ""Without blocking public access, AMIs could be accidentally or maliciously shared publicly, exposing baked-in secrets, source code, and infrastructure details to unauthorized actors."", ""RELATED_URL"": NaN, ""REMEDIATION_RECOMMENDATION_TEXT"": ""Enable AMI block public access (`block-new-sharing`) in every active Region. Apply guardrails (SCPs) to prevent it from being disabled, and review any AMIs that are currently shared publicly."", ""REMEDIATION_RECOMMENDATION_URL"": ""https://hub.prowler.com/check/ec2_ami_account_block_public_access"", ""REMEDIATION_CODE_NATIVEIAC"": NaN, ""REMEDIATION_CODE_TERRAFORM"": ""```hcl\r\nresource \""aws_ec2_image_block_public_access\"" \""<example_resource_name>\"" {\r\n  state = \""block-new-sharing\"" # Blocks new public sharing of AMIs in the configured Region\r\n}\r\n```"", ""REMEDIATION_CODE_CLI"": ""aws ec2 enable-image-block-public-access --image-block-public-access-state block-new-sharing"", ""REMEDIATION_CODE_OTHER"": ""1. In the AWS console, select the target Region in the top-right.\r\n2. Go to EC2 > AMIs.\r\n3. In the AMIs page, choose Block public access for AMIs (or EC2 Dashboard > Account attributes > Data protection and security).\r\n4. Choose Manage and enable Block public access.\r\n5. Save changes."", ""COMPLIANCE"": NaN, ""CATEGORIES"": ""internet-exposed"", ""DEPENDS_ON"": NaN, ""RELATED_TO"": NaN, ""NOTES"": NaN, ""PROWLER_VERSION"": ""5.42.0"", ""ADDITIONAL_URLS"": ""https://docs.aws.amazon.com/AWSEC2/latest/UserGuide/sharingamis-intro.html | https://docs.aws.amazon.com/AWSEC2/latest/UserGuide/image-block-public-access.html"", ""ACCOUNT_OU_UID"": NaN, ""ACCOUNT_OU_NAME"": NaN}"
Prowler,prowler-aws-ec2_ami_account_block_public_access-012092091624-ap-south-1-012092091624,arn:aws:ec2:ap-south-1:012092091624:account,012092091624,aws_d5efb189016fdd03,Cloud/IAM Configuration,AMI block public access is enabled at the account level,medium,PASS,"AMI block public access configuration is assessed to see whether public sharing of AMIs is blocked in the account and Region. When enabled (`block-new-sharing`), no AMI in the Region can be made public regardless of individual image permissions.",,,,,effective,ap-south-1,2026-09-16 18:14:43.448493,"Enable AMI block public access (`block-new-sharing`) in every active Region. Apply guardrails (SCPs) to prevent it from being disabled, and review any AMIs that are currently shared publicly.","{""AUTH_METHOD"": ""profile: None"", ""TIMESTAMP"": ""2026-09-16 18:14:43.448493"", ""ACCOUNT_UID"": 12092091624, ""ACCOUNT_NAME"": NaN, ""ACCOUNT_EMAIL"": NaN, ""ACCOUNT_ORGANIZATION_UID"": NaN, ""ACCOUNT_ORGANIZATION_NAME"": NaN, ""ACCOUNT_TAGS"": NaN, ""FINDING_UID"": ""prowler-aws-ec2_ami_account_block_public_access-012092091624-ap-south-1-012092091624"", ""PROVIDER"": ""aws"", ""CHECK_ID"": ""ec2_ami_account_block_public_access"", ""CHECK_TITLE"": ""AMI block public access is enabled at the account level"", ""CHECK_TYPE"": ""Software and Configuration Checks/AWS Security Best Practices | Effects/Data Exposure"", ""STATUS"": ""PASS"", ""STATUS_EXTENDED"": ""AMI Block Public Access is enabled in ap-south-1."", ""MUTED"": false, ""SERVICE_NAME"": ""ec2"", ""SUBSERVICE_NAME"": NaN, ""SEVERITY"": ""medium"", ""RESOURCE_TYPE"": ""Other"", ""RESOURCE_UID"": ""arn:aws:ec2:ap-south-1:012092091624:account"", ""RESOURCE_NAME"": ""012092091624"", ""RESOURCE_DETAILS"": NaN, ""RESOURCE_TAGS"": NaN, ""PARTITION"": ""aws"", ""REGION"": ""ap-south-1"", ""DESCRIPTION"": ""AMI block public access configuration is assessed to see whether public sharing of AMIs is blocked in the account and Region. When enabled (`block-new-sharing`), no AMI in the Region can be made public regardless of individual image permissions."", ""RISK"": ""Without blocking public access, AMIs could be accidentally or maliciously shared publicly, exposing baked-in secrets, source code, and infrastructure details to unauthorized actors."", ""RELATED_URL"": NaN, ""REMEDIATION_RECOMMENDATION_TEXT"": ""Enable AMI block public access (`block-new-sharing`) in every active Region. Apply guardrails (SCPs) to prevent it from being disabled, and review any AMIs that are currently shared publicly."", ""REMEDIATION_RECOMMENDATION_URL"": ""https://hub.prowler.com/check/ec2_ami_account_block_public_access"", ""REMEDIATION_CODE_NATIVEIAC"": NaN, ""REMEDIATION_CODE_TERRAFORM"": ""```hcl\r\nresource \""aws_ec2_image_block_public_access\"" \""<example_resource_name>\"" {\r\n  state = \""block-new-sharing\"" # Blocks new public sharing of AMIs in the configured Region\r\n}\r\n```"", ""REMEDIATION_CODE_CLI"": ""aws ec2 enable-image-block-public-access --image-block-public-access-state block-new-sharing"", ""REMEDIATION_CODE_OTHER"": ""1. In the AWS console, select the target Region in the top-right.\r\n2. Go to EC2 > AMIs.\r\n3. In the AMIs page, choose Block public access for AMIs (or EC2 Dashboard > Account attributes > Data protection and security).\r\n4. Choose Manage and enable Block public access.\r\n5. Save changes."", ""COMPLIANCE"": NaN, ""CATEGORIES"": ""internet-exposed"", ""DEPENDS_ON"": NaN, ""RELATED_TO"": NaN, ""NOTES"": NaN, ""PROWLER_VERSION"": ""5.42.0"", ""ADDITIONAL_URLS"": ""https://docs.aws.amazon.com/AWSEC2/latest/UserGuide/sharingamis-intro.html | https://docs.aws.amazon.com/AWSEC2/latest/UserGuide/image-block-public-access.html"", ""ACCOUNT_OU_UID"": NaN, ""ACCOUNT_OU_NAME"": NaN}"
Prowler,prowler-aws-ec2_ami_account_block_public_access-012092091624-ap-southeast-1-012092091624,arn:aws:ec2:ap-south-1:012092091624:account,012092091624,aws_d5efb189016fdd03,Cloud/IAM Configuration,AMI block public access is enabled at the account level,medium,PASS,"AMI block public access configuration is assessed to see whether public sharing of AMIs is blocked in the account and Region. When enabled (`block-new-sharing`), no AMI in the Region can be made public regardless of individual image permissions.",,,,,effective,ap-southeast-1,2026-09-16 18:14:43.448493,"Enable AMI block public access (`block-new-sharing`) in every active Region. Apply guardrails (SCPs) to prevent it from being disabled, and review any AMIs that are currently shared publicly.","{""AUTH_METHOD"": ""profile: None"", ""TIMESTAMP"": ""2026-09-16 18:14:43.448493"", ""ACCOUNT_UID"": 12092091624, ""ACCOUNT_NAME"": NaN, ""ACCOUNT_EMAIL"": NaN, ""ACCOUNT_ORGANIZATION_UID"": NaN, ""ACCOUNT_ORGANIZATION_NAME"": NaN, ""ACCOUNT_TAGS"": NaN, ""FINDING_UID"": ""prowler-aws-ec2_ami_account_block_public_access-012092091624-ap-southeast-1-012092091624"", ""PROVIDER"": ""aws"", ""CHECK_ID"": ""ec2_ami_account_block_public_access"", ""CHECK_TITLE"": ""AMI block public access is enabled at the account level"", ""CHECK_TYPE"": ""Software and Configuration Checks/AWS Security Best Practices | Effects/Data Exposure"", ""STATUS"": ""PASS"", ""STATUS_EXTENDED"": ""AMI Block Public Access is enabled in ap-southeast-1."", ""MUTED"": false, ""SERVICE_NAME"": ""ec2"", ""SUBSERVICE_NAME"": NaN, ""SEVERITY"": ""medium"", ""RESOURCE_TYPE"": ""Other"", ""RESOURCE_UID"": ""arn:aws:ec2:ap-south-1:012092091624:account"", ""RESOURCE_NAME"": ""012092091624"", ""RESOURCE_DETAILS"": NaN, ""RESOURCE_TAGS"": NaN, ""PARTITION"": ""aws"", ""REGION"": ""ap-southeast-1"", ""DESCRIPTION"": ""AMI block public access configuration is assessed to see whether public sharing of AMIs is blocked in the account and Region. When enabled (`block-new-sharing`), no AMI in the Region can be made public regardless of individual image permissions."", ""RISK"": ""Without blocking public access, AMIs could be accidentally or maliciously shared publicly, exposing baked-in secrets, source code, and infrastructure details to unauthorized actors."", ""RELATED_URL"": NaN, ""REMEDIATION_RECOMMENDATION_TEXT"": ""Enable AMI block public access (`block-new-sharing`) in every active Region. Apply guardrails (SCPs) to prevent it from being disabled, and review any AMIs that are currently shared publicly."", ""REMEDIATION_RECOMMENDATION_URL"": ""https://hub.prowler.com/check/ec2_ami_account_block_public_access"", ""REMEDIATION_CODE_NATIVEIAC"": NaN, ""REMEDIATION_CODE_TERRAFORM"": ""```hcl\r\nresource \""aws_ec2_image_block_public_access\"" \""<example_resource_name>\"" {\r\n  state = \""block-new-sharing\"" # Blocks new public sharing of AMIs in the configured Region\r\n}\r\n```"", ""REMEDIATION_CODE_CLI"": ""aws ec2 enable-image-block-public-access --image-block-public-access-state block-new-sharing"", ""REMEDIATION_CODE_OTHER"": ""1. In the AWS console, select the target Region in the top-right.\r\n2. Go to EC2 > AMIs.\r\n3. In the AMIs page, choose Block public access for AMIs (or EC2 Dashboard > Account attributes > Data protection and security).\r\n4. Choose Manage and enable Block public access.\r\n5. Save changes."", ""COMPLIANCE"": NaN, ""CATEGORIES"": ""internet-exposed"", ""DEPENDS_ON"": NaN, ""RELATED_TO"": NaN, ""NOTES"": NaN, ""PROWLER_VERSION"": ""5.42.0"", ""ADDITIONAL_URLS"": ""https://docs.aws.amazon.com/AWSEC2/latest/UserGuide/sharingamis-intro.html | https://docs.aws.amazon.com/AWSEC2/latest/UserGuide/image-block-public-access.html"", ""ACCOUNT_OU_UID"": NaN, ""ACCOUNT_OU_NAME"": NaN}"
Prowler,prowler-aws-ec2_ami_account_block_public_access-012092091624-ap-southeast-2-012092091624,arn:aws:ec2:ap-south-1:012092091624:account,012092091624,aws_d5efb189016fdd03,Cloud/IAM Configuration,AMI block public access is enabled at the account level,medium,PASS,"AMI block public access configuration is assessed to see whether public sharing of AMIs is blocked in the account and Region. When enabled (`block-new-sharing`), no AMI in the Region can be made public regardless of individual image permissions.",,,,,effective,ap-southeast-2,2026-09-16 18:14:43.448493,"Enable AMI block public access (`block-new-sharing`) in every active Region. Apply guardrails (SCPs) to prevent it from being disabled, and review any AMIs that are currently shared publicly.","{""AUTH_METHOD"": ""profile: None"", ""TIMESTAMP"": ""2026-09-16 18:14:43.448493"", ""ACCOUNT_UID"": 12092091624, ""ACCOUNT_NAME"": NaN, ""ACCOUNT_EMAIL"": NaN, ""ACCOUNT_ORGANIZATION_UID"": NaN, ""ACCOUNT_ORGANIZATION_NAME"": NaN, ""ACCOUNT_TAGS"": NaN, ""FINDING_UID"": ""prowler-aws-ec2_ami_account_block_public_access-012092091624-ap-southeast-2-012092091624"", ""PROVIDER"": ""aws"", ""CHECK_ID"": ""ec2_ami_account_block_public_access"", ""CHECK_TITLE"": ""AMI block public access is enabled at the account level"", ""CHECK_TYPE"": ""Software and Configuration Checks/AWS Security Best Practices | Effects/Data Exposure"", ""STATUS"": ""PASS"", ""STATUS_EXTENDED"": ""AMI Block Public Access is enabled in ap-southeast-2."", ""MUTED"": false, ""SERVICE_NAME"": ""ec2"", ""SUBSERVICE_NAME"": NaN, ""SEVERITY"": ""medium"", ""RESOURCE_TYPE"": ""Other"", ""RESOURCE_UID"": ""arn:aws:ec2:ap-south-1:012092091624:account"", ""RESOURCE_NAME"": ""012092091624"", ""RESOURCE_DETAILS"": NaN, ""RESOURCE_TAGS"": NaN, ""PARTITION"": ""aws"", ""REGION"": ""ap-southeast-2"", ""DESCRIPTION"": ""AMI block public access configuration is assessed to see whether public sharing of AMIs is blocked in the account and Region. When enabled (`block-new-sharing`), no AMI in the Region can be made public regardless of individual image permissions."", ""RISK"": ""Without blocking public access, AMIs could be accidentally or maliciously shared publicly, exposing baked-in secrets, source code, and infrastructure details to unauthorized actors."", ""RELATED_URL"": NaN, ""REMEDIATION_RECOMMENDATION_TEXT"": ""Enable AMI block public access (`block-new-sharing`) in every active Region. Apply guardrails (SCPs) to prevent it from being disabled, and review any AMIs that are currently shared publicly."", ""REMEDIATION_RECOMMENDATION_URL"": ""https://hub.prowler.com/check/ec2_ami_account_block_public_access"", ""REMEDIATION_CODE_NATIVEIAC"": NaN, ""REMEDIATION_CODE_TERRAFORM"": ""```hcl\r\nresource \""aws_ec2_image_block_public_access\"" \""<example_resource_name>\"" {\r\n  state = \""block-new-sharing\"" # Blocks new public sharing of AMIs in the configured Region\r\n}\r\n```"", ""REMEDIATION_CODE_CLI"": ""aws ec2 enable-image-block-public-access --image-block-public-access-state block-new-sharing"", ""REMEDIATION_CODE_OTHER"": ""1. In the AWS console, select the target Region in the top-right.\r\n2. Go to EC2 > AMIs.\r\n3. In the AMIs page, choose Block public access for AMIs (or EC2 Dashboard > Account attributes > Data protection and security).\r\n4. Choose Manage and enable Block public access.\r\n5. Save changes."", ""COMPLIANCE"": NaN, ""CATEGORIES"": ""internet-exposed"", ""DEPENDS_ON"": NaN, ""RELATED_TO"": NaN, ""NOTES"": NaN, ""PROWLER_VERSION"": ""5.42.0"", ""ADDITIONAL_URLS"": ""https://docs.aws.amazon.com/AWSEC2/latest/UserGuide/sharingamis-intro.html | https://docs.aws.amazon.com/AWSEC2/latest/UserGuide/image-block-public-access.html"", ""ACCOUNT_OU_UID"": NaN, ""ACCOUNT_OU_NAME"": NaN}"
Prowler,prowler-aws-ec2_ami_account_block_public_access-012092091624-ca-central-1-012092091624,arn:aws:ec2:ap-south-1:012092091624:account,012092091624,aws_d5efb189016fdd03,Cloud/IAM Configuration,AMI block public access is enabled at the account level,medium,PASS,"AMI block public access configuration is assessed to see whether public sharing of AMIs is blocked in the account and Region. When enabled (`block-new-sharing`), no AMI in the Region can be made public regardless of individual image permissions.",,,,,effective,ca-central-1,2026-09-16 18:14:43.448493,"Enable AMI block public access (`block-new-sharing`) in every active Region. Apply guardrails (SCPs) to prevent it from being disabled, and review any AMIs that are currently shared publicly.","{""AUTH_METHOD"": ""profile: None"", ""TIMESTAMP"": ""2026-09-16 18:14:43.448493"", ""ACCOUNT_UID"": 12092091624, ""ACCOUNT_NAME"": NaN, ""ACCOUNT_EMAIL"": NaN, ""ACCOUNT_ORGANIZATION_UID"": NaN, ""ACCOUNT_ORGANIZATION_NAME"": NaN, ""ACCOUNT_TAGS"": NaN, ""FINDING_UID"": ""prowler-aws-ec2_ami_account_block_public_access-012092091624-ca-central-1-012092091624"", ""PROVIDER"": ""aws"", ""CHECK_ID"": ""ec2_ami_account_block_public_access"", ""CHECK_TITLE"": ""AMI block public access is enabled at the account level"", ""CHECK_TYPE"": ""Software and Configuration Checks/AWS Security Best Practices | Effects/Data Exposure"", ""STATUS"": ""PASS"", ""STATUS_EXTENDED"": ""AMI Block Public Access is enabled in ca-central-1."", ""MUTED"": false, ""SERVICE_NAME"": ""ec2"", ""SUBSERVICE_NAME"": NaN, ""SEVERITY"": ""medium"", ""RESOURCE_TYPE"": ""Other"", ""RESOURCE_UID"": ""arn:aws:ec2:ap-south-1:012092091624:account"", ""RESOURCE_NAME"": ""012092091624"", ""RESOURCE_DETAILS"": NaN, ""RESOURCE_TAGS"": NaN, ""PARTITION"": ""aws"", ""REGION"": ""ca-central-1"", ""DESCRIPTION"": ""AMI block public access configuration is assessed to see whether public sharing of AMIs is blocked in the account and Region. When enabled (`block-new-sharing`), no AMI in the Region can be made public regardless of individual image permissions."", ""RISK"": ""Without blocking public access, AMIs could be accidentally or maliciously shared publicly, exposing baked-in secrets, source code, and infrastructure details to unauthorized actors."", ""RELATED_URL"": NaN, ""REMEDIATION_RECOMMENDATION_TEXT"": ""Enable AMI block public access (`block-new-sharing`) in every active Region. Apply guardrails (SCPs) to prevent it from being disabled, and review any AMIs that are currently shared publicly."", ""REMEDIATION_RECOMMENDATION_URL"": ""https://hub.prowler.com/check/ec2_ami_account_block_public_access"", ""REMEDIATION_CODE_NATIVEIAC"": NaN, ""REMEDIATION_CODE_TERRAFORM"": ""```hcl\r\nresource \""aws_ec2_image_block_public_access\"" \""<example_resource_name>\"" {\r\n  state = \""block-new-sharing\"" # Blocks new public sharing of AMIs in the configured Region\r\n}\r\n```"", ""REMEDIATION_CODE_CLI"": ""aws ec2 enable-image-block-public-access --image-block-public-access-state block-new-sharing"", ""REMEDIATION_CODE_OTHER"": ""1. In the AWS console, select the target Region in the top-right.\r\n2. Go to EC2 > AMIs.\r\n3. In the AMIs page, choose Block public access for AMIs (or EC2 Dashboard > Account attributes > Data protection and security).\r\n4. Choose Manage and enable Block public access.\r\n5. Save changes."", ""COMPLIANCE"": NaN, ""CATEGORIES"": ""internet-exposed"", ""DEPENDS_ON"": NaN, ""RELATED_TO"": NaN, ""NOTES"": NaN, ""PROWLER_VERSION"": ""5.42.0"", ""ADDITIONAL_URLS"": ""https://docs.aws.amazon.com/AWSEC2/latest/UserGuide/sharingamis-intro.html | https://docs.aws.amazon.com/AWSEC2/latest/UserGuide/image-block-public-access.html"", ""ACCOUNT_OU_UID"": NaN, ""ACCOUNT_OU_NAME"": NaN}"
Prowler,prowler-aws-ec2_ami_account_block_public_access-012092091624-eu-central-1-012092091624,arn:aws:ec2:ap-south-1:012092091624:account,012092091624,aws_d5efb189016fdd03,Cloud/IAM Configuration,AMI block public access is enabled at the account level,medium,PASS,"AMI block public access configuration is assessed to see whether public sharing of AMIs is blocked in the account and Region. When enabled (`block-new-sharing`), no AMI in the Region can be made public regardless of individual image permissions.",,,,,effective,eu-central-1,2026-09-16 18:14:43.448493,"Enable AMI block public access (`block-new-sharing`) in every active Region. Apply guardrails (SCPs) to prevent it from being disabled, and review any AMIs that are currently shared publicly.","{""AUTH_METHOD"": ""profile: None"", ""TIMESTAMP"": ""2026-09-16 18:14:43.448493"", ""ACCOUNT_UID"": 12092091624, ""ACCOUNT_NAME"": NaN, ""ACCOUNT_EMAIL"": NaN, ""ACCOUNT_ORGANIZATION_UID"": NaN, ""ACCOUNT_ORGANIZATION_NAME"": NaN, ""ACCOUNT_TAGS"": NaN, ""FINDING_UID"": ""prowler-aws-ec2_ami_account_block_public_access-012092091624-eu-central-1-012092091624"", ""PROVIDER"": ""aws"", ""CHECK_ID"": ""ec2_ami_account_block_public_access"", ""CHECK_TITLE"": ""AMI block public access is enabled at the account level"", ""CHECK_TYPE"": ""Software and Configuration Checks/AWS Security Best Practices | Effects/Data Exposure"", ""STATUS"": ""PASS"", ""STATUS_EXTENDED"": ""AMI Block Public Access is enabled in eu-central-1."", ""MUTED"": false, ""SERVICE_NAME"": ""ec2"", ""SUBSERVICE_NAME"": NaN, ""SEVERITY"": ""medium"", ""RESOURCE_TYPE"": ""Other"", ""RESOURCE_UID"": ""arn:aws:ec2:ap-south-1:012092091624:account"", ""RESOURCE_NAME"": ""012092091624"", ""RESOURCE_DETAILS"": NaN, ""RESOURCE_TAGS"": NaN, ""PARTITION"": ""aws"", ""REGION"": ""eu-central-1"", ""DESCRIPTION"": ""AMI block public access configuration is assessed to see whether public sharing of AMIs is blocked in the account and Region. When enabled (`block-new-sharing`), no AMI in the Region can be made public regardless of individual image permissions."", ""RISK"": ""Without blocking public access, AMIs could be accidentally or maliciously shared publicly, exposing baked-in secrets, source code, and infrastructure details to unauthorized actors."", ""RELATED_URL"": NaN, ""REMEDIATION_RECOMMENDATION_TEXT"": ""Enable AMI block public access (`block-new-sharing`) in every active Region. Apply guardrails (SCPs) to prevent it from being disabled, and review any AMIs that are currently shared publicly."", ""REMEDIATION_RECOMMENDATION_URL"": ""https://hub.prowler.com/check/ec2_ami_account_block_public_access"", ""REMEDIATION_CODE_NATIVEIAC"": NaN, ""REMEDIATION_CODE_TERRAFORM"": ""```hcl\r\nresource \""aws_ec2_image_block_public_access\"" \""<example_resource_name>\"" {\r\n  state = \""block-new-sharing\"" # Blocks new public sharing of AMIs in the configured Region\r\n}\r\n```"", ""REMEDIATION_CODE_CLI"": ""aws ec2 enable-image-block-public-access --image-block-public-access-state block-new-sharing"", ""REMEDIATION_CODE_OTHER"": ""1. In the AWS console, select the target Region in the top-right.\r\n2. Go to EC2 > AMIs.\r\n3. In the AMIs page, choose Block public access for AMIs (or EC2 Dashboard > Account attributes > Data protection and security).\r\n4. Choose Manage and enable Block public access.\r\n5. Save changes."", ""COMPLIANCE"": NaN, ""CATEGORIES"": ""internet-exposed"", ""DEPENDS_ON"": NaN, ""RELATED_TO"": NaN, ""NOTES"": NaN, ""PROWLER_VERSION"": ""5.42.0"", ""ADDITIONAL_URLS"": ""https://docs.aws.amazon.com/AWSEC2/latest/UserGuide/sharingamis-intro.html | https://docs.aws.amazon.com/AWSEC2/latest/UserGuide/image-block-public-access.html"", ""ACCOUNT_OU_UID"": NaN, ""ACCOUNT_OU_NAME"": NaN}"
Prowler,prowler-aws-ec2_ami_account_block_public_access-012092091624-eu-north-1-012092091624,arn:aws:ec2:ap-south-1:012092091624:account,012092091624,aws_d5efb189016fdd03,Cloud/IAM Configuration,AMI block public access is enabled at the account level,medium,PASS,"AMI block public access configuration is assessed to see whether public sharing of AMIs is blocked in the account and Region. When enabled (`block-new-sharing`), no AMI in the Region can be made public regardless of individual image permissions.",,,,,effective,eu-north-1,2026-09-16 18:14:43.448493,"Enable AMI block public access (`block-new-sharing`) in every active Region. Apply guardrails (SCPs) to prevent it from being disabled, and review any AMIs that are currently shared publicly.","{""AUTH_METHOD"": ""profile: None"", ""TIMESTAMP"": ""2026-09-16 18:14:43.448493"", ""ACCOUNT_UID"": 12092091624, ""ACCOUNT_NAME"": NaN, ""ACCOUNT_EMAIL"": NaN, ""ACCOUNT_ORGANIZATION_UID"": NaN, ""ACCOUNT_ORGANIZATION_NAME"": NaN, ""ACCOUNT_TAGS"": NaN, ""FINDING_UID"": ""prowler-aws-ec2_ami_account_block_public_access-012092091624-eu-north-1-012092091624"", ""PROVIDER"": ""aws"", ""CHECK_ID"": ""ec2_ami_account_block_public_access"", ""CHECK_TITLE"": ""AMI block public access is enabled at the account level"", ""CHECK_TYPE"": ""Software and Configuration Checks/AWS Security Best Practices | Effects/Data Exposure"", ""STATUS"": ""PASS"", ""STATUS_EXTENDED"": ""AMI Block Public Access is enabled in eu-north-1."", ""MUTED"": false, ""SERVICE_NAME"": ""ec2"", ""SUBSERVICE_NAME"": NaN, ""SEVERITY"": ""medium"", ""RESOURCE_TYPE"": ""Other"", ""RESOURCE_UID"": ""arn:aws:ec2:ap-south-1:012092091624:account"", ""RESOURCE_NAME"": ""012092091624"", ""RESOURCE_DETAILS"": NaN, ""RESOURCE_TAGS"": NaN, ""PARTITION"": ""aws"", ""REGION"": ""eu-north-1"", ""DESCRIPTION"": ""AMI block public access configuration is assessed to see whether public sharing of AMIs is blocked in the account and Region. When enabled (`block-new-sharing`), no AMI in the Region can be made public regardless of individual image permissions."", ""RISK"": ""Without blocking public access, AMIs could be accidentally or maliciously shared publicly, exposing baked-in secrets, source code, and infrastructure details to unauthorized actors."", ""RELATED_URL"": NaN, ""REMEDIATION_RECOMMENDATION_TEXT"": ""Enable AMI block public access (`block-new-sharing`) in every active Region. Apply guardrails (SCPs) to prevent it from being disabled, and review any AMIs that are currently shared publicly."", ""REMEDIATION_RECOMMENDATION_URL"": ""https://hub.prowler.com/check/ec2_ami_account_block_public_access"", ""REMEDIATION_CODE_NATIVEIAC"": NaN, ""REMEDIATION_CODE_TERRAFORM"": ""```hcl\r\nresource \""aws_ec2_image_block_public_access\"" \""<example_resource_name>\"" {\r\n  state = \""block-new-sharing\"" # Blocks new public sharing of AMIs in the configured Region\r\n}\r\n```"", ""REMEDIATION_CODE_CLI"": ""aws ec2 enable-image-block-public-access --image-block-public-access-state block-new-sharing"", ""REMEDIATION_CODE_OTHER"": ""1. In the AWS console, select the target Region in the top-right.\r\n2. Go to EC2 > AMIs.\r\n3. In the AMIs page, choose Block public access for AMIs (or EC2 Dashboard > Account attributes > Data protection and security).\r\n4. Choose Manage and enable Block public access.\r\n5. Save changes."", ""COMPLIANCE"": NaN, ""CATEGORIES"": ""internet-exposed"", ""DEPENDS_ON"": NaN, ""RELATED_TO"": NaN, ""NOTES"": NaN, ""PROWLER_VERSION"": ""5.42.0"", ""ADDITIONAL_URLS"": ""https://docs.aws.amazon.com/AWSEC2/latest/UserGuide/sharingamis-intro.html | https://docs.aws.amazon.com/AWSEC2/latest/UserGuide/image-block-public-access.html"", ""ACCOUNT_OU_UID"": NaN, ""ACCOUNT_OU_NAME"": NaN}"
Prowler,prowler-aws-ec2_ami_account_block_public_access-012092091624-eu-west-1-012092091624,arn:aws:ec2:ap-south-1:012092091624:account,012092091624,aws_d5efb189016fdd03,Cloud/IAM Configuration,AMI block public access is enabled at the account level,medium,PASS,"AMI block public access configuration is assessed to see whether public sharing of AMIs is blocked in the account and Region. When enabled (`block-new-sharing`), no AMI in the Region can be made public regardless of individual image permissions.",,,,,effective,eu-west-1,2026-09-16 18:14:43.448493,"Enable AMI block public access (`block-new-sharing`) in every active Region. Apply guardrails (SCPs) to prevent it from being disabled, and review any AMIs that are currently shared publicly.","{""AUTH_METHOD"": ""profile: None"", ""TIMESTAMP"": ""2026-09-16 18:14:43.448493"", ""ACCOUNT_UID"": 12092091624, ""ACCOUNT_NAME"": NaN, ""ACCOUNT_EMAIL"": NaN, ""ACCOUNT_ORGANIZATION_UID"": NaN, ""ACCOUNT_ORGANIZATION_NAME"": NaN, ""ACCOUNT_TAGS"": NaN, ""FINDING_UID"": ""prowler-aws-ec2_ami_account_block_public_access-012092091624-eu-west-1-012092091624"", ""PROVIDER"": ""aws"", ""CHECK_ID"": ""ec2_ami_account_block_public_access"", ""CHECK_TITLE"": ""AMI block public access is enabled at the account level"", ""CHECK_TYPE"": ""Software and Configuration Checks/AWS Security Best Practices | Effects/Data Exposure"", ""STATUS"": ""PASS"", ""STATUS_EXTENDED"": ""AMI Block Public Access is enabled in eu-west-1."", ""MUTED"": false, ""SERVICE_NAME"": ""ec2"", ""SUBSERVICE_NAME"": NaN, ""SEVERITY"": ""medium"", ""RESOURCE_TYPE"": ""Other"", ""RESOURCE_UID"": ""arn:aws:ec2:ap-south-1:012092091624:account"", ""RESOURCE_NAME"": ""012092091624"", ""RESOURCE_DETAILS"": NaN, ""RESOURCE_TAGS"": NaN, ""PARTITION"": ""aws"", ""REGION"": ""eu-west-1"", ""DESCRIPTION"": ""AMI block public access configuration is assessed to see whether public sharing of AMIs is blocked in the account and Region. When enabled (`block-new-sharing`), no AMI in the Region can be made public regardless of individual image permissions."", ""RISK"": ""Without blocking public access, AMIs could be accidentally or maliciously shared publicly, exposing baked-in secrets, source code, and infrastructure details to unauthorized actors."", ""RELATED_URL"": NaN, ""REMEDIATION_RECOMMENDATION_TEXT"": ""Enable AMI block public access (`block-new-sharing`) in every active Region. Apply guardrails (SCPs) to prevent it from being disabled, and review any AMIs that are currently shared publicly."", ""REMEDIATION_RECOMMENDATION_URL"": ""https://hub.prowler.com/check/ec2_ami_account_block_public_access"", ""REMEDIATION_CODE_NATIVEIAC"": NaN, ""REMEDIATION_CODE_TERRAFORM"": ""```hcl\r\nresource \""aws_ec2_image_block_public_access\"" \""<example_resource_name>\"" {\r\n  state = \""block-new-sharing\"" # Blocks new public sharing of AMIs in the configured Region\r\n}\r\n```"", ""REMEDIATION_CODE_CLI"": ""aws ec2 enable-image-block-public-access --image-block-public-access-state block-new-sharing"", ""REMEDIATION_CODE_OTHER"": ""1. In the AWS console, select the target Region in the top-right.\r\n2. Go to EC2 > AMIs.\r\n3. In the AMIs page, choose Block public access for AMIs (or EC2 Dashboard > Account attributes > Data protection and security).\r\n4. Choose Manage and enable Block public access.\r\n5. Save changes."", ""COMPLIANCE"": NaN, ""CATEGORIES"": ""internet-exposed"", ""DEPENDS_ON"": NaN, ""RELATED_TO"": NaN, ""NOTES"": NaN, ""PROWLER_VERSION"": ""5.42.0"", ""ADDITIONAL_URLS"": ""https://docs.aws.amazon.com/AWSEC2/latest/UserGuide/sharingamis-intro.html | https://docs.aws.amazon.com/AWSEC2/latest/UserGuide/image-block-public-access.html"", ""ACCOUNT_OU_UID"": NaN, ""ACCOUNT_OU_NAME"": NaN}"
Prowler,prowler-aws-ec2_ami_account_block_public_access-012092091624-eu-west-2-012092091624,arn:aws:ec2:ap-south-1:012092091624:account,012092091624,aws_d5efb189016fdd03,Cloud/IAM Configuration,AMI block public access is enabled at the account level,medium,PASS,"AMI block public access configuration is assessed to see whether public sharing of AMIs is blocked in the account and Region. When enabled (`block-new-sharing`), no AMI in the Region can be made public regardless of individual image permissions.",,,,,effective,eu-west-2,2026-09-16 18:14:43.448493,"Enable AMI block public access (`block-new-sharing`) in every active Region. Apply guardrails (SCPs) to prevent it from being disabled, and review any AMIs that are currently shared publicly.","{""AUTH_METHOD"": ""profile: None"", ""TIMESTAMP"": ""2026-09-16 18:14:43.448493"", ""ACCOUNT_UID"": 12092091624, ""ACCOUNT_NAME"": NaN, ""ACCOUNT_EMAIL"": NaN, ""ACCOUNT_ORGANIZATION_UID"": NaN, ""ACCOUNT_ORGANIZATION_NAME"": NaN, ""ACCOUNT_TAGS"": NaN, ""FINDING_UID"": ""prowler-aws-ec2_ami_account_block_public_access-012092091624-eu-west-2-012092091624"", ""PROVIDER"": ""aws"", ""CHECK_ID"": ""ec2_ami_account_block_public_access"", ""CHECK_TITLE"": ""AMI block public access is enabled at the account level"", ""CHECK_TYPE"": ""Software and Configuration Checks/AWS Security Best Practices | Effects/Data Exposure"", ""STATUS"": ""PASS"", ""STATUS_EXTENDED"": ""AMI Block Public Access is enabled in eu-west-2."", ""MUTED"": false, ""SERVICE_NAME"": ""ec2"", ""SUBSERVICE_NAME"": NaN, ""SEVERITY"": ""medium"", ""RESOURCE_TYPE"": ""Other"", ""RESOURCE_UID"": ""arn:aws:ec2:ap-south-1:012092091624:account"", ""RESOURCE_NAME"": ""012092091624"", ""RESOURCE_DETAILS"": NaN, ""RESOURCE_TAGS"": NaN, ""PARTITION"": ""aws"", ""REGION"": ""eu-west-2"", ""DESCRIPTION"": ""AMI block public access configuration is assessed to see whether public sharing of AMIs is blocked in the account and Region. When enabled (`block-new-sharing`), no AMI in the Region can be made public regardless of individual image permissions."", ""RISK"": ""Without blocking public access, AMIs could be accidentally or maliciously shared publicly, exposing baked-in secrets, source code, and infrastructure details to unauthorized actors."", ""RELATED_URL"": NaN, ""REMEDIATION_RECOMMENDATION_TEXT"": ""Enable AMI block public access (`block-new-sharing`) in every active Region. Apply guardrails (SCPs) to prevent it from being disabled, and review any AMIs that are currently shared publicly."", ""REMEDIATION_RECOMMENDATION_URL"": ""https://hub.prowler.com/check/ec2_ami_account_block_public_access"", ""REMEDIATION_CODE_NATIVEIAC"": NaN, ""REMEDIATION_CODE_TERRAFORM"": ""```hcl\r\nresource \""aws_ec2_image_block_public_access\"" \""<example_resource_name>\"" {\r\n  state = \""block-new-sharing\"" # Blocks new public sharing of AMIs in the configured Region\r\n}\r\n```"", ""REMEDIATION_CODE_CLI"": ""aws ec2 enable-image-block-public-access --image-block-public-access-state block-new-sharing"", ""REMEDIATION_CODE_OTHER"": ""1. In the AWS console, select the target Region in the top-right.\r\n2. Go to EC2 > AMIs.\r\n3. In the AMIs page, choose Block public access for AMIs (or EC2 Dashboard > Account attributes > Data protection and security).\r\n4. Choose Manage and enable Block public access.\r\n5. Save changes."", ""COMPLIANCE"": NaN, ""CATEGORIES"": ""internet-exposed"", ""DEPENDS_ON"": NaN, ""RELATED_TO"": NaN, ""NOTES"": NaN, ""PROWLER_VERSION"": ""5.42.0"", ""ADDITIONAL_URLS"": ""https://docs.aws.amazon.com/AWSEC2/latest/UserGuide/sharingamis-intro.html | https://docs.aws.amazon.com/AWSEC2/latest/UserGuide/image-block-public-access.html"", ""ACCOUNT_OU_UID"": NaN, ""ACCOUNT_OU_NAME"": NaN}"
Prowler,prowler-aws-ec2_ami_account_block_public_access-012092091624-eu-west-3-012092091624,arn:aws:ec2:ap-south-1:012092091624:account,012092091624,aws_d5efb189016fdd03,Cloud/IAM Configuration,AMI block public access is enabled at the account level,medium,PASS,"AMI block public access configuration is assessed to see whether public sharing of AMIs is blocked in the account and Region. When enabled (`block-new-sharing`), no AMI in the Region can be made public regardless of individual image permissions.",,,,,effective,eu-west-3,2026-09-16 18:14:43.448493,"Enable AMI block public access (`block-new-sharing`) in every active Region. Apply guardrails (SCPs) to prevent it from being disabled, and review any AMIs that are currently shared publicly.","{""AUTH_METHOD"": ""profile: None"", ""TIMESTAMP"": ""2026-09-16 18:14:43.448493"", ""ACCOUNT_UID"": 12092091624, ""ACCOUNT_NAME"": NaN, ""ACCOUNT_EMAIL"": NaN, ""ACCOUNT_ORGANIZATION_UID"": NaN, ""ACCOUNT_ORGANIZATION_NAME"": NaN, ""ACCOUNT_TAGS"": NaN, ""FINDING_UID"": ""prowler-aws-ec2_ami_account_block_public_access-012092091624-eu-west-3-012092091624"", ""PROVIDER"": ""aws"", ""CHECK_ID"": ""ec2_ami_account_block_public_access"", ""CHECK_TITLE"": ""AMI block public access is enabled at the account level"", ""CHECK_TYPE"": ""Software and Configuration Checks/AWS Security Best Practices | Effects/Data Exposure"", ""STATUS"": ""PASS"", ""STATUS_EXTENDED"": ""AMI Block Public Access is enabled in eu-west-3."", ""MUTED"": false, ""SERVICE_NAME"": ""ec2"", ""SUBSERVICE_NAME"": NaN, ""SEVERITY"": ""medium"", ""RESOURCE_TYPE"": ""Other"", ""RESOURCE_UID"": ""arn:aws:ec2:ap-south-1:012092091624:account"", ""RESOURCE_NAME"": ""012092091624"", ""RESOURCE_DETAILS"": NaN, ""RESOURCE_TAGS"": NaN, ""PARTITION"": ""aws"", ""REGION"": ""eu-west-3"", ""DESCRIPTION"": ""AMI block public access configuration is assessed to see whether public sharing of AMIs is blocked in the account and Region. When enabled (`block-new-sharing`), no AMI in the Region can be made public regardless of individual image permissions."", ""RISK"": ""Without blocking public access, AMIs could be accidentally or maliciously shared publicly, exposing baked-in secrets, source code, and infrastructure details to unauthorized actors."", ""RELATED_URL"": NaN, ""REMEDIATION_RECOMMENDATION_TEXT"": ""Enable AMI block public access (`block-new-sharing`) in every active Region. Apply guardrails (SCPs) to prevent it from being disabled, and review any AMIs that are currently shared publicly."", ""REMEDIATION_RECOMMENDATION_URL"": ""https://hub.prowler.com/check/ec2_ami_account_block_public_access"", ""REMEDIATION_CODE_NATIVEIAC"": NaN, ""REMEDIATION_CODE_TERRAFORM"": ""```hcl\r\nresource \""aws_ec2_image_block_public_access\"" \""<example_resource_name>\"" {\r\n  state = \""block-new-sharing\"" # Blocks new public sharing of AMIs in the configured Region\r\n}\r\n```"", ""REMEDIATION_CODE_CLI"": ""aws ec2 enable-image-block-public-access --image-block-public-access-state block-new-sharing"", ""REMEDIATION_CODE_OTHER"": ""1. In the AWS console, select the target Region in the top-right.\r\n2. Go to EC2 > AMIs.\r\n3. In the AMIs page, choose Block public access for AMIs (or EC2 Dashboard > Account attributes > Data protection and security).\r\n4. Choose Manage and enable Block public access.\r\n5. Save changes."", ""COMPLIANCE"": NaN, ""CATEGORIES"": ""internet-exposed"", ""DEPENDS_ON"": NaN, ""RELATED_TO"": NaN, ""NOTES"": NaN, ""PROWLER_VERSION"": ""5.42.0"", ""ADDITIONAL_URLS"": ""https://docs.aws.amazon.com/AWSEC2/latest/UserGuide/sharingamis-intro.html | https://docs.aws.amazon.com/AWSEC2/latest/UserGuide/image-block-public-access.html"", ""ACCOUNT_OU_UID"": NaN, ""ACCOUNT_OU_NAME"": NaN}"
Prowler,prowler-aws-ec2_ami_account_block_public_access-012092091624-sa-east-1-012092091624,arn:aws:ec2:ap-south-1:012092091624:account,012092091624,aws_d5efb189016fdd03,Cloud/IAM Configuration,AMI block public access is enabled at the account level,medium,PASS,"AMI block public access configuration is assessed to see whether public sharing of AMIs is blocked in the account and Region. When enabled (`block-new-sharing`), no AMI in the Region can be made public regardless of individual image permissions.",,,,,effective,sa-east-1,2026-09-16 18:14:43.448493,"Enable AMI block public access (`block-new-sharing`) in every active Region. Apply guardrails (SCPs) to prevent it from being disabled, and review any AMIs that are currently shared publicly.","{""AUTH_METHOD"": ""profile: None"", ""TIMESTAMP"": ""2026-09-16 18:14:43.448493"", ""ACCOUNT_UID"": 12092091624, ""ACCOUNT_NAME"": NaN, ""ACCOUNT_EMAIL"": NaN, ""ACCOUNT_ORGANIZATION_UID"": NaN, ""ACCOUNT_ORGANIZATION_NAME"": NaN, ""ACCOUNT_TAGS"": NaN, ""FINDING_UID"": ""prowler-aws-ec2_ami_account_block_public_access-012092091624-sa-east-1-012092091624"", ""PROVIDER"": ""aws"", ""CHECK_ID"": ""ec2_ami_account_block_public_access"", ""CHECK_TITLE"": ""AMI block public access is enabled at the account level"", ""CHECK_TYPE"": ""Software and Configuration Checks/AWS Security Best Practices | Effects/Data Exposure"", ""STATUS"": ""PASS"", ""STATUS_EXTENDED"": ""AMI Block Public Access is enabled in sa-east-1."", ""MUTED"": false, ""SERVICE_NAME"": ""ec2"", ""SUBSERVICE_NAME"": NaN, ""SEVERITY"": ""medium"", ""RESOURCE_TYPE"": ""Other"", ""RESOURCE_UID"": ""arn:aws:ec2:ap-south-1:012092091624:account"", ""RESOURCE_NAME"": ""012092091624"", ""RESOURCE_DETAILS"": NaN, ""RESOURCE_TAGS"": NaN, ""PARTITION"": ""aws"", ""REGION"": ""sa-east-1"", ""DESCRIPTION"": ""AMI block public access configuration is assessed to see whether public sharing of AMIs is blocked in the account and Region. When enabled (`block-new-sharing`), no AMI in the Region can be made public regardless of individual image permissions."", ""RISK"": ""Without blocking public access, AMIs could be accidentally or maliciously shared publicly, exposing baked-in secrets, source code, and infrastructure details to unauthorized actors."", ""RELATED_URL"": NaN, ""REMEDIATION_RECOMMENDATION_TEXT"": ""Enable AMI block public access (`block-new-sharing`) in every active Region. Apply guardrails (SCPs) to prevent it from being disabled, and review any AMIs that are currently shared publicly."", ""REMEDIATION_RECOMMENDATION_URL"": ""https://hub.prowler.com/check/ec2_ami_account_block_public_access"", ""REMEDIATION_CODE_NATIVEIAC"": NaN, ""REMEDIATION_CODE_TERRAFORM"": ""```hcl\r\nresource \""aws_ec2_image_block_public_access\"" \""<example_resource_name>\"" {\r\n  state = \""block-new-sharing\"" # Blocks new public sharing of AMIs in the configured Region\r\n}\r\n```"", ""REMEDIATION_CODE_CLI"": ""aws ec2 enable-image-block-public-access --image-block-public-access-state block-new-sharing"", ""REMEDIATION_CODE_OTHER"": ""1. In the AWS console, select the target Region in the top-right.\r\n2. Go to EC2 > AMIs.\r\n3. In the AMIs page, choose Block public access for AMIs (or EC2 Dashboard > Account attributes > Data protection and security).\r\n4. Choose Manage and enable Block public access.\r\n5. Save changes."", ""COMPLIANCE"": NaN, ""CATEGORIES"": ""internet-exposed"", ""DEPENDS_ON"": NaN, ""RELATED_TO"": NaN, ""NOTES"": NaN, ""PROWLER_VERSION"": ""5.42.0"", ""ADDITIONAL_URLS"": ""https://docs.aws.amazon.com/AWSEC2/latest/UserGuide/sharingamis-intro.html | https://docs.aws.amazon.com/AWSEC2/latest/UserGuide/image-block-public-access.html"", ""ACCOUNT_OU_UID"": NaN, ""ACCOUNT_OU_NAME"": NaN}"
Prowler,prowler-aws-ec2_ami_account_block_public_access-012092091624-us-east-1-012092091624,arn:aws:ec2:ap-south-1:012092091624:account,012092091624,aws_d5efb189016fdd03,Cloud/IAM Configuration,AMI block public access is enabled at the account level,medium,PASS,"AMI block public access configuration is assessed to see whether public sharing of AMIs is blocked in the account and Region. When enabled (`block-new-sharing`), no AMI in the Region can be made public regardless of individual image permissions.",,,,,effective,us-east-1,2026-09-16 18:14:43.448493,"Enable AMI block public access (`block-new-sharing`) in every active Region. Apply guardrails (SCPs) to prevent it from being disabled, and review any AMIs that are currently shared publicly.","{""AUTH_METHOD"": ""profile: None"", ""TIMESTAMP"": ""2026-09-16 18:14:43.448493"", ""ACCOUNT_UID"": 12092091624, ""ACCOUNT_NAME"": NaN, ""ACCOUNT_EMAIL"": NaN, ""ACCOUNT_ORGANIZATION_UID"": NaN, ""ACCOUNT_ORGANIZATION_NAME"": NaN, ""ACCOUNT_TAGS"": NaN, ""FINDING_UID"": ""prowler-aws-ec2_ami_account_block_public_access-012092091624-us-east-1-012092091624"", ""PROVIDER"": ""aws"", ""CHECK_ID"": ""ec2_ami_account_block_public_access"", ""CHECK_TITLE"": ""AMI block public access is enabled at the account level"", ""CHECK_TYPE"": ""Software and Configuration Checks/AWS Security Best Practices | Effects/Data Exposure"", ""STATUS"": ""PASS"", ""STATUS_EXTENDED"": ""AMI Block Public Access is enabled in us-east-1."", ""MUTED"": false, ""SERVICE_NAME"": ""ec2"", ""SUBSERVICE_NAME"": NaN, ""SEVERITY"": ""medium"", ""RESOURCE_TYPE"": ""Other"", ""RESOURCE_UID"": ""arn:aws:ec2:ap-south-1:012092091624:account"", ""RESOURCE_NAME"": ""012092091624"", ""RESOURCE_DETAILS"": NaN, ""RESOURCE_TAGS"": NaN, ""PARTITION"": ""aws"", ""REGION"": ""us-east-1"", ""DESCRIPTION"": ""AMI block public access configuration is assessed to see whether public sharing of AMIs is blocked in the account and Region. When enabled (`block-new-sharing`), no AMI in the Region can be made public regardless of individual image permissions."", ""RISK"": ""Without blocking public access, AMIs could be accidentally or maliciously shared publicly, exposing baked-in secrets, source code, and infrastructure details to unauthorized actors."", ""RELATED_URL"": NaN, ""REMEDIATION_RECOMMENDATION_TEXT"": ""Enable AMI block public access (`block-new-sharing`) in every active Region. Apply guardrails (SCPs) to prevent it from being disabled, and review any AMIs that are currently shared publicly."", ""REMEDIATION_RECOMMENDATION_URL"": ""https://hub.prowler.com/check/ec2_ami_account_block_public_access"", ""REMEDIATION_CODE_NATIVEIAC"": NaN, ""REMEDIATION_CODE_TERRAFORM"": ""```hcl\r\nresource \""aws_ec2_image_block_public_access\"" \""<example_resource_name>\"" {\r\n  state = \""block-new-sharing\"" # Blocks new public sharing of AMIs in the configured Region\r\n}\r\n```"", ""REMEDIATION_CODE_CLI"": ""aws ec2 enable-image-block-public-access --image-block-public-access-state block-new-sharing"", ""REMEDIATION_CODE_OTHER"": ""1. In the AWS console, select the target Region in the top-right.\r\n2. Go to EC2 > AMIs.\r\n3. In the AMIs page, choose Block public access for AMIs (or EC2 Dashboard > Account attributes > Data protection and security).\r\n4. Choose Manage and enable Block public access.\r\n5. Save changes."", ""COMPLIANCE"": NaN, ""CATEGORIES"": ""internet-exposed"", ""DEPENDS_ON"": NaN, ""RELATED_TO"": NaN, ""NOTES"": NaN, ""PROWLER_VERSION"": ""5.42.0"", ""ADDITIONAL_URLS"": ""https://docs.aws.amazon.com/AWSEC2/latest/UserGuide/sharingamis-intro.html | https://docs.aws.amazon.com/AWSEC2/latest/UserGuide/image-block-public-access.html"", ""ACCOUNT_OU_UID"": NaN, ""ACCOUNT_OU_NAME"": NaN}"
Prowler,prowler-aws-ec2_ami_account_block_public_access-012092091624-us-east-2-012092091624,arn:aws:ec2:ap-south-1:012092091624:account,012092091624,aws_d5efb189016fdd03,Cloud/IAM Configuration,AMI block public access is enabled at the account level,medium,PASS,"AMI block public access configuration is assessed to see whether public sharing of AMIs is blocked in the account and Region. When enabled (`block-new-sharing`), no AMI in the Region can be made public regardless of individual image permissions.",,,,,effective,us-east-2,2026-09-16 18:14:43.448493,"Enable AMI block public access (`block-new-sharing`) in every active Region. Apply guardrails (SCPs) to prevent it from being disabled, and review any AMIs that are currently shared publicly.","{""AUTH_METHOD"": ""profile: None"", ""TIMESTAMP"": ""2026-09-16 18:14:43.448493"", ""ACCOUNT_UID"": 12092091624, ""ACCOUNT_NAME"": NaN, ""ACCOUNT_EMAIL"": NaN, ""ACCOUNT_ORGANIZATION_UID"": NaN, ""ACCOUNT_ORGANIZATION_NAME"": NaN, ""ACCOUNT_TAGS"": NaN, ""FINDING_UID"": ""prowler-aws-ec2_ami_account_block_public_access-012092091624-us-east-2-012092091624"", ""PROVIDER"": ""aws"", ""CHECK_ID"": ""ec2_ami_account_block_public_access"", ""CHECK_TITLE"": ""AMI block public access is enabled at the account level"", ""CHECK_TYPE"": ""Software and Configuration Checks/AWS Security Best Practices | Effects/Data Exposure"", ""STATUS"": ""PASS"", ""STATUS_EXTENDED"": ""AMI Block Public Access is enabled in us-east-2."", ""MUTED"": false, ""SERVICE_NAME"": ""ec2"", ""SUBSERVICE_NAME"": NaN, ""SEVERITY"": ""medium"", ""RESOURCE_TYPE"": ""Other"", ""RESOURCE_UID"": ""arn:aws:ec2:ap-south-1:012092091624:account"", ""RESOURCE_NAME"": ""012092091624"", ""RESOURCE_DETAILS"": NaN, ""RESOURCE_TAGS"": NaN, ""PARTITION"": ""aws"", ""REGION"": ""us-east-2"", ""DESCRIPTION"": ""AMI block public access configuration is assessed to see whether public sharing of AMIs is blocked in the account and Region. When enabled (`block-new-sharing`), no AMI in the Region can be made public regardless of individual image permissions."", ""RISK"": ""Without blocking public access, AMIs could be accidentally or maliciously shared publicly, exposing baked-in secrets, source code, and infrastructure details to unauthorized actors."", ""RELATED_URL"": NaN, ""REMEDIATION_RECOMMENDATION_TEXT"": ""Enable AMI block public access (`block-new-sharing`) in every active Region. Apply guardrails (SCPs) to prevent it from being disabled, and review any AMIs that are currently shared publicly."", ""REMEDIATION_RECOMMENDATION_URL"": ""https://hub.prowler.com/check/ec2_ami_account_block_public_access"", ""REMEDIATION_CODE_NATIVEIAC"": NaN, ""REMEDIATION_CODE_TERRAFORM"": ""```hcl\r\nresource \""aws_ec2_image_block_public_access\"" \""<example_resource_name>\"" {\r\n  state = \""block-new-sharing\"" # Blocks new public sharing of AMIs in the configured Region\r\n}\r\n```"", ""REMEDIATION_CODE_CLI"": ""aws ec2 enable-image-block-public-access --image-block-public-access-state block-new-sharing"", ""REMEDIATION_CODE_OTHER"": ""1. In the AWS console, select the target Region in the top-right.\r\n2. Go to EC2 > AMIs.\r\n3. In the AMIs page, choose Block public access for AMIs (or EC2 Dashboard > Account attributes > Data protection and security).\r\n4. Choose Manage and enable Block public access.\r\n5. Save changes."", ""COMPLIANCE"": NaN, ""CATEGORIES"": ""internet-exposed"", ""DEPENDS_ON"": NaN, ""RELATED_TO"": NaN, ""NOTES"": NaN, ""PROWLER_VERSION"": ""5.42.0"", ""ADDITIONAL_URLS"": ""https://docs.aws.amazon.com/AWSEC2/latest/UserGuide/sharingamis-intro.html | https://docs.aws.amazon.com/AWSEC2/latest/UserGuide/image-block-public-access.html"", ""ACCOUNT_OU_UID"": NaN, ""ACCOUNT_OU_NAME"": NaN}"
Prowler,prowler-aws-ec2_ami_account_block_public_access-012092091624-us-west-1-012092091624,arn:aws:ec2:ap-south-1:012092091624:account,012092091624,aws_d5efb189016fdd03,Cloud/IAM Configuration,AMI block public access is enabled at the account level,medium,PASS,"AMI block public access configuration is assessed to see whether public sharing of AMIs is blocked in the account and Region. When enabled (`block-new-sharing`), no AMI in the Region can be made public regardless of individual image permissions.",,,,,effective,us-west-1,2026-09-16 18:14:43.448493,"Enable AMI block public access (`block-new-sharing`) in every active Region. Apply guardrails (SCPs) to prevent it from being disabled, and review any AMIs that are currently shared publicly.","{""AUTH_METHOD"": ""profile: None"", ""TIMESTAMP"": ""2026-09-16 18:14:43.448493"", ""ACCOUNT_UID"": 12092091624, ""ACCOUNT_NAME"": NaN, ""ACCOUNT_EMAIL"": NaN, ""ACCOUNT_ORGANIZATION_UID"": NaN, ""ACCOUNT_ORGANIZATION_NAME"": NaN, ""ACCOUNT_TAGS"": NaN, ""FINDING_UID"": ""prowler-aws-ec2_ami_account_block_public_access-012092091624-us-west-1-012092091624"", ""PROVIDER"": ""aws"", ""CHECK_ID"": ""ec2_ami_account_block_public_access"", ""CHECK_TITLE"": ""AMI block public access is enabled at the account level"", ""CHECK_TYPE"": ""Software and Configuration Checks/AWS Security Best Practices | Effects/Data Exposure"", ""STATUS"": ""PASS"", ""STATUS_EXTENDED"": ""AMI Block Public Access is enabled in us-west-1."", ""MUTED"": false, ""SERVICE_NAME"": ""ec2"", ""SUBSERVICE_NAME"": NaN, ""SEVERITY"": ""medium"", ""RESOURCE_TYPE"": ""Other"", ""RESOURCE_UID"": ""arn:aws:ec2:ap-south-1:012092091624:account"", ""RESOURCE_NAME"": ""012092091624"", ""RESOURCE_DETAILS"": NaN, ""RESOURCE_TAGS"": NaN, ""PARTITION"": ""aws"", ""REGION"": ""us-west-1"", ""DESCRIPTION"": ""AMI block public access configuration is assessed to see whether public sharing of AMIs is blocked in the account and Region. When enabled (`block-new-sharing`), no AMI in the Region can be made public regardless of individual image permissions."", ""RISK"": ""Without blocking public access, AMIs could be accidentally or maliciously shared publicly, exposing baked-in secrets, source code, and infrastructure details to unauthorized actors."", ""RELATED_URL"": NaN, ""REMEDIATION_RECOMMENDATION_TEXT"": ""Enable AMI block public access (`block-new-sharing`) in every active Region. Apply guardrails (SCPs) to prevent it from being disabled, and review any AMIs that are currently shared publicly."", ""REMEDIATION_RECOMMENDATION_URL"": ""https://hub.prowler.com/check/ec2_ami_account_block_public_access"", ""REMEDIATION_CODE_NATIVEIAC"": NaN, ""REMEDIATION_CODE_TERRAFORM"": ""```hcl\r\nresource \""aws_ec2_image_block_public_access\"" \""<example_resource_name>\"" {\r\n  state = \""block-new-sharing\"" # Blocks new public sharing of AMIs in the configured Region\r\n}\r\n```"", ""REMEDIATION_CODE_CLI"": ""aws ec2 enable-image-block-public-access --image-block-public-access-state block-new-sharing"", ""REMEDIATION_CODE_OTHER"": ""1. In the AWS console, select the target Region in the top-right.\r\n2. Go to EC2 > AMIs.\r\n3. In the AMIs page, choose Block public access for AMIs (or EC2 Dashboard > Account attributes > Data protection and security).\r\n4. Choose Manage and enable Block public access.\r\n5. Save changes."", ""COMPLIANCE"": NaN, ""CATEGORIES"": ""internet-exposed"", ""DEPENDS_ON"": NaN, ""RELATED_TO"": NaN, ""NOTES"": NaN, ""PROWLER_VERSION"": ""5.42.0"", ""ADDITIONAL_URLS"": ""https://docs.aws.amazon.com/AWSEC2/latest/UserGuide/sharingamis-intro.html | https://docs.aws.amazon.com/AWSEC2/latest/UserGuide/image-block-public-access.html"", ""ACCOUNT_OU_UID"": NaN, ""ACCOUNT_OU_NAME"": NaN}"
Prowler,prowler-aws-ec2_ami_account_block_public_access-012092091624-us-west-2-012092091624,arn:aws:ec2:ap-south-1:012092091624:account,012092091624,aws_d5efb189016fdd03,Cloud/IAM Configuration,AMI block public access is enabled at the account level,medium,PASS,"AMI block public access configuration is assessed to see whether public sharing of AMIs is blocked in the account and Region. When enabled (`block-new-sharing`), no AMI in the Region can be made public regardless of individual image permissions.",,,,,effective,us-west-2,2026-09-16 18:14:43.448493,"Enable AMI block public access (`block-new-sharing`) in every active Region. Apply guardrails (SCPs) to prevent it from being disabled, and review any AMIs that are currently shared publicly.","{""AUTH_METHOD"": ""profile: None"", ""TIMESTAMP"": ""2026-09-16 18:14:43.448493"", ""ACCOUNT_UID"": 12092091624, ""ACCOUNT_NAME"": NaN, ""ACCOUNT_EMAIL"": NaN, ""ACCOUNT_ORGANIZATION_UID"": NaN, ""ACCOUNT_ORGANIZATION_NAME"": NaN, ""ACCOUNT_TAGS"": NaN, ""FINDING_UID"": ""prowler-aws-ec2_ami_account_block_public_access-012092091624-us-west-2-012092091624"", ""PROVIDER"": ""aws"", ""CHECK_ID"": ""ec2_ami_account_block_public_access"", ""CHECK_TITLE"": ""AMI block public access is enabled at the account level"", ""CHECK_TYPE"": ""Software and Configuration Checks/AWS Security Best Practices | Effects/Data Exposure"", ""STATUS"": ""PASS"", ""STATUS_EXTENDED"": ""AMI Block Public Access is enabled in us-west-2."", ""MUTED"": false, ""SERVICE_NAME"": ""ec2"", ""SUBSERVICE_NAME"": NaN, ""SEVERITY"": ""medium"", ""RESOURCE_TYPE"": ""Other"", ""RESOURCE_UID"": ""arn:aws:ec2:ap-south-1:012092091624:account"", ""RESOURCE_NAME"": ""012092091624"", ""RESOURCE_DETAILS"": NaN, ""RESOURCE_TAGS"": NaN, ""PARTITION"": ""aws"", ""REGION"": ""us-west-2"", ""DESCRIPTION"": ""AMI block public access configuration is assessed to see whether public sharing of AMIs is blocked in the account and Region. When enabled (`block-new-sharing`), no AMI in the Region can be made public regardless of individual image permissions."", ""RISK"": ""Without blocking public access, AMIs could be accidentally or maliciously shared publicly, exposing baked-in secrets, source code, and infrastructure details to unauthorized actors."", ""RELATED_URL"": NaN, ""REMEDIATION_RECOMMENDATION_TEXT"": ""Enable AMI block public access (`block-new-sharing`) in every active Region. Apply guardrails (SCPs) to prevent it from being disabled, and review any AMIs that are currently shared publicly."", ""REMEDIATION_RECOMMENDATION_URL"": ""https://hub.prowler.com/check/ec2_ami_account_block_public_access"", ""REMEDIATION_CODE_NATIVEIAC"": NaN, ""REMEDIATION_CODE_TERRAFORM"": ""```hcl\r\nresource \""aws_ec2_image_block_public_access\"" \""<example_resource_name>\"" {\r\n  state = \""block-new-sharing\"" # Blocks new public sharing of AMIs in the configured Region\r\n}\r\n```"", ""REMEDIATION_CODE_CLI"": ""aws ec2 enable-image-block-public-access --image-block-public-access-state block-new-sharing"", ""REMEDIATION_CODE_OTHER"": ""1. In the AWS console, select the target Region in the top-right.\r\n2. Go to EC2 > AMIs.\r\n3. In the AMIs page, choose Block public access for AMIs (or EC2 Dashboard > Account attributes > Data protection and security).\r\n4. Choose Manage and enable Block public access.\r\n5. Save changes."", ""COMPLIANCE"": NaN, ""CATEGORIES"": ""internet-exposed"", ""DEPENDS_ON"": NaN, ""RELATED_TO"": NaN, ""NOTES"": NaN, ""PROWLER_VERSION"": ""5.42.0"", ""ADDITIONAL_URLS"": ""https://docs.aws.amazon.com/AWSEC2/latest/UserGuide/sharingamis-intro.html | https://docs.aws.amazon.com/AWSEC2/latest/UserGuide/image-block-public-access.html"", ""ACCOUNT_OU_UID"": NaN, ""ACCOUNT_OU_NAME"": NaN}"
Prowler,prowler-aws-ec2_securitygroup_from_launch_wizard-012092091624-ap-northeast-1-sg-0ce4e08a37b849f7d,arn:aws:ec2:ap-northeast-1:012092091624:security-group/sg-0ce4e08a37b849f7d,sg-0ce4e08a37b849f7d,aws_b15bf0f3b6507ffd,Cloud/IAM Configuration,Security group not created using the EC2 Launch Wizard,medium,PASS,"**EC2 security groups** whose names include `launch-wizard` are identified as created by the **EC2 Launch Wizard**, distinguishing auto-generated groups from curated, baseline-controlled groups.",,,,,effective,ap-northeast-1,2026-09-16 18:14:43.448493,"Replace or harden these groups. Apply **least privilege**: restrict inbound to required sources, avoid public admin ports, and minimize egress. Use approved baseline security groups, enforce change control with IaC and guardrails, prefer private administration (bastion or Session Manager), and remove unused rules.","{""AUTH_METHOD"": ""profile: None"", ""TIMESTAMP"": ""2026-09-16 18:14:43.448493"", ""ACCOUNT_UID"": 12092091624, ""ACCOUNT_NAME"": NaN, ""ACCOUNT_EMAIL"": NaN, ""ACCOUNT_ORGANIZATION_UID"": NaN, ""ACCOUNT_ORGANIZATION_NAME"": NaN, ""ACCOUNT_TAGS"": NaN, ""FINDING_UID"": ""prowler-aws-ec2_securitygroup_from_launch_wizard-012092091624-ap-northeast-1-sg-0ce4e08a37b849f7d"", ""PROVIDER"": ""aws"", ""CHECK_ID"": ""ec2_securitygroup_from_launch_wizard"", ""CHECK_TITLE"": ""Security group not created using the EC2 Launch Wizard"", ""CHECK_TYPE"": ""Software and Configuration Checks/AWS Security Best Practices/Network Reachability"", ""STATUS"": ""PASS"", ""STATUS_EXTENDED"": ""Security group default (sg-0ce4e08a37b849f7d) was not created using the EC2 Launch Wizard."", ""MUTED"": false, ""SERVICE_NAME"": ""ec2"", ""SUBSERVICE_NAME"": NaN, ""SEVERITY"": ""medium"", ""RESOURCE_TYPE"": ""AwsEc2SecurityGroup"", ""RESOURCE_UID"": ""arn:aws:ec2:ap-northeast-1:012092091624:security-group/sg-0ce4e08a37b849f7d"", ""RESOURCE_NAME"": ""sg-0ce4e08a37b849f7d"", ""RESOURCE_DETAILS"": ""default"", ""RESOURCE_TAGS"": NaN, ""PARTITION"": ""aws"", ""REGION"": ""ap-northeast-1"", ""DESCRIPTION"": ""**EC2 security groups** whose names include `launch-wizard` are identified as created by the **EC2 Launch Wizard**, distinguishing auto-generated groups from curated, baseline-controlled groups."", ""RISK"": ""Wizard-generated groups often include **overly permissive rules** (e.g., `0.0.0.0/0` to admin ports), expanding exposure. Attackers can run **port scans** and **brute-force** to gain entry, then **lateral movement** and **data exfiltration**, impacting **confidentiality** and **integrity**; broad egress aids command-and-control."", ""RELATED_URL"": NaN, ""REMEDIATION_RECOMMENDATION_TEXT"": ""Replace or harden these groups. Apply **least privilege**: restrict inbound to required sources, avoid public admin ports, and minimize egress. Use approved baseline security groups, enforce change control with IaC and guardrails, prefer private administration (bastion or Session Manager), and remove unused rules."", ""REMEDIATION_RECOMMENDATION_URL"": ""https://hub.prowler.com/check/ec2_securitygroup_from_launch_wizard"", ""REMEDIATION_CODE_NATIVEIAC"": ""```yaml\r\n# CloudFormation: create a security group not named by Launch Wizard\r\nResources:\r\n  <example_resource_name>:\r\n    Type: AWS::EC2::SecurityGroup\r\n    Properties:\r\n      GroupDescription: SG not created by Launch Wizard\r\n      VpcId: <example_resource_id>\r\n      GroupName: <example_resource_name>  # Critical: name does NOT contain \""launch-wizard\"" to avoid FAIL\r\n```"", ""REMEDIATION_CODE_TERRAFORM"": ""```hcl\r\n# Create a security group not named by Launch Wizard\r\nresource \""aws_security_group\"" \""<example_resource_name>\"" {\r\n  name   = \""<example_resource_name>\""  # Critical: name does NOT contain \""launch-wizard\"" to avoid FAIL\r\n  vpc_id = \""<example_resource_id>\""\r\n}\r\n```"", ""REMEDIATION_CODE_CLI"": ""aws ec2 delete-security-group --group-id <SECURITY_GROUP_ID>"", ""REMEDIATION_CODE_OTHER"": ""1. In the AWS console, go to EC2 > Network & Security > Security Groups\r\n2. In the search box, filter by Name contains \""launch-wizard\""\r\n3. For each matching group, open the References tab and remove it from any ENIs/instances by replacing it with a different security group\r\n4. Select the launch-wizard security group and choose Actions > Delete security group > Delete\r\n5. Verify no security groups remain with names containing \""launch-wizard\"""", ""COMPLIANCE"": ""AWS-Well-Architected-Framework-Security-Pillar: SEC05-BP03 | ENS-RD2022: mp.com.1.aws.sg.1 | ISO27001-2022: A.8.20, A.8.21, A.8.22 | KISA-ISMS-P-2023: 2.10.2 | KISA-ISMS-P-2023-korean: 2.10.2"", ""CATEGORIES"": NaN, ""DEPENDS_ON"": NaN, ""RELATED_TO"": NaN, ""NOTES"": NaN, ""PROWLER_VERSION"": ""5.42.0"", ""ADDITIONAL_URLS"": ""https://www.trendmicro.com/trendaivisiononecloudriskmanagement/knowledge-base/aws/EC2/security-group-prefixed-with-launch-wizard.html | https://docs.aws.amazon.com/eks/latest/userguide/sec-group-reqs.html"", ""ACCOUNT_OU_UID"": NaN, ""ACCOUNT_OU_NAME"": NaN}"
Prowler,prowler-aws-ec2_securitygroup_from_launch_wizard-012092091624-ap-northeast-2-sg-0cca4111a1255158e,arn:aws:ec2:ap-northeast-2:012092091624:security-group/sg-0cca4111a1255158e,sg-0cca4111a1255158e,aws_185794277130cbbc,Cloud/IAM Configuration,Security group not created using the EC2 Launch Wizard,medium,PASS,"**EC2 security groups** whose names include `launch-wizard` are identified as created by the **EC2 Launch Wizard**, distinguishing auto-generated groups from curated, baseline-controlled groups.",,,,,effective,ap-northeast-2,2026-09-16 18:14:43.448493,"Replace or harden these groups. Apply **least privilege**: restrict inbound to required sources, avoid public admin ports, and minimize egress. Use approved baseline security groups, enforce change control with IaC and guardrails, prefer private administration (bastion or Session Manager), and remove unused rules.","{""AUTH_METHOD"": ""profile: None"", ""TIMESTAMP"": ""2026-09-16 18:14:43.448493"", ""ACCOUNT_UID"": 12092091624, ""ACCOUNT_NAME"": NaN, ""ACCOUNT_EMAIL"": NaN, ""ACCOUNT_ORGANIZATION_UID"": NaN, ""ACCOUNT_ORGANIZATION_NAME"": NaN, ""ACCOUNT_TAGS"": NaN, ""FINDING_UID"": ""prowler-aws-ec2_securitygroup_from_launch_wizard-012092091624-ap-northeast-2-sg-0cca4111a1255158e"", ""PROVIDER"": ""aws"", ""CHECK_ID"": ""ec2_securitygroup_from_launch_wizard"", ""CHECK_TITLE"": ""Security group not created using the EC2 Launch Wizard"", ""CHECK_TYPE"": ""Software and Configuration Checks/AWS Security Best Practices/Network Reachability"", ""STATUS"": ""PASS"", ""STATUS_EXTENDED"": ""Security group default (sg-0cca4111a1255158e) was not created using the EC2 Launch Wizard."", ""MUTED"": false, ""SERVICE_NAME"": ""ec2"", ""SUBSERVICE_NAME"": NaN, ""SEVERITY"": ""medium"", ""RESOURCE_TYPE"": ""AwsEc2SecurityGroup"", ""RESOURCE_UID"": ""arn:aws:ec2:ap-northeast-2:012092091624:security-group/sg-0cca4111a1255158e"", ""RESOURCE_NAME"": ""sg-0cca4111a1255158e"", ""RESOURCE_DETAILS"": ""default"", ""RESOURCE_TAGS"": NaN, ""PARTITION"": ""aws"", ""REGION"": ""ap-northeast-2"", ""DESCRIPTION"": ""**EC2 security groups** whose names include `launch-wizard` are identified as created by the **EC2 Launch Wizard**, distinguishing auto-generated groups from curated, baseline-controlled groups."", ""RISK"": ""Wizard-generated groups often include **overly permissive rules** (e.g., `0.0.0.0/0` to admin ports), expanding exposure. Attackers can run **port scans** and **brute-force** to gain entry, then **lateral movement** and **data exfiltration**, impacting **confidentiality** and **integrity**; broad egress aids command-and-control."", ""RELATED_URL"": NaN, ""REMEDIATION_RECOMMENDATION_TEXT"": ""Replace or harden these groups. Apply **least privilege**: restrict inbound to required sources, avoid public admin ports, and minimize egress. Use approved baseline security groups, enforce change control with IaC and guardrails, prefer private administration (bastion or Session Manager), and remove unused rules."", ""REMEDIATION_RECOMMENDATION_URL"": ""https://hub.prowler.com/check/ec2_securitygroup_from_launch_wizard"", ""REMEDIATION_CODE_NATIVEIAC"": ""```yaml\r\n# CloudFormation: create a security group not named by Launch Wizard\r\nResources:\r\n  <example_resource_name>:\r\n    Type: AWS::EC2::SecurityGroup\r\n    Properties:\r\n      GroupDescription: SG not created by Launch Wizard\r\n      VpcId: <example_resource_id>\r\n      GroupName: <example_resource_name>  # Critical: name does NOT contain \""launch-wizard\"" to avoid FAIL\r\n```"", ""REMEDIATION_CODE_TERRAFORM"": ""```hcl\r\n# Create a security group not named by Launch Wizard\r\nresource \""aws_security_group\"" \""<example_resource_name>\"" {\r\n  name   = \""<example_resource_name>\""  # Critical: name does NOT contain \""launch-wizard\"" to avoid FAIL\r\n  vpc_id = \""<example_resource_id>\""\r\n}\r\n```"", ""REMEDIATION_CODE_CLI"": ""aws ec2 delete-security-group --group-id <SECURITY_GROUP_ID>"", ""REMEDIATION_CODE_OTHER"": ""1. In the AWS console, go to EC2 > Network & Security > Security Groups\r\n2. In the search box, filter by Name contains \""launch-wizard\""\r\n3. For each matching group, open the References tab and remove it from any ENIs/instances by replacing it with a different security group\r\n4. Select the launch-wizard security group and choose Actions > Delete security group > Delete\r\n5. Verify no security groups remain with names containing \""launch-wizard\"""", ""COMPLIANCE"": ""AWS-Well-Architected-Framework-Security-Pillar: SEC05-BP03 | ENS-RD2022: mp.com.1.aws.sg.1 | ISO27001-2022: A.8.20, A.8.21, A.8.22 | KISA-ISMS-P-2023: 2.10.2 | KISA-ISMS-P-2023-korean: 2.10.2"", ""CATEGORIES"": NaN, ""DEPENDS_ON"": NaN, ""RELATED_TO"": NaN, ""NOTES"": NaN, ""PROWLER_VERSION"": ""5.42.0"", ""ADDITIONAL_URLS"": ""https://www.trendmicro.com/trendaivisiononecloudriskmanagement/knowledge-base/aws/EC2/security-group-prefixed-with-launch-wizard.html | https://docs.aws.amazon.com/eks/latest/userguide/sec-group-reqs.html"", ""ACCOUNT_OU_UID"": NaN, ""ACCOUNT_OU_NAME"": NaN}"
Prowler,prowler-aws-ec2_securitygroup_from_launch_wizard-012092091624-ap-northeast-3-sg-0b5888fe6576b7ae4,arn:aws:ec2:ap-northeast-3:012092091624:security-group/sg-0b5888fe6576b7ae4,sg-0b5888fe6576b7ae4,aws_f9114c736e32e470,Cloud/IAM Configuration,Security group not created using the EC2 Launch Wizard,medium,PASS,"**EC2 security groups** whose names include `launch-wizard` are identified as created by the **EC2 Launch Wizard**, distinguishing auto-generated groups from curated, baseline-controlled groups.",,,,,effective,ap-northeast-3,2026-09-16 18:14:43.448493,"Replace or harden these groups. Apply **least privilege**: restrict inbound to required sources, avoid public admin ports, and minimize egress. Use approved baseline security groups, enforce change control with IaC and guardrails, prefer private administration (bastion or Session Manager), and remove unused rules.","{""AUTH_METHOD"": ""profile: None"", ""TIMESTAMP"": ""2026-09-16 18:14:43.448493"", ""ACCOUNT_UID"": 12092091624, ""ACCOUNT_NAME"": NaN, ""ACCOUNT_EMAIL"": NaN, ""ACCOUNT_ORGANIZATION_UID"": NaN, ""ACCOUNT_ORGANIZATION_NAME"": NaN, ""ACCOUNT_TAGS"": NaN, ""FINDING_UID"": ""prowler-aws-ec2_securitygroup_from_launch_wizard-012092091624-ap-northeast-3-sg-0b5888fe6576b7ae4"", ""PROVIDER"": ""aws"", ""CHECK_ID"": ""ec2_securitygroup_from_launch_wizard"", ""CHECK_TITLE"": ""Security group not created using the EC2 Launch Wizard"", ""CHECK_TYPE"": ""Software and Configuration Checks/AWS Security Best Practices/Network Reachability"", ""STATUS"": ""PASS"", ""STATUS_EXTENDED"": ""Security group default (sg-0b5888fe6576b7ae4) was not created using the EC2 Launch Wizard."", ""MUTED"": false, ""SERVICE_NAME"": ""ec2"", ""SUBSERVICE_NAME"": NaN, ""SEVERITY"": ""medium"", ""RESOURCE_TYPE"": ""AwsEc2SecurityGroup"", ""RESOURCE_UID"": ""arn:aws:ec2:ap-northeast-3:012092091624:security-group/sg-0b5888fe6576b7ae4"", ""RESOURCE_NAME"": ""sg-0b5888fe6576b7ae4"", ""RESOURCE_DETAILS"": ""default"", ""RESOURCE_TAGS"": NaN, ""PARTITION"": ""aws"", ""REGION"": ""ap-northeast-3"", ""DESCRIPTION"": ""**EC2 security groups** whose names include `launch-wizard` are identified as created by the **EC2 Launch Wizard**, distinguishing auto-generated groups from curated, baseline-controlled groups."", ""RISK"": ""Wizard-generated groups often include **overly permissive rules** (e.g., `0.0.0.0/0` to admin ports), expanding exposure. Attackers can run **port scans** and **brute-force** to gain entry, then **lateral movement** and **data exfiltration**, impacting **confidentiality** and **integrity**; broad egress aids command-and-control."", ""RELATED_URL"": NaN, ""REMEDIATION_RECOMMENDATION_TEXT"": ""Replace or harden these groups. Apply **least privilege**: restrict inbound to required sources, avoid public admin ports, and minimize egress. Use approved baseline security groups, enforce change control with IaC and guardrails, prefer private administration (bastion or Session Manager), and remove unused rules."", ""REMEDIATION_RECOMMENDATION_URL"": ""https://hub.prowler.com/check/ec2_securitygroup_from_launch_wizard"", ""REMEDIATION_CODE_NATIVEIAC"": ""```yaml\r\n# CloudFormation: create a security group not named by Launch Wizard\r\nResources:\r\n  <example_resource_name>:\r\n    Type: AWS::EC2::SecurityGroup\r\n    Properties:\r\n      GroupDescription: SG not created by Launch Wizard\r\n      VpcId: <example_resource_id>\r\n      GroupName: <example_resource_name>  # Critical: name does NOT contain \""launch-wizard\"" to avoid FAIL\r\n```"", ""REMEDIATION_CODE_TERRAFORM"": ""```hcl\r\n# Create a security group not named by Launch Wizard\r\nresource \""aws_security_group\"" \""<example_resource_name>\"" {\r\n  name   = \""<example_resource_name>\""  # Critical: name does NOT contain \""launch-wizard\"" to avoid FAIL\r\n  vpc_id = \""<example_resource_id>\""\r\n}\r\n```"", ""REMEDIATION_CODE_CLI"": ""aws ec2 delete-security-group --group-id <SECURITY_GROUP_ID>"", ""REMEDIATION_CODE_OTHER"": ""1. In the AWS console, go to EC2 > Network & Security > Security Groups\r\n2. In the search box, filter by Name contains \""launch-wizard\""\r\n3. For each matching group, open the References tab and remove it from any ENIs/instances by replacing it with a different security group\r\n4. Select the launch-wizard security group and choose Actions > Delete security group > Delete\r\n5. Verify no security groups remain with names containing \""launch-wizard\"""", ""COMPLIANCE"": ""AWS-Well-Architected-Framework-Security-Pillar: SEC05-BP03 | ENS-RD2022: mp.com.1.aws.sg.1 | ISO27001-2022: A.8.20, A.8.21, A.8.22 | KISA-ISMS-P-2023: 2.10.2 | KISA-ISMS-P-2023-korean: 2.10.2"", ""CATEGORIES"": NaN, ""DEPENDS_ON"": NaN, ""RELATED_TO"": NaN, ""NOTES"": NaN, ""PROWLER_VERSION"": ""5.42.0"", ""ADDITIONAL_URLS"": ""https://www.trendmicro.com/trendaivisiononecloudriskmanagement/knowledge-base/aws/EC2/security-group-prefixed-with-launch-wizard.html | https://docs.aws.amazon.com/eks/latest/userguide/sec-group-reqs.html"", ""ACCOUNT_OU_UID"": NaN, ""ACCOUNT_OU_NAME"": NaN}"
Prowler,prowler-aws-ec2_securitygroup_from_launch_wizard-012092091624-ap-south-1-sg-03eb35b47faff6188,arn:aws:ec2:ap-south-1:012092091624:security-group/sg-03eb35b47faff6188,sg-03eb35b47faff6188,aws_f6df002272e59f57,Cloud/IAM Configuration,Security group not created using the EC2 Launch Wizard,medium,PASS,"**EC2 security groups** whose names include `launch-wizard` are identified as created by the **EC2 Launch Wizard**, distinguishing auto-generated groups from curated, baseline-controlled groups.",,,,,effective,ap-south-1,2026-09-16 18:14:43.448493,"Replace or harden these groups. Apply **least privilege**: restrict inbound to required sources, avoid public admin ports, and minimize egress. Use approved baseline security groups, enforce change control with IaC and guardrails, prefer private administration (bastion or Session Manager), and remove unused rules.","{""AUTH_METHOD"": ""profile: None"", ""TIMESTAMP"": ""2026-09-16 18:14:43.448493"", ""ACCOUNT_UID"": 12092091624, ""ACCOUNT_NAME"": NaN, ""ACCOUNT_EMAIL"": NaN, ""ACCOUNT_ORGANIZATION_UID"": NaN, ""ACCOUNT_ORGANIZATION_NAME"": NaN, ""ACCOUNT_TAGS"": NaN, ""FINDING_UID"": ""prowler-aws-ec2_securitygroup_from_launch_wizard-012092091624-ap-south-1-sg-03eb35b47faff6188"", ""PROVIDER"": ""aws"", ""CHECK_ID"": ""ec2_securitygroup_from_launch_wizard"", ""CHECK_TITLE"": ""Security group not created using the EC2 Launch Wizard"", ""CHECK_TYPE"": ""Software and Configuration Checks/AWS Security Best Practices/Network Reachability"", ""STATUS"": ""PASS"", ""STATUS_EXTENDED"": ""Security group default (sg-03eb35b47faff6188) was not created using the EC2 Launch Wizard."", ""MUTED"": false, ""SERVICE_NAME"": ""ec2"", ""SUBSERVICE_NAME"": NaN, ""SEVERITY"": ""medium"", ""RESOURCE_TYPE"": ""AwsEc2SecurityGroup"", ""RESOURCE_UID"": ""arn:aws:ec2:ap-south-1:012092091624:security-group/sg-03eb35b47faff6188"", ""RESOURCE_NAME"": ""sg-03eb35b47faff6188"", ""RESOURCE_DETAILS"": ""default"", ""RESOURCE_TAGS"": NaN, ""PARTITION"": ""aws"", ""REGION"": ""ap-south-1"", ""DESCRIPTION"": ""**EC2 security groups** whose names include `launch-wizard` are identified as created by the **EC2 Launch Wizard**, distinguishing auto-generated groups from curated, baseline-controlled groups."", ""RISK"": ""Wizard-generated groups often include **overly permissive rules** (e.g., `0.0.0.0/0` to admin ports), expanding exposure. Attackers can run **port scans** and **brute-force** to gain entry, then **lateral movement** and **data exfiltration**, impacting **confidentiality** and **integrity**; broad egress aids command-and-control."", ""RELATED_URL"": NaN, ""REMEDIATION_RECOMMENDATION_TEXT"": ""Replace or harden these groups. Apply **least privilege**: restrict inbound to required sources, avoid public admin ports, and minimize egress. Use approved baseline security groups, enforce change control with IaC and guardrails, prefer private administration (bastion or Session Manager), and remove unused rules."", ""REMEDIATION_RECOMMENDATION_URL"": ""https://hub.prowler.com/check/ec2_securitygroup_from_launch_wizard"", ""REMEDIATION_CODE_NATIVEIAC"": ""```yaml\r\n# CloudFormation: create a security group not named by Launch Wizard\r\nResources:\r\n  <example_resource_name>:\r\n    Type: AWS::EC2::SecurityGroup\r\n    Properties:\r\n      GroupDescription: SG not created by Launch Wizard\r\n      VpcId: <example_resource_id>\r\n      GroupName: <example_resource_name>  # Critical: name does NOT contain \""launch-wizard\"" to avoid FAIL\r\n```"", ""REMEDIATION_CODE_TERRAFORM"": ""```hcl\r\n# Create a security group not named by Launch Wizard\r\nresource \""aws_security_group\"" \""<example_resource_name>\"" {\r\n  name   = \""<example_resource_name>\""  # Critical: name does NOT contain \""launch-wizard\"" to avoid FAIL\r\n  vpc_id = \""<example_resource_id>\""\r\n}\r\n```"", ""REMEDIATION_CODE_CLI"": ""aws ec2 delete-security-group --group-id <SECURITY_GROUP_ID>"", ""REMEDIATION_CODE_OTHER"": ""1. In the AWS console, go to EC2 > Network & Security > Security Groups\r\n2. In the search box, filter by Name contains \""launch-wizard\""\r\n3. For each matching group, open the References tab and remove it from any ENIs/instances by replacing it with a different security group\r\n4. Select the launch-wizard security group and choose Actions > Delete security group > Delete\r\n5. Verify no security groups remain with names containing \""launch-wizard\"""", ""COMPLIANCE"": ""AWS-Well-Architected-Framework-Security-Pillar: SEC05-BP03 | ENS-RD2022: mp.com.1.aws.sg.1 | ISO27001-2022: A.8.20, A.8.21, A.8.22 | KISA-ISMS-P-2023: 2.10.2 | KISA-ISMS-P-2023-korean: 2.10.2"", ""CATEGORIES"": NaN, ""DEPENDS_ON"": NaN, ""RELATED_TO"": NaN, ""NOTES"": NaN, ""PROWLER_VERSION"": ""5.42.0"", ""ADDITIONAL_URLS"": ""https://www.trendmicro.com/trendaivisiononecloudriskmanagement/knowledge-base/aws/EC2/security-group-prefixed-with-launch-wizard.html | https://docs.aws.amazon.com/eks/latest/userguide/sec-group-reqs.html"", ""ACCOUNT_OU_UID"": NaN, ""ACCOUNT_OU_NAME"": NaN}"
Prowler,prowler-aws-ec2_securitygroup_from_launch_wizard-012092091624-ap-southeast-1-sg-0e1ec51e7e38d9602,arn:aws:ec2:ap-southeast-1:012092091624:security-group/sg-0e1ec51e7e38d9602,sg-0e1ec51e7e38d9602,aws_8604919e1d811bfc,Cloud/IAM Configuration,Security group not created using the EC2 Launch Wizard,medium,PASS,"**EC2 security groups** whose names include `launch-wizard` are identified as created by the **EC2 Launch Wizard**, distinguishing auto-generated groups from curated, baseline-controlled groups.",,,,,effective,ap-southeast-1,2026-09-16 18:14:43.448493,"Replace or harden these groups. Apply **least privilege**: restrict inbound to required sources, avoid public admin ports, and minimize egress. Use approved baseline security groups, enforce change control with IaC and guardrails, prefer private administration (bastion or Session Manager), and remove unused rules.","{""AUTH_METHOD"": ""profile: None"", ""TIMESTAMP"": ""2026-09-16 18:14:43.448493"", ""ACCOUNT_UID"": 12092091624, ""ACCOUNT_NAME"": NaN, ""ACCOUNT_EMAIL"": NaN, ""ACCOUNT_ORGANIZATION_UID"": NaN, ""ACCOUNT_ORGANIZATION_NAME"": NaN, ""ACCOUNT_TAGS"": NaN, ""FINDING_UID"": ""prowler-aws-ec2_securitygroup_from_launch_wizard-012092091624-ap-southeast-1-sg-0e1ec51e7e38d9602"", ""PROVIDER"": ""aws"", ""CHECK_ID"": ""ec2_securitygroup_from_launch_wizard"", ""CHECK_TITLE"": ""Security group not created using the EC2 Launch Wizard"", ""CHECK_TYPE"": ""Software and Configuration Checks/AWS Security Best Practices/Network Reachability"", ""STATUS"": ""PASS"", ""STATUS_EXTENDED"": ""Security group default (sg-0e1ec51e7e38d9602) was not created using the EC2 Launch Wizard."", ""MUTED"": false, ""SERVICE_NAME"": ""ec2"", ""SUBSERVICE_NAME"": NaN, ""SEVERITY"": ""medium"", ""RESOURCE_TYPE"": ""AwsEc2SecurityGroup"", ""RESOURCE_UID"": ""arn:aws:ec2:ap-southeast-1:012092091624:security-group/sg-0e1ec51e7e38d9602"", ""RESOURCE_NAME"": ""sg-0e1ec51e7e38d9602"", ""RESOURCE_DETAILS"": ""default"", ""RESOURCE_TAGS"": NaN, ""PARTITION"": ""aws"", ""REGION"": ""ap-southeast-1"", ""DESCRIPTION"": ""**EC2 security groups** whose names include `launch-wizard` are identified as created by the **EC2 Launch Wizard**, distinguishing auto-generated groups from curated, baseline-controlled groups."", ""RISK"": ""Wizard-generated groups often include **overly permissive rules** (e.g., `0.0.0.0/0` to admin ports), expanding exposure. Attackers can run **port scans** and **brute-force** to gain entry, then **lateral movement** and **data exfiltration**, impacting **confidentiality** and **integrity**; broad egress aids command-and-control."", ""RELATED_URL"": NaN, ""REMEDIATION_RECOMMENDATION_TEXT"": ""Replace or harden these groups. Apply **least privilege**: restrict inbound to required sources, avoid public admin ports, and minimize egress. Use approved baseline security groups, enforce change control with IaC and guardrails, prefer private administration (bastion or Session Manager), and remove unused rules."", ""REMEDIATION_RECOMMENDATION_URL"": ""https://hub.prowler.com/check/ec2_securitygroup_from_launch_wizard"", ""REMEDIATION_CODE_NATIVEIAC"": ""```yaml\r\n# CloudFormation: create a security group not named by Launch Wizard\r\nResources:\r\n  <example_resource_name>:\r\n    Type: AWS::EC2::SecurityGroup\r\n    Properties:\r\n      GroupDescription: SG not created by Launch Wizard\r\n      VpcId: <example_resource_id>\r\n      GroupName: <example_resource_name>  # Critical: name does NOT contain \""launch-wizard\"" to avoid FAIL\r\n```"", ""REMEDIATION_CODE_TERRAFORM"": ""```hcl\r\n# Create a security group not named by Launch Wizard\r\nresource \""aws_security_group\"" \""<example_resource_name>\"" {\r\n  name   = \""<example_resource_name>\""  # Critical: name does NOT contain \""launch-wizard\"" to avoid FAIL\r\n  vpc_id = \""<example_resource_id>\""\r\n}\r\n```"", ""REMEDIATION_CODE_CLI"": ""aws ec2 delete-security-group --group-id <SECURITY_GROUP_ID>"", ""REMEDIATION_CODE_OTHER"": ""1. In the AWS console, go to EC2 > Network & Security > Security Groups\r\n2. In the search box, filter by Name contains \""launch-wizard\""\r\n3. For each matching group, open the References tab and remove it from any ENIs/instances by replacing it with a different security group\r\n4. Select the launch-wizard security group and choose Actions > Delete security group > Delete\r\n5. Verify no security groups remain with names containing \""launch-wizard\"""", ""COMPLIANCE"": ""AWS-Well-Architected-Framework-Security-Pillar: SEC05-BP03 | ENS-RD2022: mp.com.1.aws.sg.1 | ISO27001-2022: A.8.20, A.8.21, A.8.22 | KISA-ISMS-P-2023: 2.10.2 | KISA-ISMS-P-2023-korean: 2.10.2"", ""CATEGORIES"": NaN, ""DEPENDS_ON"": NaN, ""RELATED_TO"": NaN, ""NOTES"": NaN, ""PROWLER_VERSION"": ""5.42.0"", ""ADDITIONAL_URLS"": ""https://www.trendmicro.com/trendaivisiononecloudriskmanagement/knowledge-base/aws/EC2/security-group-prefixed-with-launch-wizard.html | https://docs.aws.amazon.com/eks/latest/userguide/sec-group-reqs.html"", ""ACCOUNT_OU_UID"": NaN, ""ACCOUNT_OU_NAME"": NaN}"
Prowler,prowler-aws-ec2_securitygroup_from_launch_wizard-012092091624-ap-southeast-2-sg-0b31278c2fc8722ea,arn:aws:ec2:ap-southeast-2:012092091624:security-group/sg-0b31278c2fc8722ea,sg-0b31278c2fc8722ea,aws_43c616fe479fb6bb,Cloud/IAM Configuration,Security group not created using the EC2 Launch Wizard,medium,PASS,"**EC2 security groups** whose names include `launch-wizard` are identified as created by the **EC2 Launch Wizard**, distinguishing auto-generated groups from curated, baseline-controlled groups.",,,,,effective,ap-southeast-2,2026-09-16 18:14:43.448493,"Replace or harden these groups. Apply **least privilege**: restrict inbound to required sources, avoid public admin ports, and minimize egress. Use approved baseline security groups, enforce change control with IaC and guardrails, prefer private administration (bastion or Session Manager), and remove unused rules.","{""AUTH_METHOD"": ""profile: None"", ""TIMESTAMP"": ""2026-09-16 18:14:43.448493"", ""ACCOUNT_UID"": 12092091624, ""ACCOUNT_NAME"": NaN, ""ACCOUNT_EMAIL"": NaN, ""ACCOUNT_ORGANIZATION_UID"": NaN, ""ACCOUNT_ORGANIZATION_NAME"": NaN, ""ACCOUNT_TAGS"": NaN, ""FINDING_UID"": ""prowler-aws-ec2_securitygroup_from_launch_wizard-012092091624-ap-southeast-2-sg-0b31278c2fc8722ea"", ""PROVIDER"": ""aws"", ""CHECK_ID"": ""ec2_securitygroup_from_launch_wizard"", ""CHECK_TITLE"": ""Security group not created using the EC2 Launch Wizard"", ""CHECK_TYPE"": ""Software and Configuration Checks/AWS Security Best Practices/Network Reachability"", ""STATUS"": ""PASS"", ""STATUS_EXTENDED"": ""Security group default (sg-0b31278c2fc8722ea) was not created using the EC2 Launch Wizard."", ""MUTED"": false, ""SERVICE_NAME"": ""ec2"", ""SUBSERVICE_NAME"": NaN, ""SEVERITY"": ""medium"", ""RESOURCE_TYPE"": ""AwsEc2SecurityGroup"", ""RESOURCE_UID"": ""arn:aws:ec2:ap-southeast-2:012092091624:security-group/sg-0b31278c2fc8722ea"", ""RESOURCE_NAME"": ""sg-0b31278c2fc8722ea"", ""RESOURCE_DETAILS"": ""default"", ""RESOURCE_TAGS"": NaN, ""PARTITION"": ""aws"", ""REGION"": ""ap-southeast-2"", ""DESCRIPTION"": ""**EC2 security groups** whose names include `launch-wizard` are identified as created by the **EC2 Launch Wizard**, distinguishing auto-generated groups from curated, baseline-controlled groups."", ""RISK"": ""Wizard-generated groups often include **overly permissive rules** (e.g., `0.0.0.0/0` to admin ports), expanding exposure. Attackers can run **port scans** and **brute-force** to gain entry, then **lateral movement** and **data exfiltration**, impacting **confidentiality** and **integrity**; broad egress aids command-and-control."", ""RELATED_URL"": NaN, ""REMEDIATION_RECOMMENDATION_TEXT"": ""Replace or harden these groups. Apply **least privilege**: restrict inbound to required sources, avoid public admin ports, and minimize egress. Use approved baseline security groups, enforce change control with IaC and guardrails, prefer private administration (bastion or Session Manager), and remove unused rules."", ""REMEDIATION_RECOMMENDATION_URL"": ""https://hub.prowler.com/check/ec2_securitygroup_from_launch_wizard"", ""REMEDIATION_CODE_NATIVEIAC"": ""```yaml\r\n# CloudFormation: create a security group not named by Launch Wizard\r\nResources:\r\n  <example_resource_name>:\r\n    Type: AWS::EC2::SecurityGroup\r\n    Properties:\r\n      GroupDescription: SG not created by Launch Wizard\r\n      VpcId: <example_resource_id>\r\n      GroupName: <example_resource_name>  # Critical: name does NOT contain \""launch-wizard\"" to avoid FAIL\r\n```"", ""REMEDIATION_CODE_TERRAFORM"": ""```hcl\r\n# Create a security group not named by Launch Wizard\r\nresource \""aws_security_group\"" \""<example_resource_name>\"" {\r\n  name   = \""<example_resource_name>\""  # Critical: name does NOT contain \""launch-wizard\"" to avoid FAIL\r\n  vpc_id = \""<example_resource_id>\""\r\n}\r\n```"", ""REMEDIATION_CODE_CLI"": ""aws ec2 delete-security-group --group-id <SECURITY_GROUP_ID>"", ""REMEDIATION_CODE_OTHER"": ""1. In the AWS console, go to EC2 > Network & Security > Security Groups\r\n2. In the search box, filter by Name contains \""launch-wizard\""\r\n3. For each matching group, open the References tab and remove it from any ENIs/instances by replacing it with a different security group\r\n4. Select the launch-wizard security group and choose Actions > Delete security group > Delete\r\n5. Verify no security groups remain with names containing \""launch-wizard\"""", ""COMPLIANCE"": ""AWS-Well-Architected-Framework-Security-Pillar: SEC05-BP03 | ENS-RD2022: mp.com.1.aws.sg.1 | ISO27001-2022: A.8.20, A.8.21, A.8.22 | KISA-ISMS-P-2023: 2.10.2 | KISA-ISMS-P-2023-korean: 2.10.2"", ""CATEGORIES"": NaN, ""DEPENDS_ON"": NaN, ""RELATED_TO"": NaN, ""NOTES"": NaN, ""PROWLER_VERSION"": ""5.42.0"", ""ADDITIONAL_URLS"": ""https://www.trendmicro.com/trendaivisiononecloudriskmanagement/knowledge-base/aws/EC2/security-group-prefixed-with-launch-wizard.html | https://docs.aws.amazon.com/eks/latest/userguide/sec-group-reqs.html"", ""ACCOUNT_OU_UID"": NaN, ""ACCOUNT_OU_NAME"": NaN}"
Prowler,prowler-aws-ec2_securitygroup_from_launch_wizard-012092091624-ca-central-1-sg-05880d724a8e83ab6,arn:aws:ec2:ca-central-1:012092091624:security-group/sg-05880d724a8e83ab6,sg-05880d724a8e83ab6,aws_3d34024701787e05,Cloud/IAM Configuration,Security group not created using the EC2 Launch Wizard,medium,PASS,"**EC2 security groups** whose names include `launch-wizard` are identified as created by the **EC2 Launch Wizard**, distinguishing auto-generated groups from curated, baseline-controlled groups.",,,,,effective,ca-central-1,2026-09-16 18:14:43.448493,"Replace or harden these groups. Apply **least privilege**: restrict inbound to required sources, avoid public admin ports, and minimize egress. Use approved baseline security groups, enforce change control with IaC and guardrails, prefer private administration (bastion or Session Manager), and remove unused rules.","{""AUTH_METHOD"": ""profile: None"", ""TIMESTAMP"": ""2026-09-16 18:14:43.448493"", ""ACCOUNT_UID"": 12092091624, ""ACCOUNT_NAME"": NaN, ""ACCOUNT_EMAIL"": NaN, ""ACCOUNT_ORGANIZATION_UID"": NaN, ""ACCOUNT_ORGANIZATION_NAME"": NaN, ""ACCOUNT_TAGS"": NaN, ""FINDING_UID"": ""prowler-aws-ec2_securitygroup_from_launch_wizard-012092091624-ca-central-1-sg-05880d724a8e83ab6"", ""PROVIDER"": ""aws"", ""CHECK_ID"": ""ec2_securitygroup_from_launch_wizard"", ""CHECK_TITLE"": ""Security group not created using the EC2 Launch Wizard"", ""CHECK_TYPE"": ""Software and Configuration Checks/AWS Security Best Practices/Network Reachability"", ""STATUS"": ""PASS"", ""STATUS_EXTENDED"": ""Security group default (sg-05880d724a8e83ab6) was not created using the EC2 Launch Wizard."", ""MUTED"": false, ""SERVICE_NAME"": ""ec2"", ""SUBSERVICE_NAME"": NaN, ""SEVERITY"": ""medium"", ""RESOURCE_TYPE"": ""AwsEc2SecurityGroup"", ""RESOURCE_UID"": ""arn:aws:ec2:ca-central-1:012092091624:security-group/sg-05880d724a8e83ab6"", ""RESOURCE_NAME"": ""sg-05880d724a8e83ab6"", ""RESOURCE_DETAILS"": ""default"", ""RESOURCE_TAGS"": NaN, ""PARTITION"": ""aws"", ""REGION"": ""ca-central-1"", ""DESCRIPTION"": ""**EC2 security groups** whose names include `launch-wizard` are identified as created by the **EC2 Launch Wizard**, distinguishing auto-generated groups from curated, baseline-controlled groups."", ""RISK"": ""Wizard-generated groups often include **overly permissive rules** (e.g., `0.0.0.0/0` to admin ports), expanding exposure. Attackers can run **port scans** and **brute-force** to gain entry, then **lateral movement** and **data exfiltration**, impacting **confidentiality** and **integrity**; broad egress aids command-and-control."", ""RELATED_URL"": NaN, ""REMEDIATION_RECOMMENDATION_TEXT"": ""Replace or harden these groups. Apply **least privilege**: restrict inbound to required sources, avoid public admin ports, and minimize egress. Use approved baseline security groups, enforce change control with IaC and guardrails, prefer private administration (bastion or Session Manager), and remove unused rules."", ""REMEDIATION_RECOMMENDATION_URL"": ""https://hub.prowler.com/check/ec2_securitygroup_from_launch_wizard"", ""REMEDIATION_CODE_NATIVEIAC"": ""```yaml\r\n# CloudFormation: create a security group not named by Launch Wizard\r\nResources:\r\n  <example_resource_name>:\r\n    Type: AWS::EC2::SecurityGroup\r\n    Properties:\r\n      GroupDescription: SG not created by Launch Wizard\r\n      VpcId: <example_resource_id>\r\n      GroupName: <example_resource_name>  # Critical: name does NOT contain \""launch-wizard\"" to avoid FAIL\r\n```"", ""REMEDIATION_CODE_TERRAFORM"": ""```hcl\r\n# Create a security group not named by Launch Wizard\r\nresource \""aws_security_group\"" \""<example_resource_name>\"" {\r\n  name   = \""<example_resource_name>\""  # Critical: name does NOT contain \""launch-wizard\"" to avoid FAIL\r\n  vpc_id = \""<example_resource_id>\""\r\n}\r\n```"", ""REMEDIATION_CODE_CLI"": ""aws ec2 delete-security-group --group-id <SECURITY_GROUP_ID>"", ""REMEDIATION_CODE_OTHER"": ""1. In the AWS console, go to EC2 > Network & Security > Security Groups\r\n2. In the search box, filter by Name contains \""launch-wizard\""\r\n3. For each matching group, open the References tab and remove it from any ENIs/instances by replacing it with a different security group\r\n4. Select the launch-wizard security group and choose Actions > Delete security group > Delete\r\n5. Verify no security groups remain with names containing \""launch-wizard\"""", ""COMPLIANCE"": ""AWS-Well-Architected-Framework-Security-Pillar: SEC05-BP03 | ENS-RD2022: mp.com.1.aws.sg.1 | ISO27001-2022: A.8.20, A.8.21, A.8.22 | KISA-ISMS-P-2023: 2.10.2 | KISA-ISMS-P-2023-korean: 2.10.2"", ""CATEGORIES"": NaN, ""DEPENDS_ON"": NaN, ""RELATED_TO"": NaN, ""NOTES"": NaN, ""PROWLER_VERSION"": ""5.42.0"", ""ADDITIONAL_URLS"": ""https://www.trendmicro.com/trendaivisiononecloudriskmanagement/knowledge-base/aws/EC2/security-group-prefixed-with-launch-wizard.html | https://docs.aws.amazon.com/eks/latest/userguide/sec-group-reqs.html"", ""ACCOUNT_OU_UID"": NaN, ""ACCOUNT_OU_NAME"": NaN}"
Prowler,prowler-aws-ec2_securitygroup_from_launch_wizard-012092091624-eu-central-1-sg-03a2c5dfa97196af6,arn:aws:ec2:eu-central-1:012092091624:security-group/sg-03a2c5dfa97196af6,sg-03a2c5dfa97196af6,aws_fa6544e91a145476,Cloud/IAM Configuration,Security group not created using the EC2 Launch Wizard,medium,PASS,"**EC2 security groups** whose names include `launch-wizard` are identified as created by the **EC2 Launch Wizard**, distinguishing auto-generated groups from curated, baseline-controlled groups.",,,,,effective,eu-central-1,2026-09-16 18:14:43.448493,"Replace or harden these groups. Apply **least privilege**: restrict inbound to required sources, avoid public admin ports, and minimize egress. Use approved baseline security groups, enforce change control with IaC and guardrails, prefer private administration (bastion or Session Manager), and remove unused rules.","{""AUTH_METHOD"": ""profile: None"", ""TIMESTAMP"": ""2026-09-16 18:14:43.448493"", ""ACCOUNT_UID"": 12092091624, ""ACCOUNT_NAME"": NaN, ""ACCOUNT_EMAIL"": NaN, ""ACCOUNT_ORGANIZATION_UID"": NaN, ""ACCOUNT_ORGANIZATION_NAME"": NaN, ""ACCOUNT_TAGS"": NaN, ""FINDING_UID"": ""prowler-aws-ec2_securitygroup_from_launch_wizard-012092091624-eu-central-1-sg-03a2c5dfa97196af6"", ""PROVIDER"": ""aws"", ""CHECK_ID"": ""ec2_securitygroup_from_launch_wizard"", ""CHECK_TITLE"": ""Security group not created using the EC2 Launch Wizard"", ""CHECK_TYPE"": ""Software and Configuration Checks/AWS Security Best Practices/Network Reachability"", ""STATUS"": ""PASS"", ""STATUS_EXTENDED"": ""Security group default (sg-03a2c5dfa97196af6) was not created using the EC2 Launch Wizard."", ""MUTED"": false, ""SERVICE_NAME"": ""ec2"", ""SUBSERVICE_NAME"": NaN, ""SEVERITY"": ""medium"", ""RESOURCE_TYPE"": ""AwsEc2SecurityGroup"", ""RESOURCE_UID"": ""arn:aws:ec2:eu-central-1:012092091624:security-group/sg-03a2c5dfa97196af6"", ""RESOURCE_NAME"": ""sg-03a2c5dfa97196af6"", ""RESOURCE_DETAILS"": ""default"", ""RESOURCE_TAGS"": NaN, ""PARTITION"": ""aws"", ""REGION"": ""eu-central-1"", ""DESCRIPTION"": ""**EC2 security groups** whose names include `launch-wizard` are identified as created by the **EC2 Launch Wizard**, distinguishing auto-generated groups from curated, baseline-controlled groups."", ""RISK"": ""Wizard-generated groups often include **overly permissive rules** (e.g., `0.0.0.0/0` to admin ports), expanding exposure. Attackers can run **port scans** and **brute-force** to gain entry, then **lateral movement** and **data exfiltration**, impacting **confidentiality** and **integrity**; broad egress aids command-and-control."", ""RELATED_URL"": NaN, ""REMEDIATION_RECOMMENDATION_TEXT"": ""Replace or harden these groups. Apply **least privilege**: restrict inbound to required sources, avoid public admin ports, and minimize egress. Use approved baseline security groups, enforce change control with IaC and guardrails, prefer private administration (bastion or Session Manager), and remove unused rules."", ""REMEDIATION_RECOMMENDATION_URL"": ""https://hub.prowler.com/check/ec2_securitygroup_from_launch_wizard"", ""REMEDIATION_CODE_NATIVEIAC"": ""```yaml\r\n# CloudFormation: create a security group not named by Launch Wizard\r\nResources:\r\n  <example_resource_name>:\r\n    Type: AWS::EC2::SecurityGroup\r\n    Properties:\r\n      GroupDescription: SG not created by Launch Wizard\r\n      VpcId: <example_resource_id>\r\n      GroupName: <example_resource_name>  # Critical: name does NOT contain \""launch-wizard\"" to avoid FAIL\r\n```"", ""REMEDIATION_CODE_TERRAFORM"": ""```hcl\r\n# Create a security group not named by Launch Wizard\r\nresource \""aws_security_group\"" \""<example_resource_name>\"" {\r\n  name   = \""<example_resource_name>\""  # Critical: name does NOT contain \""launch-wizard\"" to avoid FAIL\r\n  vpc_id = \""<example_resource_id>\""\r\n}\r\n```"", ""REMEDIATION_CODE_CLI"": ""aws ec2 delete-security-group --group-id <SECURITY_GROUP_ID>"", ""REMEDIATION_CODE_OTHER"": ""1. In the AWS console, go to EC2 > Network & Security > Security Groups\r\n2. In the search box, filter by Name contains \""launch-wizard\""\r\n3. For each matching group, open the References tab and remove it from any ENIs/instances by replacing it with a different security group\r\n4. Select the launch-wizard security group and choose Actions > Delete security group > Delete\r\n5. Verify no security groups remain with names containing \""launch-wizard\"""", ""COMPLIANCE"": ""AWS-Well-Architected-Framework-Security-Pillar: SEC05-BP03 | ENS-RD2022: mp.com.1.aws.sg.1 | ISO27001-2022: A.8.20, A.8.21, A.8.22 | KISA-ISMS-P-2023: 2.10.2 | KISA-ISMS-P-2023-korean: 2.10.2"", ""CATEGORIES"": NaN, ""DEPENDS_ON"": NaN, ""RELATED_TO"": NaN, ""NOTES"": NaN, ""PROWLER_VERSION"": ""5.42.0"", ""ADDITIONAL_URLS"": ""https://www.trendmicro.com/trendaivisiononecloudriskmanagement/knowledge-base/aws/EC2/security-group-prefixed-with-launch-wizard.html | https://docs.aws.amazon.com/eks/latest/userguide/sec-group-reqs.html"", ""ACCOUNT_OU_UID"": NaN, ""ACCOUNT_OU_NAME"": NaN}"
Prowler,prowler-aws-ec2_securitygroup_from_launch_wizard-012092091624-eu-north-1-sg-0a1081363400073f9,arn:aws:ec2:eu-north-1:012092091624:security-group/sg-0a1081363400073f9,sg-0a1081363400073f9,aws_9d17bf3ea5f57dcd,Cloud/IAM Configuration,Security group not created using the EC2 Launch Wizard,medium,PASS,"**EC2 security groups** whose names include `launch-wizard` are identified as created by the **EC2 Launch Wizard**, distinguishing auto-generated groups from curated, baseline-controlled groups.",,,,,effective,eu-north-1,2026-09-16 18:14:43.448493,"Replace or harden these groups. Apply **least privilege**: restrict inbound to required sources, avoid public admin ports, and minimize egress. Use approved baseline security groups, enforce change control with IaC and guardrails, prefer private administration (bastion or Session Manager), and remove unused rules.","{""AUTH_METHOD"": ""profile: None"", ""TIMESTAMP"": ""2026-09-16 18:14:43.448493"", ""ACCOUNT_UID"": 12092091624, ""ACCOUNT_NAME"": NaN, ""ACCOUNT_EMAIL"": NaN, ""ACCOUNT_ORGANIZATION_UID"": NaN, ""ACCOUNT_ORGANIZATION_NAME"": NaN, ""ACCOUNT_TAGS"": NaN, ""FINDING_UID"": ""prowler-aws-ec2_securitygroup_from_launch_wizard-012092091624-eu-north-1-sg-0a1081363400073f9"", ""PROVIDER"": ""aws"", ""CHECK_ID"": ""ec2_securitygroup_from_launch_wizard"", ""CHECK_TITLE"": ""Security group not created using the EC2 Launch Wizard"", ""CHECK_TYPE"": ""Software and Configuration Checks/AWS Security Best Practices/Network Reachability"", ""STATUS"": ""PASS"", ""STATUS_EXTENDED"": ""Security group default (sg-0a1081363400073f9) was not created using the EC2 Launch Wizard."", ""MUTED"": false, ""SERVICE_NAME"": ""ec2"", ""SUBSERVICE_NAME"": NaN, ""SEVERITY"": ""medium"", ""RESOURCE_TYPE"": ""AwsEc2SecurityGroup"", ""RESOURCE_UID"": ""arn:aws:ec2:eu-north-1:012092091624:security-group/sg-0a1081363400073f9"", ""RESOURCE_NAME"": ""sg-0a1081363400073f9"", ""RESOURCE_DETAILS"": ""default"", ""RESOURCE_TAGS"": NaN, ""PARTITION"": ""aws"", ""REGION"": ""eu-north-1"", ""DESCRIPTION"": ""**EC2 security groups** whose names include `launch-wizard` are identified as created by the **EC2 Launch Wizard**, distinguishing auto-generated groups from curated, baseline-controlled groups."", ""RISK"": ""Wizard-generated groups often include **overly permissive rules** (e.g., `0.0.0.0/0` to admin ports), expanding exposure. Attackers can run **port scans** and **brute-force** to gain entry, then **lateral movement** and **data exfiltration**, impacting **confidentiality** and **integrity**; broad egress aids command-and-control."", ""RELATED_URL"": NaN, ""REMEDIATION_RECOMMENDATION_TEXT"": ""Replace or harden these groups. Apply **least privilege**: restrict inbound to required sources, avoid public admin ports, and minimize egress. Use approved baseline security groups, enforce change control with IaC and guardrails, prefer private administration (bastion or Session Manager), and remove unused rules."", ""REMEDIATION_RECOMMENDATION_URL"": ""https://hub.prowler.com/check/ec2_securitygroup_from_launch_wizard"", ""REMEDIATION_CODE_NATIVEIAC"": ""```yaml\r\n# CloudFormation: create a security group not named by Launch Wizard\r\nResources:\r\n  <example_resource_name>:\r\n    Type: AWS::EC2::SecurityGroup\r\n    Properties:\r\n      GroupDescription: SG not created by Launch Wizard\r\n      VpcId: <example_resource_id>\r\n      GroupName: <example_resource_name>  # Critical: name does NOT contain \""launch-wizard\"" to avoid FAIL\r\n```"", ""REMEDIATION_CODE_TERRAFORM"": ""```hcl\r\n# Create a security group not named by Launch Wizard\r\nresource \""aws_security_group\"" \""<example_resource_name>\"" {\r\n  name   = \""<example_resource_name>\""  # Critical: name does NOT contain \""launch-wizard\"" to avoid FAIL\r\n  vpc_id = \""<example_resource_id>\""\r\n}\r\n```"", ""REMEDIATION_CODE_CLI"": ""aws ec2 delete-security-group --group-id <SECURITY_GROUP_ID>"", ""REMEDIATION_CODE_OTHER"": ""1. In the AWS console, go to EC2 > Network & Security > Security Groups\r\n2. In the search box, filter by Name contains \""launch-wizard\""\r\n3. For each matching group, open the References tab and remove it from any ENIs/instances by replacing it with a different security group\r\n4. Select the launch-wizard security group and choose Actions > Delete security group > Delete\r\n5. Verify no security groups remain with names containing \""launch-wizard\"""", ""COMPLIANCE"": ""AWS-Well-Architected-Framework-Security-Pillar: SEC05-BP03 | ENS-RD2022: mp.com.1.aws.sg.1 | ISO27001-2022: A.8.20, A.8.21, A.8.22 | KISA-ISMS-P-2023: 2.10.2 | KISA-ISMS-P-2023-korean: 2.10.2"", ""CATEGORIES"": NaN, ""DEPENDS_ON"": NaN, ""RELATED_TO"": NaN, ""NOTES"": NaN, ""PROWLER_VERSION"": ""5.42.0"", ""ADDITIONAL_URLS"": ""https://www.trendmicro.com/trendaivisiononecloudriskmanagement/knowledge-base/aws/EC2/security-group-prefixed-with-launch-wizard.html | https://docs.aws.amazon.com/eks/latest/userguide/sec-group-reqs.html"", ""ACCOUNT_OU_UID"": NaN, ""ACCOUNT_OU_NAME"": NaN}"
Prowler,prowler-aws-ec2_securitygroup_from_launch_wizard-012092091624-eu-west-1-sg-05b80a4e05a9cba5b,arn:aws:ec2:eu-west-1:012092091624:security-group/sg-05b80a4e05a9cba5b,sg-05b80a4e05a9cba5b,aws_19fbee82533068f4,Cloud/IAM Configuration,Security group not created using the EC2 Launch Wizard,medium,PASS,"**EC2 security groups** whose names include `launch-wizard` are identified as created by the **EC2 Launch Wizard**, distinguishing auto-generated groups from curated, baseline-controlled groups.",,,,,effective,eu-west-1,2026-09-16 18:14:43.448493,"Replace or harden these groups. Apply **least privilege**: restrict inbound to required sources, avoid public admin ports, and minimize egress. Use approved baseline security groups, enforce change control with IaC and guardrails, prefer private administration (bastion or Session Manager), and remove unused rules.","{""AUTH_METHOD"": ""profile: None"", ""TIMESTAMP"": ""2026-09-16 18:14:43.448493"", ""ACCOUNT_UID"": 12092091624, ""ACCOUNT_NAME"": NaN, ""ACCOUNT_EMAIL"": NaN, ""ACCOUNT_ORGANIZATION_UID"": NaN, ""ACCOUNT_ORGANIZATION_NAME"": NaN, ""ACCOUNT_TAGS"": NaN, ""FINDING_UID"": ""prowler-aws-ec2_securitygroup_from_launch_wizard-012092091624-eu-west-1-sg-05b80a4e05a9cba5b"", ""PROVIDER"": ""aws"", ""CHECK_ID"": ""ec2_securitygroup_from_launch_wizard"", ""CHECK_TITLE"": ""Security group not created using the EC2 Launch Wizard"", ""CHECK_TYPE"": ""Software and Configuration Checks/AWS Security Best Practices/Network Reachability"", ""STATUS"": ""PASS"", ""STATUS_EXTENDED"": ""Security group default (sg-05b80a4e05a9cba5b) was not created using the EC2 Launch Wizard."", ""MUTED"": false, ""SERVICE_NAME"": ""ec2"", ""SUBSERVICE_NAME"": NaN, ""SEVERITY"": ""medium"", ""RESOURCE_TYPE"": ""AwsEc2SecurityGroup"", ""RESOURCE_UID"": ""arn:aws:ec2:eu-west-1:012092091624:security-group/sg-05b80a4e05a9cba5b"", ""RESOURCE_NAME"": ""sg-05b80a4e05a9cba5b"", ""RESOURCE_DETAILS"": ""default"", ""RESOURCE_TAGS"": NaN, ""PARTITION"": ""aws"", ""REGION"": ""eu-west-1"", ""DESCRIPTION"": ""**EC2 security groups** whose names include `launch-wizard` are identified as created by the **EC2 Launch Wizard**, distinguishing auto-generated groups from curated, baseline-controlled groups."", ""RISK"": ""Wizard-generated groups often include **overly permissive rules** (e.g., `0.0.0.0/0` to admin ports), expanding exposure. Attackers can run **port scans** and **brute-force** to gain entry, then **lateral movement** and **data exfiltration**, impacting **confidentiality** and **integrity**; broad egress aids command-and-control."", ""RELATED_URL"": NaN, ""REMEDIATION_RECOMMENDATION_TEXT"": ""Replace or harden these groups. Apply **least privilege**: restrict inbound to required sources, avoid public admin ports, and minimize egress. Use approved baseline security groups, enforce change control with IaC and guardrails, prefer private administration (bastion or Session Manager), and remove unused rules."", ""REMEDIATION_RECOMMENDATION_URL"": ""https://hub.prowler.com/check/ec2_securitygroup_from_launch_wizard"", ""REMEDIATION_CODE_NATIVEIAC"": ""```yaml\r\n# CloudFormation: create a security group not named by Launch Wizard\r\nResources:\r\n  <example_resource_name>:\r\n    Type: AWS::EC2::SecurityGroup\r\n    Properties:\r\n      GroupDescription: SG not created by Launch Wizard\r\n      VpcId: <example_resource_id>\r\n      GroupName: <example_resource_name>  # Critical: name does NOT contain \""launch-wizard\"" to avoid FAIL\r\n```"", ""REMEDIATION_CODE_TERRAFORM"": ""```hcl\r\n# Create a security group not named by Launch Wizard\r\nresource \""aws_security_group\"" \""<example_resource_name>\"" {\r\n  name   = \""<example_resource_name>\""  # Critical: name does NOT contain \""launch-wizard\"" to avoid FAIL\r\n  vpc_id = \""<example_resource_id>\""\r\n}\r\n```"", ""REMEDIATION_CODE_CLI"": ""aws ec2 delete-security-group --group-id <SECURITY_GROUP_ID>"", ""REMEDIATION_CODE_OTHER"": ""1. In the AWS console, go to EC2 > Network & Security > Security Groups\r\n2. In the search box, filter by Name contains \""launch-wizard\""\r\n3. For each matching group, open the References tab and remove it from any ENIs/instances by replacing it with a different security group\r\n4. Select the launch-wizard security group and choose Actions > Delete security group > Delete\r\n5. Verify no security groups remain with names containing \""launch-wizard\"""", ""COMPLIANCE"": ""AWS-Well-Architected-Framework-Security-Pillar: SEC05-BP03 | ENS-RD2022: mp.com.1.aws.sg.1 | ISO27001-2022: A.8.20, A.8.21, A.8.22 | KISA-ISMS-P-2023: 2.10.2 | KISA-ISMS-P-2023-korean: 2.10.2"", ""CATEGORIES"": NaN, ""DEPENDS_ON"": NaN, ""RELATED_TO"": NaN, ""NOTES"": NaN, ""PROWLER_VERSION"": ""5.42.0"", ""ADDITIONAL_URLS"": ""https://www.trendmicro.com/trendaivisiononecloudriskmanagement/knowledge-base/aws/EC2/security-group-prefixed-with-launch-wizard.html | https://docs.aws.amazon.com/eks/latest/userguide/sec-group-reqs.html"", ""ACCOUNT_OU_UID"": NaN, ""ACCOUNT_OU_NAME"": NaN}"
Prowler,prowler-aws-ec2_securitygroup_from_launch_wizard-012092091624-eu-west-2-sg-0e6e8b4f70b57c90e,arn:aws:ec2:eu-west-2:012092091624:security-group/sg-0e6e8b4f70b57c90e,sg-0e6e8b4f70b57c90e,aws_5f0f96845a24b666,Cloud/IAM Configuration,Security group not created using the EC2 Launch Wizard,medium,PASS,"**EC2 security groups** whose names include `launch-wizard` are identified as created by the **EC2 Launch Wizard**, distinguishing auto-generated groups from curated, baseline-controlled groups.",,,,,effective,eu-west-2,2026-09-16 18:14:43.448493,"Replace or harden these groups. Apply **least privilege**: restrict inbound to required sources, avoid public admin ports, and minimize egress. Use approved baseline security groups, enforce change control with IaC and guardrails, prefer private administration (bastion or Session Manager), and remove unused rules.","{""AUTH_METHOD"": ""profile: None"", ""TIMESTAMP"": ""2026-09-16 18:14:43.448493"", ""ACCOUNT_UID"": 12092091624, ""ACCOUNT_NAME"": NaN, ""ACCOUNT_EMAIL"": NaN, ""ACCOUNT_ORGANIZATION_UID"": NaN, ""ACCOUNT_ORGANIZATION_NAME"": NaN, ""ACCOUNT_TAGS"": NaN, ""FINDING_UID"": ""prowler-aws-ec2_securitygroup_from_launch_wizard-012092091624-eu-west-2-sg-0e6e8b4f70b57c90e"", ""PROVIDER"": ""aws"", ""CHECK_ID"": ""ec2_securitygroup_from_launch_wizard"", ""CHECK_TITLE"": ""Security group not created using the EC2 Launch Wizard"", ""CHECK_TYPE"": ""Software and Configuration Checks/AWS Security Best Practices/Network Reachability"", ""STATUS"": ""PASS"", ""STATUS_EXTENDED"": ""Security group default (sg-0e6e8b4f70b57c90e) was not created using the EC2 Launch Wizard."", ""MUTED"": false, ""SERVICE_NAME"": ""ec2"", ""SUBSERVICE_NAME"": NaN, ""SEVERITY"": ""medium"", ""RESOURCE_TYPE"": ""AwsEc2SecurityGroup"", ""RESOURCE_UID"": ""arn:aws:ec2:eu-west-2:012092091624:security-group/sg-0e6e8b4f70b57c90e"", ""RESOURCE_NAME"": ""sg-0e6e8b4f70b57c90e"", ""RESOURCE_DETAILS"": ""default"", ""RESOURCE_TAGS"": NaN, ""PARTITION"": ""aws"", ""REGION"": ""eu-west-2"", ""DESCRIPTION"": ""**EC2 security groups** whose names include `launch-wizard` are identified as created by the **EC2 Launch Wizard**, distinguishing auto-generated groups from curated, baseline-controlled groups."", ""RISK"": ""Wizard-generated groups often include **overly permissive rules** (e.g., `0.0.0.0/0` to admin ports), expanding exposure. Attackers can run **port scans** and **brute-force** to gain entry, then **lateral movement** and **data exfiltration**, impacting **confidentiality** and **integrity**; broad egress aids command-and-control."", ""RELATED_URL"": NaN, ""REMEDIATION_RECOMMENDATION_TEXT"": ""Replace or harden these groups. Apply **least privilege**: restrict inbound to required sources, avoid public admin ports, and minimize egress. Use approved baseline security groups, enforce change control with IaC and guardrails, prefer private administration (bastion or Session Manager), and remove unused rules."", ""REMEDIATION_RECOMMENDATION_URL"": ""https://hub.prowler.com/check/ec2_securitygroup_from_launch_wizard"", ""REMEDIATION_CODE_NATIVEIAC"": ""```yaml\r\n# CloudFormation: create a security group not named by Launch Wizard\r\nResources:\r\n  <example_resource_name>:\r\n    Type: AWS::EC2::SecurityGroup\r\n    Properties:\r\n      GroupDescription: SG not created by Launch Wizard\r\n      VpcId: <example_resource_id>\r\n      GroupName: <example_resource_name>  # Critical: name does NOT contain \""launch-wizard\"" to avoid FAIL\r\n```"", ""REMEDIATION_CODE_TERRAFORM"": ""```hcl\r\n# Create a security group not named by Launch Wizard\r\nresource \""aws_security_group\"" \""<example_resource_name>\"" {\r\n  name   = \""<example_resource_name>\""  # Critical: name does NOT contain \""launch-wizard\"" to avoid FAIL\r\n  vpc_id = \""<example_resource_id>\""\r\n}\r\n```"", ""REMEDIATION_CODE_CLI"": ""aws ec2 delete-security-group --group-id <SECURITY_GROUP_ID>"", ""REMEDIATION_CODE_OTHER"": ""1. In the AWS console, go to EC2 > Network & Security > Security Groups\r\n2. In the search box, filter by Name contains \""launch-wizard\""\r\n3. For each matching group, open the References tab and remove it from any ENIs/instances by replacing it with a different security group\r\n4. Select the launch-wizard security group and choose Actions > Delete security group > Delete\r\n5. Verify no security groups remain with names containing \""launch-wizard\"""", ""COMPLIANCE"": ""AWS-Well-Architected-Framework-Security-Pillar: SEC05-BP03 | ENS-RD2022: mp.com.1.aws.sg.1 | ISO27001-2022: A.8.20, A.8.21, A.8.22 | KISA-ISMS-P-2023: 2.10.2 | KISA-ISMS-P-2023-korean: 2.10.2"", ""CATEGORIES"": NaN, ""DEPENDS_ON"": NaN, ""RELATED_TO"": NaN, ""NOTES"": NaN, ""PROWLER_VERSION"": ""5.42.0"", ""ADDITIONAL_URLS"": ""https://www.trendmicro.com/trendaivisiononecloudriskmanagement/knowledge-base/aws/EC2/security-group-prefixed-with-launch-wizard.html | https://docs.aws.amazon.com/eks/latest/userguide/sec-group-reqs.html"", ""ACCOUNT_OU_UID"": NaN, ""ACCOUNT_OU_NAME"": NaN}"
Prowler,prowler-aws-ec2_securitygroup_from_launch_wizard-012092091624-eu-west-3-sg-04734d6bb2965e7e8,arn:aws:ec2:eu-west-3:012092091624:security-group/sg-04734d6bb2965e7e8,sg-04734d6bb2965e7e8,aws_9d0bb76a6e503706,Cloud/IAM Configuration,Security group not created using the EC2 Launch Wizard,medium,PASS,"**EC2 security groups** whose names include `launch-wizard` are identified as created by the **EC2 Launch Wizard**, distinguishing auto-generated groups from curated, baseline-controlled groups.",,,,,effective,eu-west-3,2026-09-16 18:14:43.448493,"Replace or harden these groups. Apply **least privilege**: restrict inbound to required sources, avoid public admin ports, and minimize egress. Use approved baseline security groups, enforce change control with IaC and guardrails, prefer private administration (bastion or Session Manager), and remove unused rules.","{""AUTH_METHOD"": ""profile: None"", ""TIMESTAMP"": ""2026-09-16 18:14:43.448493"", ""ACCOUNT_UID"": 12092091624, ""ACCOUNT_NAME"": NaN, ""ACCOUNT_EMAIL"": NaN, ""ACCOUNT_ORGANIZATION_UID"": NaN, ""ACCOUNT_ORGANIZATION_NAME"": NaN, ""ACCOUNT_TAGS"": NaN, ""FINDING_UID"": ""prowler-aws-ec2_securitygroup_from_launch_wizard-012092091624-eu-west-3-sg-04734d6bb2965e7e8"", ""PROVIDER"": ""aws"", ""CHECK_ID"": ""ec2_securitygroup_from_launch_wizard"", ""CHECK_TITLE"": ""Security group not created using the EC2 Launch Wizard"", ""CHECK_TYPE"": ""Software and Configuration Checks/AWS Security Best Practices/Network Reachability"", ""STATUS"": ""PASS"", ""STATUS_EXTENDED"": ""Security group default (sg-04734d6bb2965e7e8) was not created using the EC2 Launch Wizard."", ""MUTED"": false, ""SERVICE_NAME"": ""ec2"", ""SUBSERVICE_NAME"": NaN, ""SEVERITY"": ""medium"", ""RESOURCE_TYPE"": ""AwsEc2SecurityGroup"", ""RESOURCE_UID"": ""arn:aws:ec2:eu-west-3:012092091624:security-group/sg-04734d6bb2965e7e8"", ""RESOURCE_NAME"": ""sg-04734d6bb2965e7e8"", ""RESOURCE_DETAILS"": ""default"", ""RESOURCE_TAGS"": NaN, ""PARTITION"": ""aws"", ""REGION"": ""eu-west-3"", ""DESCRIPTION"": ""**EC2 security groups** whose names include `launch-wizard` are identified as created by the **EC2 Launch Wizard**, distinguishing auto-generated groups from curated, baseline-controlled groups."", ""RISK"": ""Wizard-generated groups often include **overly permissive rules** (e.g., `0.0.0.0/0` to admin ports), expanding exposure. Attackers can run **port scans** and **brute-force** to gain entry, then **lateral movement** and **data exfiltration**, impacting **confidentiality** and **integrity**; broad egress aids command-and-control."", ""RELATED_URL"": NaN, ""REMEDIATION_RECOMMENDATION_TEXT"": ""Replace or harden these groups. Apply **least privilege**: restrict inbound to required sources, avoid public admin ports, and minimize egress. Use approved baseline security groups, enforce change control with IaC and guardrails, prefer private administration (bastion or Session Manager), and remove unused rules."", ""REMEDIATION_RECOMMENDATION_URL"": ""https://hub.prowler.com/check/ec2_securitygroup_from_launch_wizard"", ""REMEDIATION_CODE_NATIVEIAC"": ""```yaml\r\n# CloudFormation: create a security group not named by Launch Wizard\r\nResources:\r\n  <example_resource_name>:\r\n    Type: AWS::EC2::SecurityGroup\r\n    Properties:\r\n      GroupDescription: SG not created by Launch Wizard\r\n      VpcId: <example_resource_id>\r\n      GroupName: <example_resource_name>  # Critical: name does NOT contain \""launch-wizard\"" to avoid FAIL\r\n```"", ""REMEDIATION_CODE_TERRAFORM"": ""```hcl\r\n# Create a security group not named by Launch Wizard\r\nresource \""aws_security_group\"" \""<example_resource_name>\"" {\r\n  name   = \""<example_resource_name>\""  # Critical: name does NOT contain \""launch-wizard\"" to avoid FAIL\r\n  vpc_id = \""<example_resource_id>\""\r\n}\r\n```"", ""REMEDIATION_CODE_CLI"": ""aws ec2 delete-security-group --group-id <SECURITY_GROUP_ID>"", ""REMEDIATION_CODE_OTHER"": ""1. In the AWS console, go to EC2 > Network & Security > Security Groups\r\n2. In the search box, filter by Name contains \""launch-wizard\""\r\n3. For each matching group, open the References tab and remove it from any ENIs/instances by replacing it with a different security group\r\n4. Select the launch-wizard security group and choose Actions > Delete security group > Delete\r\n5. Verify no security groups remain with names containing \""launch-wizard\"""", ""COMPLIANCE"": ""AWS-Well-Architected-Framework-Security-Pillar: SEC05-BP03 | ENS-RD2022: mp.com.1.aws.sg.1 | ISO27001-2022: A.8.20, A.8.21, A.8.22 | KISA-ISMS-P-2023: 2.10.2 | KISA-ISMS-P-2023-korean: 2.10.2"", ""CATEGORIES"": NaN, ""DEPENDS_ON"": NaN, ""RELATED_TO"": NaN, ""NOTES"": NaN, ""PROWLER_VERSION"": ""5.42.0"", ""ADDITIONAL_URLS"": ""https://www.trendmicro.com/trendaivisiononecloudriskmanagement/knowledge-base/aws/EC2/security-group-prefixed-with-launch-wizard.html | https://docs.aws.amazon.com/eks/latest/userguide/sec-group-reqs.html"", ""ACCOUNT_OU_UID"": NaN, ""ACCOUNT_OU_NAME"": NaN}"
Prowler,prowler-aws-ec2_securitygroup_from_launch_wizard-012092091624-sa-east-1-sg-08a611ae3e4259b8f,arn:aws:ec2:sa-east-1:012092091624:security-group/sg-08a611ae3e4259b8f,sg-08a611ae3e4259b8f,aws_32c8e3ef14fb5116,Cloud/IAM Configuration,Security group not created using the EC2 Launch Wizard,medium,PASS,"**EC2 security groups** whose names include `launch-wizard` are identified as created by the **EC2 Launch Wizard**, distinguishing auto-generated groups from curated, baseline-controlled groups.",,,,,effective,sa-east-1,2026-09-16 18:14:43.448493,"Replace or harden these groups. Apply **least privilege**: restrict inbound to required sources, avoid public admin ports, and minimize egress. Use approved baseline security groups, enforce change control with IaC and guardrails, prefer private administration (bastion or Session Manager), and remove unused rules.","{""AUTH_METHOD"": ""profile: None"", ""TIMESTAMP"": ""2026-09-16 18:14:43.448493"", ""ACCOUNT_UID"": 12092091624, ""ACCOUNT_NAME"": NaN, ""ACCOUNT_EMAIL"": NaN, ""ACCOUNT_ORGANIZATION_UID"": NaN, ""ACCOUNT_ORGANIZATION_NAME"": NaN, ""ACCOUNT_TAGS"": NaN, ""FINDING_UID"": ""prowler-aws-ec2_securitygroup_from_launch_wizard-012092091624-sa-east-1-sg-08a611ae3e4259b8f"", ""PROVIDER"": ""aws"", ""CHECK_ID"": ""ec2_securitygroup_from_launch_wizard"", ""CHECK_TITLE"": ""Security group not created using the EC2 Launch Wizard"", ""CHECK_TYPE"": ""Software and Configuration Checks/AWS Security Best Practices/Network Reachability"", ""STATUS"": ""PASS"", ""STATUS_EXTENDED"": ""Security group default (sg-08a611ae3e4259b8f) was not created using the EC2 Launch Wizard."", ""MUTED"": false, ""SERVICE_NAME"": ""ec2"", ""SUBSERVICE_NAME"": NaN, ""SEVERITY"": ""medium"", ""RESOURCE_TYPE"": ""AwsEc2SecurityGroup"", ""RESOURCE_UID"": ""arn:aws:ec2:sa-east-1:012092091624:security-group/sg-08a611ae3e4259b8f"", ""RESOURCE_NAME"": ""sg-08a611ae3e4259b8f"", ""RESOURCE_DETAILS"": ""default"", ""RESOURCE_TAGS"": NaN, ""PARTITION"": ""aws"", ""REGION"": ""sa-east-1"", ""DESCRIPTION"": ""**EC2 security groups** whose names include `launch-wizard` are identified as created by the **EC2 Launch Wizard**, distinguishing auto-generated groups from curated, baseline-controlled groups."", ""RISK"": ""Wizard-generated groups often include **overly permissive rules** (e.g., `0.0.0.0/0` to admin ports), expanding exposure. Attackers can run **port scans** and **brute-force** to gain entry, then **lateral movement** and **data exfiltration**, impacting **confidentiality** and **integrity**; broad egress aids command-and-control."", ""RELATED_URL"": NaN, ""REMEDIATION_RECOMMENDATION_TEXT"": ""Replace or harden these groups. Apply **least privilege**: restrict inbound to required sources, avoid public admin ports, and minimize egress. Use approved baseline security groups, enforce change control with IaC and guardrails, prefer private administration (bastion or Session Manager), and remove unused rules."", ""REMEDIATION_RECOMMENDATION_URL"": ""https://hub.prowler.com/check/ec2_securitygroup_from_launch_wizard"", ""REMEDIATION_CODE_NATIVEIAC"": ""```yaml\r\n# CloudFormation: create a security group not named by Launch Wizard\r\nResources:\r\n  <example_resource_name>:\r\n    Type: AWS::EC2::SecurityGroup\r\n    Properties:\r\n      GroupDescription: SG not created by Launch Wizard\r\n      VpcId: <example_resource_id>\r\n      GroupName: <example_resource_name>  # Critical: name does NOT contain \""launch-wizard\"" to avoid FAIL\r\n```"", ""REMEDIATION_CODE_TERRAFORM"": ""```hcl\r\n# Create a security group not named by Launch Wizard\r\nresource \""aws_security_group\"" \""<example_resource_name>\"" {\r\n  name   = \""<example_resource_name>\""  # Critical: name does NOT contain \""launch-wizard\"" to avoid FAIL\r\n  vpc_id = \""<example_resource_id>\""\r\n}\r\n```"", ""REMEDIATION_CODE_CLI"": ""aws ec2 delete-security-group --group-id <SECURITY_GROUP_ID>"", ""REMEDIATION_CODE_OTHER"": ""1. In the AWS console, go to EC2 > Network & Security > Security Groups\r\n2. In the search box, filter by Name contains \""launch-wizard\""\r\n3. For each matching group, open the References tab and remove it from any ENIs/instances by replacing it with a different security group\r\n4. Select the launch-wizard security group and choose Actions > Delete security group > Delete\r\n5. Verify no security groups remain with names containing \""launch-wizard\"""", ""COMPLIANCE"": ""AWS-Well-Architected-Framework-Security-Pillar: SEC05-BP03 | ENS-RD2022: mp.com.1.aws.sg.1 | ISO27001-2022: A.8.20, A.8.21, A.8.22 | KISA-ISMS-P-2023: 2.10.2 | KISA-ISMS-P-2023-korean: 2.10.2"", ""CATEGORIES"": NaN, ""DEPENDS_ON"": NaN, ""RELATED_TO"": NaN, ""NOTES"": NaN, ""PROWLER_VERSION"": ""5.42.0"", ""ADDITIONAL_URLS"": ""https://www.trendmicro.com/trendaivisiononecloudriskmanagement/knowledge-base/aws/EC2/security-group-prefixed-with-launch-wizard.html | https://docs.aws.amazon.com/eks/latest/userguide/sec-group-reqs.html"", ""ACCOUNT_OU_UID"": NaN, ""ACCOUNT_OU_NAME"": NaN}"
Prowler,prowler-aws-ec2_securitygroup_from_launch_wizard-012092091624-us-east-1-sg-0f44816d33b42c0b9,arn:aws:ec2:us-east-1:012092091624:security-group/sg-0f44816d33b42c0b9,sg-0f44816d33b42c0b9,aws_24a93aee6e795273,Cloud/IAM Configuration,Security group not created using the EC2 Launch Wizard,medium,PASS,"**EC2 security groups** whose names include `launch-wizard` are identified as created by the **EC2 Launch Wizard**, distinguishing auto-generated groups from curated, baseline-controlled groups.",,,,,effective,us-east-1,2026-09-16 18:14:43.448493,"Replace or harden these groups. Apply **least privilege**: restrict inbound to required sources, avoid public admin ports, and minimize egress. Use approved baseline security groups, enforce change control with IaC and guardrails, prefer private administration (bastion or Session Manager), and remove unused rules.","{""AUTH_METHOD"": ""profile: None"", ""TIMESTAMP"": ""2026-09-16 18:14:43.448493"", ""ACCOUNT_UID"": 12092091624, ""ACCOUNT_NAME"": NaN, ""ACCOUNT_EMAIL"": NaN, ""ACCOUNT_ORGANIZATION_UID"": NaN, ""ACCOUNT_ORGANIZATION_NAME"": NaN, ""ACCOUNT_TAGS"": NaN, ""FINDING_UID"": ""prowler-aws-ec2_securitygroup_from_launch_wizard-012092091624-us-east-1-sg-0f44816d33b42c0b9"", ""PROVIDER"": ""aws"", ""CHECK_ID"": ""ec2_securitygroup_from_launch_wizard"", ""CHECK_TITLE"": ""Security group not created using the EC2 Launch Wizard"", ""CHECK_TYPE"": ""Software and Configuration Checks/AWS Security Best Practices/Network Reachability"", ""STATUS"": ""PASS"", ""STATUS_EXTENDED"": ""Security group default (sg-0f44816d33b42c0b9) was not created using the EC2 Launch Wizard."", ""MUTED"": false, ""SERVICE_NAME"": ""ec2"", ""SUBSERVICE_NAME"": NaN, ""SEVERITY"": ""medium"", ""RESOURCE_TYPE"": ""AwsEc2SecurityGroup"", ""RESOURCE_UID"": ""arn:aws:ec2:us-east-1:012092091624:security-group/sg-0f44816d33b42c0b9"", ""RESOURCE_NAME"": ""sg-0f44816d33b42c0b9"", ""RESOURCE_DETAILS"": ""default"", ""RESOURCE_TAGS"": NaN, ""PARTITION"": ""aws"", ""REGION"": ""us-east-1"", ""DESCRIPTION"": ""**EC2 security groups** whose names include `launch-wizard` are identified as created by the **EC2 Launch Wizard**, distinguishing auto-generated groups from curated, baseline-controlled groups."", ""RISK"": ""Wizard-generated groups often include **overly permissive rules** (e.g., `0.0.0.0/0` to admin ports), expanding exposure. Attackers can run **port scans** and **brute-force** to gain entry, then **lateral movement** and **data exfiltration**, impacting **confidentiality** and **integrity**; broad egress aids command-and-control."", ""RELATED_URL"": NaN, ""REMEDIATION_RECOMMENDATION_TEXT"": ""Replace or harden these groups. Apply **least privilege**: restrict inbound to required sources, avoid public admin ports, and minimize egress. Use approved baseline security groups, enforce change control with IaC and guardrails, prefer private administration (bastion or Session Manager), and remove unused rules."", ""REMEDIATION_RECOMMENDATION_URL"": ""https://hub.prowler.com/check/ec2_securitygroup_from_launch_wizard"", ""REMEDIATION_CODE_NATIVEIAC"": ""```yaml\r\n# CloudFormation: create a security group not named by Launch Wizard\r\nResources:\r\n  <example_resource_name>:\r\n    Type: AWS::EC2::SecurityGroup\r\n    Properties:\r\n      GroupDescription: SG not created by Launch Wizard\r\n      VpcId: <example_resource_id>\r\n      GroupName: <example_resource_name>  # Critical: name does NOT contain \""launch-wizard\"" to avoid FAIL\r\n```"", ""REMEDIATION_CODE_TERRAFORM"": ""```hcl\r\n# Create a security group not named by Launch Wizard\r\nresource \""aws_security_group\"" \""<example_resource_name>\"" {\r\n  name   = \""<example_resource_name>\""  # Critical: name does NOT contain \""launch-wizard\"" to avoid FAIL\r\n  vpc_id = \""<example_resource_id>\""\r\n}\r\n```"", ""REMEDIATION_CODE_CLI"": ""aws ec2 delete-security-group --group-id <SECURITY_GROUP_ID>"", ""REMEDIATION_CODE_OTHER"": ""1. In the AWS console, go to EC2 > Network & Security > Security Groups\r\n2. In the search box, filter by Name contains \""launch-wizard\""\r\n3. For each matching group, open the References tab and remove it from any ENIs/instances by replacing it with a different security group\r\n4. Select the launch-wizard security group and choose Actions > Delete security group > Delete\r\n5. Verify no security groups remain with names containing \""launch-wizard\"""", ""COMPLIANCE"": ""AWS-Well-Architected-Framework-Security-Pillar: SEC05-BP03 | ENS-RD2022: mp.com.1.aws.sg.1 | ISO27001-2022: A.8.20, A.8.21, A.8.22 | KISA-ISMS-P-2023: 2.10.2 | KISA-ISMS-P-2023-korean: 2.10.2"", ""CATEGORIES"": NaN, ""DEPENDS_ON"": NaN, ""RELATED_TO"": NaN, ""NOTES"": NaN, ""PROWLER_VERSION"": ""5.42.0"", ""ADDITIONAL_URLS"": ""https://www.trendmicro.com/trendaivisiononecloudriskmanagement/knowledge-base/aws/EC2/security-group-prefixed-with-launch-wizard.html | https://docs.aws.amazon.com/eks/latest/userguide/sec-group-reqs.html"", ""ACCOUNT_OU_UID"": NaN, ""ACCOUNT_OU_NAME"": NaN}"
Prowler,prowler-aws-ec2_securitygroup_from_launch_wizard-012092091624-us-east-2-sg-072bb599957a28641,arn:aws:ec2:us-east-2:012092091624:security-group/sg-072bb599957a28641,sg-072bb599957a28641,aws_a454c033d9395871,Cloud/IAM Configuration,Security group not created using the EC2 Launch Wizard,medium,PASS,"**EC2 security groups** whose names include `launch-wizard` are identified as created by the **EC2 Launch Wizard**, distinguishing auto-generated groups from curated, baseline-controlled groups.",,,,,effective,us-east-2,2026-09-16 18:14:43.448493,"Replace or harden these groups. Apply **least privilege**: restrict inbound to required sources, avoid public admin ports, and minimize egress. Use approved baseline security groups, enforce change control with IaC and guardrails, prefer private administration (bastion or Session Manager), and remove unused rules.","{""AUTH_METHOD"": ""profile: None"", ""TIMESTAMP"": ""2026-09-16 18:14:43.448493"", ""ACCOUNT_UID"": 12092091624, ""ACCOUNT_NAME"": NaN, ""ACCOUNT_EMAIL"": NaN, ""ACCOUNT_ORGANIZATION_UID"": NaN, ""ACCOUNT_ORGANIZATION_NAME"": NaN, ""ACCOUNT_TAGS"": NaN, ""FINDING_UID"": ""prowler-aws-ec2_securitygroup_from_launch_wizard-012092091624-us-east-2-sg-072bb599957a28641"", ""PROVIDER"": ""aws"", ""CHECK_ID"": ""ec2_securitygroup_from_launch_wizard"", ""CHECK_TITLE"": ""Security group not created using the EC2 Launch Wizard"", ""CHECK_TYPE"": ""Software and Configuration Checks/AWS Security Best Practices/Network Reachability"", ""STATUS"": ""PASS"", ""STATUS_EXTENDED"": ""Security group default (sg-072bb599957a28641) was not created using the EC2 Launch Wizard."", ""MUTED"": false, ""SERVICE_NAME"": ""ec2"", ""SUBSERVICE_NAME"": NaN, ""SEVERITY"": ""medium"", ""RESOURCE_TYPE"": ""AwsEc2SecurityGroup"", ""RESOURCE_UID"": ""arn:aws:ec2:us-east-2:012092091624:security-group/sg-072bb599957a28641"", ""RESOURCE_NAME"": ""sg-072bb599957a28641"", ""RESOURCE_DETAILS"": ""default"", ""RESOURCE_TAGS"": NaN, ""PARTITION"": ""aws"", ""REGION"": ""us-east-2"", ""DESCRIPTION"": ""**EC2 security groups** whose names include `launch-wizard` are identified as created by the **EC2 Launch Wizard**, distinguishing auto-generated groups from curated, baseline-controlled groups."", ""RISK"": ""Wizard-generated groups often include **overly permissive rules** (e.g., `0.0.0.0/0` to admin ports), expanding exposure. Attackers can run **port scans** and **brute-force** to gain entry, then **lateral movement** and **data exfiltration**, impacting **confidentiality** and **integrity**; broad egress aids command-and-control."", ""RELATED_URL"": NaN, ""REMEDIATION_RECOMMENDATION_TEXT"": ""Replace or harden these groups. Apply **least privilege**: restrict inbound to required sources, avoid public admin ports, and minimize egress. Use approved baseline security groups, enforce change control with IaC and guardrails, prefer private administration (bastion or Session Manager), and remove unused rules."", ""REMEDIATION_RECOMMENDATION_URL"": ""https://hub.prowler.com/check/ec2_securitygroup_from_launch_wizard"", ""REMEDIATION_CODE_NATIVEIAC"": ""```yaml\r\n# CloudFormation: create a security group not named by Launch Wizard\r\nResources:\r\n  <example_resource_name>:\r\n    Type: AWS::EC2::SecurityGroup\r\n    Properties:\r\n      GroupDescription: SG not created by Launch Wizard\r\n      VpcId: <example_resource_id>\r\n      GroupName: <example_resource_name>  # Critical: name does NOT contain \""launch-wizard\"" to avoid FAIL\r\n```"", ""REMEDIATION_CODE_TERRAFORM"": ""```hcl\r\n# Create a security group not named by Launch Wizard\r\nresource \""aws_security_group\"" \""<example_resource_name>\"" {\r\n  name   = \""<example_resource_name>\""  # Critical: name does NOT contain \""launch-wizard\"" to avoid FAIL\r\n  vpc_id = \""<example_resource_id>\""\r\n}\r\n```"", ""REMEDIATION_CODE_CLI"": ""aws ec2 delete-security-group --group-id <SECURITY_GROUP_ID>"", ""REMEDIATION_CODE_OTHER"": ""1. In the AWS console, go to EC2 > Network & Security > Security Groups\r\n2. In the search box, filter by Name contains \""launch-wizard\""\r\n3. For each matching group, open the References tab and remove it from any ENIs/instances by replacing it with a different security group\r\n4. Select the launch-wizard security group and choose Actions > Delete security group > Delete\r\n5. Verify no security groups remain with names containing \""launch-wizard\"""", ""COMPLIANCE"": ""AWS-Well-Architected-Framework-Security-Pillar: SEC05-BP03 | ENS-RD2022: mp.com.1.aws.sg.1 | ISO27001-2022: A.8.20, A.8.21, A.8.22 | KISA-ISMS-P-2023: 2.10.2 | KISA-ISMS-P-2023-korean: 2.10.2"", ""CATEGORIES"": NaN, ""DEPENDS_ON"": NaN, ""RELATED_TO"": NaN, ""NOTES"": NaN, ""PROWLER_VERSION"": ""5.42.0"", ""ADDITIONAL_URLS"": ""https://www.trendmicro.com/trendaivisiononecloudriskmanagement/knowledge-base/aws/EC2/security-group-prefixed-with-launch-wizard.html | https://docs.aws.amazon.com/eks/latest/userguide/sec-group-reqs.html"", ""ACCOUNT_OU_UID"": NaN, ""ACCOUNT_OU_NAME"": NaN}"
Prowler,prowler-aws-ec2_securitygroup_from_launch_wizard-012092091624-us-west-1-sg-01da0eb443013845b,arn:aws:ec2:us-west-1:012092091624:security-group/sg-01da0eb443013845b,sg-01da0eb443013845b,aws_4a01136db068c8c1,Cloud/IAM Configuration,Security group not created using the EC2 Launch Wizard,medium,PASS,"**EC2 security groups** whose names include `launch-wizard` are identified as created by the **EC2 Launch Wizard**, distinguishing auto-generated groups from curated, baseline-controlled groups.",,,,,effective,us-west-1,2026-09-16 18:14:43.448493,"Replace or harden these groups. Apply **least privilege**: restrict inbound to required sources, avoid public admin ports, and minimize egress. Use approved baseline security groups, enforce change control with IaC and guardrails, prefer private administration (bastion or Session Manager), and remove unused rules.","{""AUTH_METHOD"": ""profile: None"", ""TIMESTAMP"": ""2026-09-16 18:14:43.448493"", ""ACCOUNT_UID"": 12092091624, ""ACCOUNT_NAME"": NaN, ""ACCOUNT_EMAIL"": NaN, ""ACCOUNT_ORGANIZATION_UID"": NaN, ""ACCOUNT_ORGANIZATION_NAME"": NaN, ""ACCOUNT_TAGS"": NaN, ""FINDING_UID"": ""prowler-aws-ec2_securitygroup_from_launch_wizard-012092091624-us-west-1-sg-01da0eb443013845b"", ""PROVIDER"": ""aws"", ""CHECK_ID"": ""ec2_securitygroup_from_launch_wizard"", ""CHECK_TITLE"": ""Security group not created using the EC2 Launch Wizard"", ""CHECK_TYPE"": ""Software and Configuration Checks/AWS Security Best Practices/Network Reachability"", ""STATUS"": ""PASS"", ""STATUS_EXTENDED"": ""Security group default (sg-01da0eb443013845b) was not created using the EC2 Launch Wizard."", ""MUTED"": false, ""SERVICE_NAME"": ""ec2"", ""SUBSERVICE_NAME"": NaN, ""SEVERITY"": ""medium"", ""RESOURCE_TYPE"": ""AwsEc2SecurityGroup"", ""RESOURCE_UID"": ""arn:aws:ec2:us-west-1:012092091624:security-group/sg-01da0eb443013845b"", ""RESOURCE_NAME"": ""sg-01da0eb443013845b"", ""RESOURCE_DETAILS"": ""default"", ""RESOURCE_TAGS"": NaN, ""PARTITION"": ""aws"", ""REGION"": ""us-west-1"", ""DESCRIPTION"": ""**EC2 security groups** whose names include `launch-wizard` are identified as created by the **EC2 Launch Wizard**, distinguishing auto-generated groups from curated, baseline-controlled groups."", ""RISK"": ""Wizard-generated groups often include **overly permissive rules** (e.g., `0.0.0.0/0` to admin ports), expanding exposure. Attackers can run **port scans** and **brute-force** to gain entry, then **lateral movement** and **data exfiltration**, impacting **confidentiality** and **integrity**; broad egress aids command-and-control."", ""RELATED_URL"": NaN, ""REMEDIATION_RECOMMENDATION_TEXT"": ""Replace or harden these groups. Apply **least privilege**: restrict inbound to required sources, avoid public admin ports, and minimize egress. Use approved baseline security groups, enforce change control with IaC and guardrails, prefer private administration (bastion or Session Manager), and remove unused rules."", ""REMEDIATION_RECOMMENDATION_URL"": ""https://hub.prowler.com/check/ec2_securitygroup_from_launch_wizard"", ""REMEDIATION_CODE_NATIVEIAC"": ""```yaml\r\n# CloudFormation: create a security group not named by Launch Wizard\r\nResources:\r\n  <example_resource_name>:\r\n    Type: AWS::EC2::SecurityGroup\r\n    Properties:\r\n      GroupDescription: SG not created by Launch Wizard\r\n      VpcId: <example_resource_id>\r\n      GroupName: <example_resource_name>  # Critical: name does NOT contain \""launch-wizard\"" to avoid FAIL\r\n```"", ""REMEDIATION_CODE_TERRAFORM"": ""```hcl\r\n# Create a security group not named by Launch Wizard\r\nresource \""aws_security_group\"" \""<example_resource_name>\"" {\r\n  name   = \""<example_resource_name>\""  # Critical: name does NOT contain \""launch-wizard\"" to avoid FAIL\r\n  vpc_id = \""<example_resource_id>\""\r\n}\r\n```"", ""REMEDIATION_CODE_CLI"": ""aws ec2 delete-security-group --group-id <SECURITY_GROUP_ID>"", ""REMEDIATION_CODE_OTHER"": ""1. In the AWS console, go to EC2 > Network & Security > Security Groups\r\n2. In the search box, filter by Name contains \""launch-wizard\""\r\n3. For each matching group, open the References tab and remove it from any ENIs/instances by replacing it with a different security group\r\n4. Select the launch-wizard security group and choose Actions > Delete security group > Delete\r\n5. Verify no security groups remain with names containing \""launch-wizard\"""", ""COMPLIANCE"": ""AWS-Well-Architected-Framework-Security-Pillar: SEC05-BP03 | ENS-RD2022: mp.com.1.aws.sg.1 | ISO27001-2022: A.8.20, A.8.21, A.8.22 | KISA-ISMS-P-2023: 2.10.2 | KISA-ISMS-P-2023-korean: 2.10.2"", ""CATEGORIES"": NaN, ""DEPENDS_ON"": NaN, ""RELATED_TO"": NaN, ""NOTES"": NaN, ""PROWLER_VERSION"": ""5.42.0"", ""ADDITIONAL_URLS"": ""https://www.trendmicro.com/trendaivisiononecloudriskmanagement/knowledge-base/aws/EC2/security-group-prefixed-with-launch-wizard.html | https://docs.aws.amazon.com/eks/latest/userguide/sec-group-reqs.html"", ""ACCOUNT_OU_UID"": NaN, ""ACCOUNT_OU_NAME"": NaN}"
Prowler,prowler-aws-ec2_securitygroup_from_launch_wizard-012092091624-us-west-2-sg-0c742d7c1412f47d8,arn:aws:ec2:us-west-2:012092091624:security-group/sg-0c742d7c1412f47d8,sg-0c742d7c1412f47d8,aws_044f30a4ec9ab495,Cloud/IAM Configuration,Security group not created using the EC2 Launch Wizard,medium,PASS,"**EC2 security groups** whose names include `launch-wizard` are identified as created by the **EC2 Launch Wizard**, distinguishing auto-generated groups from curated, baseline-controlled groups.",,,,,effective,us-west-2,2026-09-16 18:14:43.448493,"Replace or harden these groups. Apply **least privilege**: restrict inbound to required sources, avoid public admin ports, and minimize egress. Use approved baseline security groups, enforce change control with IaC and guardrails, prefer private administration (bastion or Session Manager), and remove unused rules.","{""AUTH_METHOD"": ""profile: None"", ""TIMESTAMP"": ""2026-09-16 18:14:43.448493"", ""ACCOUNT_UID"": 12092091624, ""ACCOUNT_NAME"": NaN, ""ACCOUNT_EMAIL"": NaN, ""ACCOUNT_ORGANIZATION_UID"": NaN, ""ACCOUNT_ORGANIZATION_NAME"": NaN, ""ACCOUNT_TAGS"": NaN, ""FINDING_UID"": ""prowler-aws-ec2_securitygroup_from_launch_wizard-012092091624-us-west-2-sg-0c742d7c1412f47d8"", ""PROVIDER"": ""aws"", ""CHECK_ID"": ""ec2_securitygroup_from_launch_wizard"", ""CHECK_TITLE"": ""Security group not created using the EC2 Launch Wizard"", ""CHECK_TYPE"": ""Software and Configuration Checks/AWS Security Best Practices/Network Reachability"", ""STATUS"": ""PASS"", ""STATUS_EXTENDED"": ""Security group default (sg-0c742d7c1412f47d8) was not created using the EC2 Launch Wizard."", ""MUTED"": false, ""SERVICE_NAME"": ""ec2"", ""SUBSERVICE_NAME"": NaN, ""SEVERITY"": ""medium"", ""RESOURCE_TYPE"": ""AwsEc2SecurityGroup"", ""RESOURCE_UID"": ""arn:aws:ec2:us-west-2:012092091624:security-group/sg-0c742d7c1412f47d8"", ""RESOURCE_NAME"": ""sg-0c742d7c1412f47d8"", ""RESOURCE_DETAILS"": ""default"", ""RESOURCE_TAGS"": NaN, ""PARTITION"": ""aws"", ""REGION"": ""us-west-2"", ""DESCRIPTION"": ""**EC2 security groups** whose names include `launch-wizard` are identified as created by the **EC2 Launch Wizard**, distinguishing auto-generated groups from curated, baseline-controlled groups."", ""RISK"": ""Wizard-generated groups often include **overly permissive rules** (e.g., `0.0.0.0/0` to admin ports), expanding exposure. Attackers can run **port scans** and **brute-force** to gain entry, then **lateral movement** and **data exfiltration**, impacting **confidentiality** and **integrity**; broad egress aids command-and-control."", ""RELATED_URL"": NaN, ""REMEDIATION_RECOMMENDATION_TEXT"": ""Replace or harden these groups. Apply **least privilege**: restrict inbound to required sources, avoid public admin ports, and minimize egress. Use approved baseline security groups, enforce change control with IaC and guardrails, prefer private administration (bastion or Session Manager), and remove unused rules."", ""REMEDIATION_RECOMMENDATION_URL"": ""https://hub.prowler.com/check/ec2_securitygroup_from_launch_wizard"", ""REMEDIATION_CODE_NATIVEIAC"": ""```yaml\r\n# CloudFormation: create a security group not named by Launch Wizard\r\nResources:\r\n  <example_resource_name>:\r\n    Type: AWS::EC2::SecurityGroup\r\n    Properties:\r\n      GroupDescription: SG not created by Launch Wizard\r\n      VpcId: <example_resource_id>\r\n      GroupName: <example_resource_name>  # Critical: name does NOT contain \""launch-wizard\"" to avoid FAIL\r\n```"", ""REMEDIATION_CODE_TERRAFORM"": ""```hcl\r\n# Create a security group not named by Launch Wizard\r\nresource \""aws_security_group\"" \""<example_resource_name>\"" {\r\n  name   = \""<example_resource_name>\""  # Critical: name does NOT contain \""launch-wizard\"" to avoid FAIL\r\n  vpc_id = \""<example_resource_id>\""\r\n}\r\n```"", ""REMEDIATION_CODE_CLI"": ""aws ec2 delete-security-group --group-id <SECURITY_GROUP_ID>"", ""REMEDIATION_CODE_OTHER"": ""1. In the AWS console, go to EC2 > Network & Security > Security Groups\r\n2. In the search box, filter by Name contains \""launch-wizard\""\r\n3. For each matching group, open the References tab and remove it from any ENIs/instances by replacing it with a different security group\r\n4. Select the launch-wizard security group and choose Actions > Delete security group > Delete\r\n5. Verify no security groups remain with names containing \""launch-wizard\"""", ""COMPLIANCE"": ""AWS-Well-Architected-Framework-Security-Pillar: SEC05-BP03 | ENS-RD2022: mp.com.1.aws.sg.1 | ISO27001-2022: A.8.20, A.8.21, A.8.22 | KISA-ISMS-P-2023: 2.10.2 | KISA-ISMS-P-2023-korean: 2.10.2"", ""CATEGORIES"": NaN, ""DEPENDS_ON"": NaN, ""RELATED_TO"": NaN, ""NOTES"": NaN, ""PROWLER_VERSION"": ""5.42.0"", ""ADDITIONAL_URLS"": ""https://www.trendmicro.com/trendaivisiononecloudriskmanagement/knowledge-base/aws/EC2/security-group-prefixed-with-launch-wizard.html | https://docs.aws.amazon.com/eks/latest/userguide/sec-group-reqs.html"", ""ACCOUNT_OU_UID"": NaN, ""ACCOUNT_OU_NAME"": NaN}"
Prowler,prowler-aws-ec2_securitygroup_with_many_ingress_egress_rules-012092091624-ap-northeast-1-sg-0ce4e08a37b849f7d,arn:aws:ec2:ap-northeast-1:012092091624:security-group/sg-0ce4e08a37b849f7d,sg-0ce4e08a37b849f7d,aws_b15bf0f3b6507ffd,Cloud/IAM Configuration,Security group has 50 or fewer inbound rules and 50 or fewer outbound rules,medium,PASS,"**EC2 security groups** are evaluated for excessive rule counts, flagging groups where `ingress` or `egress` entries exceed the configured threshold (default `50`). This targets groups with unusually large rule sets that complicate access control.",,,,,effective,ap-northeast-1,2026-09-16 18:14:43.448493,"Apply **least privilege** and **segmentation**:
- Limit rules to required ports, protocols, and sources
- Split workloads into dedicated security groups per role
- Prefer SG-to-SG references over broad CIDRs
- Regularly review, deduplicate, and remove stale rules
- Layer controls (NACLs, private endpoints) for **defense in depth**","{""AUTH_METHOD"": ""profile: None"", ""TIMESTAMP"": ""2026-09-16 18:14:43.448493"", ""ACCOUNT_UID"": 12092091624, ""ACCOUNT_NAME"": NaN, ""ACCOUNT_EMAIL"": NaN, ""ACCOUNT_ORGANIZATION_UID"": NaN, ""ACCOUNT_ORGANIZATION_NAME"": NaN, ""ACCOUNT_TAGS"": NaN, ""FINDING_UID"": ""prowler-aws-ec2_securitygroup_with_many_ingress_egress_rules-012092091624-ap-northeast-1-sg-0ce4e08a37b849f7d"", ""PROVIDER"": ""aws"", ""CHECK_ID"": ""ec2_securitygroup_with_many_ingress_egress_rules"", ""CHECK_TITLE"": ""Security group has 50 or fewer inbound rules and 50 or fewer outbound rules"", ""CHECK_TYPE"": ""Software and Configuration Checks/AWS Security Best Practices/Network Reachability | Software and Configuration Checks/Industry and Regulatory Standards/AWS Foundational Security Best Practices | Software and Configuration Checks/Industry and Regulatory Standards/CIS AWS Foundations Benchmark"", ""STATUS"": ""PASS"", ""STATUS_EXTENDED"": ""Security group default (sg-0ce4e08a37b849f7d) has 1 inbound rules and 1 outbound rules."", ""MUTED"": false, ""SERVICE_NAME"": ""ec2"", ""SUBSERVICE_NAME"": NaN, ""SEVERITY"": ""medium"", ""RESOURCE_TYPE"": ""AwsEc2SecurityGroup"", ""RESOURCE_UID"": ""arn:aws:ec2:ap-northeast-1:012092091624:security-group/sg-0ce4e08a37b849f7d"", ""RESOURCE_NAME"": ""sg-0ce4e08a37b849f7d"", ""RESOURCE_DETAILS"": ""default"", ""RESOURCE_TAGS"": NaN, ""PARTITION"": ""aws"", ""REGION"": ""ap-northeast-1"", ""DESCRIPTION"": ""**EC2 security groups** are evaluated for excessive rule counts, flagging groups where `ingress` or `egress` entries exceed the configured threshold (default `50`). This targets groups with unusually large rule sets that complicate access control."", ""RISK"": ""**Rule sprawl** weakens **least privilege**: large rule sets can hide overly permissive entries, exposing services to the Internet or unintended peers. This enables unauthorized access, data exfiltration, and lateral movement, impacting **confidentiality** and **integrity**, and can threaten **availability** via abuse of exposed services."", ""RELATED_URL"": NaN, ""REMEDIATION_RECOMMENDATION_TEXT"": ""Apply **least privilege** and **segmentation**:\r\n- Limit rules to required ports, protocols, and sources\r\n- Split workloads into dedicated security groups per role\r\n- Prefer SG-to-SG references over broad CIDRs\r\n- Regularly review, deduplicate, and remove stale rules\r\n- Layer controls (NACLs, private endpoints) for **defense in depth**"", ""REMEDIATION_RECOMMENDATION_URL"": ""https://hub.prowler.com/check/ec2_securitygroup_with_many_ingress_egress_rules"", ""REMEDIATION_CODE_NATIVEIAC"": ""```yaml\r\n# CloudFormation: Security group with limited number of rules\r\nResources:\r\n  <example_resource_name>:\r\n    Type: AWS::EC2::SecurityGroup\r\n    Properties:\r\n      GroupDescription: \""<example_resource_name>\""\r\n      VpcId: <example_resource_id>\r\n      SecurityGroupIngress:\r\n        - IpProtocol: tcp\r\n          FromPort: 443\r\n          ToPort: 443\r\n          CidrIp: 10.0.0.0/8  # Critical: keep total inbound rules  50; this example defines only 1 rule to ensure compliance\r\n```"", ""REMEDIATION_CODE_TERRAFORM"": ""```hcl\r\n# Terraform: Security group with limited number of rules\r\nresource \""aws_security_group\"" \""<example_resource_name>\"" {\r\n  name   = \""<example_resource_name>\""\r\n  vpc_id = \""<example_resource_id>\""\r\n\r\n  ingress {                      # Critical: keep total ingress/egress rules  50; single rule ensures PASS\r\n    from_port   = 443\r\n    to_port     = 443\r\n    protocol    = \""tcp\""\r\n    cidr_blocks = [\""10.0.0.0/8\""]\r\n  }\r\n}\r\n```"", ""REMEDIATION_CODE_CLI"": NaN, ""REMEDIATION_CODE_OTHER"": ""1. In the AWS console, go to EC2 > Security Groups\r\n2. Select the security group that FAILED\r\n3. In Inbound rules, click Edit inbound rules\r\n4. Delete rules until the inbound rule count is 50 or fewer, then Save\r\n5. In Outbound rules, click Edit outbound rules\r\n6. Delete rules until the outbound rule count is 50 or fewer, then Save"", ""COMPLIANCE"": ""AWS-Foundational-Technical-Review: NETSEC-001 | AWS-Well-Architected-Framework-Security-Pillar: SEC05-BP03 | ISO27001-2022: A.8.20, A.8.21, A.8.22 | KISA-ISMS-P-2023: 2.10.2 | KISA-ISMS-P-2023-korean: 2.10.2"", ""CATEGORIES"": ""trust-boundaries"", ""DEPENDS_ON"": NaN, ""RELATED_TO"": NaN, ""NOTES"": NaN, ""PROWLER_VERSION"": ""5.42.0"", ""ADDITIONAL_URLS"": ""https://docs.aws.amazon.com/vpc/latest/userguide/VPC_SecurityGroups.html | https://www.trendmicro.com/trendaivisiononecloudriskmanagement/knowledge-base/aws/EC2/security-group-rules-counts.html"", ""ACCOUNT_OU_UID"": NaN, ""ACCOUNT_OU_NAME"": NaN}"
Prowler,prowler-aws-ec2_securitygroup_with_many_ingress_egress_rules-012092091624-ap-northeast-2-sg-0cca4111a1255158e,arn:aws:ec2:ap-northeast-2:012092091624:security-group/sg-0cca4111a1255158e,sg-0cca4111a1255158e,aws_185794277130cbbc,Cloud/IAM Configuration,Security group has 50 or fewer inbound rules and 50 or fewer outbound rules,medium,PASS,"**EC2 security groups** are evaluated for excessive rule counts, flagging groups where `ingress` or `egress` entries exceed the configured threshold (default `50`). This targets groups with unusually large rule sets that complicate access control.",,,,,effective,ap-northeast-2,2026-09-16 18:14:43.448493,"Apply **least privilege** and **segmentation**:
- Limit rules to required ports, protocols, and sources
- Split workloads into dedicated security groups per role
- Prefer SG-to-SG references over broad CIDRs
- Regularly review, deduplicate, and remove stale rules
- Layer controls (NACLs, private endpoints) for **defense in depth**","{""AUTH_METHOD"": ""profile: None"", ""TIMESTAMP"": ""2026-09-16 18:14:43.448493"", ""ACCOUNT_UID"": 12092091624, ""ACCOUNT_NAME"": NaN, ""ACCOUNT_EMAIL"": NaN, ""ACCOUNT_ORGANIZATION_UID"": NaN, ""ACCOUNT_ORGANIZATION_NAME"": NaN, ""ACCOUNT_TAGS"": NaN, ""FINDING_UID"": ""prowler-aws-ec2_securitygroup_with_many_ingress_egress_rules-012092091624-ap-northeast-2-sg-0cca4111a1255158e"", ""PROVIDER"": ""aws"", ""CHECK_ID"": ""ec2_securitygroup_with_many_ingress_egress_rules"", ""CHECK_TITLE"": ""Security group has 50 or fewer inbound rules and 50 or fewer outbound rules"", ""CHECK_TYPE"": ""Software and Configuration Checks/AWS Security Best Practices/Network Reachability | Software and Configuration Checks/Industry and Regulatory Standards/AWS Foundational Security Best Practices | Software and Configuration Checks/Industry and Regulatory Standards/CIS AWS Foundations Benchmark"", ""STATUS"": ""PASS"", ""STATUS_EXTENDED"": ""Security group default (sg-0cca4111a1255158e) has 1 inbound rules and 1 outbound rules."", ""MUTED"": false, ""SERVICE_NAME"": ""ec2"", ""SUBSERVICE_NAME"": NaN, ""SEVERITY"": ""medium"", ""RESOURCE_TYPE"": ""AwsEc2SecurityGroup"", ""RESOURCE_UID"": ""arn:aws:ec2:ap-northeast-2:012092091624:security-group/sg-0cca4111a1255158e"", ""RESOURCE_NAME"": ""sg-0cca4111a1255158e"", ""RESOURCE_DETAILS"": ""default"", ""RESOURCE_TAGS"": NaN, ""PARTITION"": ""aws"", ""REGION"": ""ap-northeast-2"", ""DESCRIPTION"": ""**EC2 security groups** are evaluated for excessive rule counts, flagging groups where `ingress` or `egress` entries exceed the configured threshold (default `50`). This targets groups with unusually large rule sets that complicate access control."", ""RISK"": ""**Rule sprawl** weakens **least privilege**: large rule sets can hide overly permissive entries, exposing services to the Internet or unintended peers. This enables unauthorized access, data exfiltration, and lateral movement, impacting **confidentiality** and **integrity**, and can threaten **availability** via abuse of exposed services."", ""RELATED_URL"": NaN, ""REMEDIATION_RECOMMENDATION_TEXT"": ""Apply **least privilege** and **segmentation**:\r\n- Limit rules to required ports, protocols, and sources\r\n- Split workloads into dedicated security groups per role\r\n- Prefer SG-to-SG references over broad CIDRs\r\n- Regularly review, deduplicate, and remove stale rules\r\n- Layer controls (NACLs, private endpoints) for **defense in depth**"", ""REMEDIATION_RECOMMENDATION_URL"": ""https://hub.prowler.com/check/ec2_securitygroup_with_many_ingress_egress_rules"", ""REMEDIATION_CODE_NATIVEIAC"": ""```yaml\r\n# CloudFormation: Security group with limited number of rules\r\nResources:\r\n  <example_resource_name>:\r\n    Type: AWS::EC2::SecurityGroup\r\n    Properties:\r\n      GroupDescription: \""<example_resource_name>\""\r\n      VpcId: <example_resource_id>\r\n      SecurityGroupIngress:\r\n        - IpProtocol: tcp\r\n          FromPort: 443\r\n          ToPort: 443\r\n          CidrIp: 10.0.0.0/8  # Critical: keep total inbound rules  50; this example defines only 1 rule to ensure compliance\r\n```"", ""REMEDIATION_CODE_TERRAFORM"": ""```hcl\r\n# Terraform: Security group with limited number of rules\r\nresource \""aws_security_group\"" \""<example_resource_name>\"" {\r\n  name   = \""<example_resource_name>\""\r\n  vpc_id = \""<example_resource_id>\""\r\n\r\n  ingress {                      # Critical: keep total ingress/egress rules  50; single rule ensures PASS\r\n    from_port   = 443\r\n    to_port     = 443\r\n    protocol    = \""tcp\""\r\n    cidr_blocks = [\""10.0.0.0/8\""]\r\n  }\r\n}\r\n```"", ""REMEDIATION_CODE_CLI"": NaN, ""REMEDIATION_CODE_OTHER"": ""1. In the AWS console, go to EC2 > Security Groups\r\n2. Select the security group that FAILED\r\n3. In Inbound rules, click Edit inbound rules\r\n4. Delete rules until the inbound rule count is 50 or fewer, then Save\r\n5. In Outbound rules, click Edit outbound rules\r\n6. Delete rules until the outbound rule count is 50 or fewer, then Save"", ""COMPLIANCE"": ""AWS-Foundational-Technical-Review: NETSEC-001 | AWS-Well-Architected-Framework-Security-Pillar: SEC05-BP03 | ISO27001-2022: A.8.20, A.8.21, A.8.22 | KISA-ISMS-P-2023: 2.10.2 | KISA-ISMS-P-2023-korean: 2.10.2"", ""CATEGORIES"": ""trust-boundaries"", ""DEPENDS_ON"": NaN, ""RELATED_TO"": NaN, ""NOTES"": NaN, ""PROWLER_VERSION"": ""5.42.0"", ""ADDITIONAL_URLS"": ""https://docs.aws.amazon.com/vpc/latest/userguide/VPC_SecurityGroups.html | https://www.trendmicro.com/trendaivisiononecloudriskmanagement/knowledge-base/aws/EC2/security-group-rules-counts.html"", ""ACCOUNT_OU_UID"": NaN, ""ACCOUNT_OU_NAME"": NaN}"
Prowler,prowler-aws-ec2_securitygroup_with_many_ingress_egress_rules-012092091624-ap-northeast-3-sg-0b5888fe6576b7ae4,arn:aws:ec2:ap-northeast-3:012092091624:security-group/sg-0b5888fe6576b7ae4,sg-0b5888fe6576b7ae4,aws_f9114c736e32e470,Cloud/IAM Configuration,Security group has 50 or fewer inbound rules and 50 or fewer outbound rules,medium,PASS,"**EC2 security groups** are evaluated for excessive rule counts, flagging groups where `ingress` or `egress` entries exceed the configured threshold (default `50`). This targets groups with unusually large rule sets that complicate access control.",,,,,effective,ap-northeast-3,2026-09-16 18:14:43.448493,"Apply **least privilege** and **segmentation**:
- Limit rules to required ports, protocols, and sources
- Split workloads into dedicated security groups per role
- Prefer SG-to-SG references over broad CIDRs
- Regularly review, deduplicate, and remove stale rules
- Layer controls (NACLs, private endpoints) for **defense in depth**","{""AUTH_METHOD"": ""profile: None"", ""TIMESTAMP"": ""2026-09-16 18:14:43.448493"", ""ACCOUNT_UID"": 12092091624, ""ACCOUNT_NAME"": NaN, ""ACCOUNT_EMAIL"": NaN, ""ACCOUNT_ORGANIZATION_UID"": NaN, ""ACCOUNT_ORGANIZATION_NAME"": NaN, ""ACCOUNT_TAGS"": NaN, ""FINDING_UID"": ""prowler-aws-ec2_securitygroup_with_many_ingress_egress_rules-012092091624-ap-northeast-3-sg-0b5888fe6576b7ae4"", ""PROVIDER"": ""aws"", ""CHECK_ID"": ""ec2_securitygroup_with_many_ingress_egress_rules"", ""CHECK_TITLE"": ""Security group has 50 or fewer inbound rules and 50 or fewer outbound rules"", ""CHECK_TYPE"": ""Software and Configuration Checks/AWS Security Best Practices/Network Reachability | Software and Configuration Checks/Industry and Regulatory Standards/AWS Foundational Security Best Practices | Software and Configuration Checks/Industry and Regulatory Standards/CIS AWS Foundations Benchmark"", ""STATUS"": ""PASS"", ""STATUS_EXTENDED"": ""Security group default (sg-0b5888fe6576b7ae4) has 1 inbound rules and 1 outbound rules."", ""MUTED"": false, ""SERVICE_NAME"": ""ec2"", ""SUBSERVICE_NAME"": NaN, ""SEVERITY"": ""medium"", ""RESOURCE_TYPE"": ""AwsEc2SecurityGroup"", ""RESOURCE_UID"": ""arn:aws:ec2:ap-northeast-3:012092091624:security-group/sg-0b5888fe6576b7ae4"", ""RESOURCE_NAME"": ""sg-0b5888fe6576b7ae4"", ""RESOURCE_DETAILS"": ""default"", ""RESOURCE_TAGS"": NaN, ""PARTITION"": ""aws"", ""REGION"": ""ap-northeast-3"", ""DESCRIPTION"": ""**EC2 security groups** are evaluated for excessive rule counts, flagging groups where `ingress` or `egress` entries exceed the configured threshold (default `50`). This targets groups with unusually large rule sets that complicate access control."", ""RISK"": ""**Rule sprawl** weakens **least privilege**: large rule sets can hide overly permissive entries, exposing services to the Internet or unintended peers. This enables unauthorized access, data exfiltration, and lateral movement, impacting **confidentiality** and **integrity**, and can threaten **availability** via abuse of exposed services."", ""RELATED_URL"": NaN, ""REMEDIATION_RECOMMENDATION_TEXT"": ""Apply **least privilege** and **segmentation**:\r\n- Limit rules to required ports, protocols, and sources\r\n- Split workloads into dedicated security groups per role\r\n- Prefer SG-to-SG references over broad CIDRs\r\n- Regularly review, deduplicate, and remove stale rules\r\n- Layer controls (NACLs, private endpoints) for **defense in depth**"", ""REMEDIATION_RECOMMENDATION_URL"": ""https://hub.prowler.com/check/ec2_securitygroup_with_many_ingress_egress_rules"", ""REMEDIATION_CODE_NATIVEIAC"": ""```yaml\r\n# CloudFormation: Security group with limited number of rules\r\nResources:\r\n  <example_resource_name>:\r\n    Type: AWS::EC2::SecurityGroup\r\n    Properties:\r\n      GroupDescription: \""<example_resource_name>\""\r\n      VpcId: <example_resource_id>\r\n      SecurityGroupIngress:\r\n        - IpProtocol: tcp\r\n          FromPort: 443\r\n          ToPort: 443\r\n          CidrIp: 10.0.0.0/8  # Critical: keep total inbound rules  50; this example defines only 1 rule to ensure compliance\r\n```"", ""REMEDIATION_CODE_TERRAFORM"": ""```hcl\r\n# Terraform: Security group with limited number of rules\r\nresource \""aws_security_group\"" \""<example_resource_name>\"" {\r\n  name   = \""<example_resource_name>\""\r\n  vpc_id = \""<example_resource_id>\""\r\n\r\n  ingress {                      # Critical: keep total ingress/egress rules  50; single rule ensures PASS\r\n    from_port   = 443\r\n    to_port     = 443\r\n    protocol    = \""tcp\""\r\n    cidr_blocks = [\""10.0.0.0/8\""]\r\n  }\r\n}\r\n```"", ""REMEDIATION_CODE_CLI"": NaN, ""REMEDIATION_CODE_OTHER"": ""1. In the AWS console, go to EC2 > Security Groups\r\n2. Select the security group that FAILED\r\n3. In Inbound rules, click Edit inbound rules\r\n4. Delete rules until the inbound rule count is 50 or fewer, then Save\r\n5. In Outbound rules, click Edit outbound rules\r\n6. Delete rules until the outbound rule count is 50 or fewer, then Save"", ""COMPLIANCE"": ""AWS-Foundational-Technical-Review: NETSEC-001 | AWS-Well-Architected-Framework-Security-Pillar: SEC05-BP03 | ISO27001-2022: A.8.20, A.8.21, A.8.22 | KISA-ISMS-P-2023: 2.10.2 | KISA-ISMS-P-2023-korean: 2.10.2"", ""CATEGORIES"": ""trust-boundaries"", ""DEPENDS_ON"": NaN, ""RELATED_TO"": NaN, ""NOTES"": NaN, ""PROWLER_VERSION"": ""5.42.0"", ""ADDITIONAL_URLS"": ""https://docs.aws.amazon.com/vpc/latest/userguide/VPC_SecurityGroups.html | https://www.trendmicro.com/trendaivisiononecloudriskmanagement/knowledge-base/aws/EC2/security-group-rules-counts.html"", ""ACCOUNT_OU_UID"": NaN, ""ACCOUNT_OU_NAME"": NaN}"
Prowler,prowler-aws-ec2_securitygroup_with_many_ingress_egress_rules-012092091624-ap-south-1-sg-03eb35b47faff6188,arn:aws:ec2:ap-south-1:012092091624:security-group/sg-03eb35b47faff6188,sg-03eb35b47faff6188,aws_f6df002272e59f57,Cloud/IAM Configuration,Security group has 50 or fewer inbound rules and 50 or fewer outbound rules,medium,PASS,"**EC2 security groups** are evaluated for excessive rule counts, flagging groups where `ingress` or `egress` entries exceed the configured threshold (default `50`). This targets groups with unusually large rule sets that complicate access control.",,,,,effective,ap-south-1,2026-09-16 18:14:43.448493,"Apply **least privilege** and **segmentation**:
- Limit rules to required ports, protocols, and sources
- Split workloads into dedicated security groups per role
- Prefer SG-to-SG references over broad CIDRs
- Regularly review, deduplicate, and remove stale rules
- Layer controls (NACLs, private endpoints) for **defense in depth**","{""AUTH_METHOD"": ""profile: None"", ""TIMESTAMP"": ""2026-09-16 18:14:43.448493"", ""ACCOUNT_UID"": 12092091624, ""ACCOUNT_NAME"": NaN, ""ACCOUNT_EMAIL"": NaN, ""ACCOUNT_ORGANIZATION_UID"": NaN, ""ACCOUNT_ORGANIZATION_NAME"": NaN, ""ACCOUNT_TAGS"": NaN, ""FINDING_UID"": ""prowler-aws-ec2_securitygroup_with_many_ingress_egress_rules-012092091624-ap-south-1-sg-03eb35b47faff6188"", ""PROVIDER"": ""aws"", ""CHECK_ID"": ""ec2_securitygroup_with_many_ingress_egress_rules"", ""CHECK_TITLE"": ""Security group has 50 or fewer inbound rules and 50 or fewer outbound rules"", ""CHECK_TYPE"": ""Software and Configuration Checks/AWS Security Best Practices/Network Reachability | Software and Configuration Checks/Industry and Regulatory Standards/AWS Foundational Security Best Practices | Software and Configuration Checks/Industry and Regulatory Standards/CIS AWS Foundations Benchmark"", ""STATUS"": ""PASS"", ""STATUS_EXTENDED"": ""Security group default (sg-03eb35b47faff6188) has 1 inbound rules and 1 outbound rules."", ""MUTED"": false, ""SERVICE_NAME"": ""ec2"", ""SUBSERVICE_NAME"": NaN, ""SEVERITY"": ""medium"", ""RESOURCE_TYPE"": ""AwsEc2SecurityGroup"", ""RESOURCE_UID"": ""arn:aws:ec2:ap-south-1:012092091624:security-group/sg-03eb35b47faff6188"", ""RESOURCE_NAME"": ""sg-03eb35b47faff6188"", ""RESOURCE_DETAILS"": ""default"", ""RESOURCE_TAGS"": NaN, ""PARTITION"": ""aws"", ""REGION"": ""ap-south-1"", ""DESCRIPTION"": ""**EC2 security groups** are evaluated for excessive rule counts, flagging groups where `ingress` or `egress` entries exceed the configured threshold (default `50`). This targets groups with unusually large rule sets that complicate access control."", ""RISK"": ""**Rule sprawl** weakens **least privilege**: large rule sets can hide overly permissive entries, exposing services to the Internet or unintended peers. This enables unauthorized access, data exfiltration, and lateral movement, impacting **confidentiality** and **integrity**, and can threaten **availability** via abuse of exposed services."", ""RELATED_URL"": NaN, ""REMEDIATION_RECOMMENDATION_TEXT"": ""Apply **least privilege** and **segmentation**:\r\n- Limit rules to required ports, protocols, and sources\r\n- Split workloads into dedicated security groups per role\r\n- Prefer SG-to-SG references over broad CIDRs\r\n- Regularly review, deduplicate, and remove stale rules\r\n- Layer controls (NACLs, private endpoints) for **defense in depth**"", ""REMEDIATION_RECOMMENDATION_URL"": ""https://hub.prowler.com/check/ec2_securitygroup_with_many_ingress_egress_rules"", ""REMEDIATION_CODE_NATIVEIAC"": ""```yaml\r\n# CloudFormation: Security group with limited number of rules\r\nResources:\r\n  <example_resource_name>:\r\n    Type: AWS::EC2::SecurityGroup\r\n    Properties:\r\n      GroupDescription: \""<example_resource_name>\""\r\n      VpcId: <example_resource_id>\r\n      SecurityGroupIngress:\r\n        - IpProtocol: tcp\r\n          FromPort: 443\r\n          ToPort: 443\r\n          CidrIp: 10.0.0.0/8  # Critical: keep total inbound rules  50; this example defines only 1 rule to ensure compliance\r\n```"", ""REMEDIATION_CODE_TERRAFORM"": ""```hcl\r\n# Terraform: Security group with limited number of rules\r\nresource \""aws_security_group\"" \""<example_resource_name>\"" {\r\n  name   = \""<example_resource_name>\""\r\n  vpc_id = \""<example_resource_id>\""\r\n\r\n  ingress {                      # Critical: keep total ingress/egress rules  50; single rule ensures PASS\r\n    from_port   = 443\r\n    to_port     = 443\r\n    protocol    = \""tcp\""\r\n    cidr_blocks = [\""10.0.0.0/8\""]\r\n  }\r\n}\r\n```"", ""REMEDIATION_CODE_CLI"": NaN, ""REMEDIATION_CODE_OTHER"": ""1. In the AWS console, go to EC2 > Security Groups\r\n2. Select the security group that FAILED\r\n3. In Inbound rules, click Edit inbound rules\r\n4. Delete rules until the inbound rule count is 50 or fewer, then Save\r\n5. In Outbound rules, click Edit outbound rules\r\n6. Delete rules until the outbound rule count is 50 or fewer, then Save"", ""COMPLIANCE"": ""AWS-Foundational-Technical-Review: NETSEC-001 | AWS-Well-Architected-Framework-Security-Pillar: SEC05-BP03 | ISO27001-2022: A.8.20, A.8.21, A.8.22 | KISA-ISMS-P-2023: 2.10.2 | KISA-ISMS-P-2023-korean: 2.10.2"", ""CATEGORIES"": ""trust-boundaries"", ""DEPENDS_ON"": NaN, ""RELATED_TO"": NaN, ""NOTES"": NaN, ""PROWLER_VERSION"": ""5.42.0"", ""ADDITIONAL_URLS"": ""https://docs.aws.amazon.com/vpc/latest/userguide/VPC_SecurityGroups.html | https://www.trendmicro.com/trendaivisiononecloudriskmanagement/knowledge-base/aws/EC2/security-group-rules-counts.html"", ""ACCOUNT_OU_UID"": NaN, ""ACCOUNT_OU_NAME"": NaN}"
Prowler,prowler-aws-ec2_securitygroup_with_many_ingress_egress_rules-012092091624-ap-southeast-1-sg-0e1ec51e7e38d9602,arn:aws:ec2:ap-southeast-1:012092091624:security-group/sg-0e1ec51e7e38d9602,sg-0e1ec51e7e38d9602,aws_8604919e1d811bfc,Cloud/IAM Configuration,Security group has 50 or fewer inbound rules and 50 or fewer outbound rules,medium,PASS,"**EC2 security groups** are evaluated for excessive rule counts, flagging groups where `ingress` or `egress` entries exceed the configured threshold (default `50`). This targets groups with unusually large rule sets that complicate access control.",,,,,effective,ap-southeast-1,2026-09-16 18:14:43.448493,"Apply **least privilege** and **segmentation**:
- Limit rules to required ports, protocols, and sources
- Split workloads into dedicated security groups per role
- Prefer SG-to-SG references over broad CIDRs
- Regularly review, deduplicate, and remove stale rules
- Layer controls (NACLs, private endpoints) for **defense in depth**","{""AUTH_METHOD"": ""profile: None"", ""TIMESTAMP"": ""2026-09-16 18:14:43.448493"", ""ACCOUNT_UID"": 12092091624, ""ACCOUNT_NAME"": NaN, ""ACCOUNT_EMAIL"": NaN, ""ACCOUNT_ORGANIZATION_UID"": NaN, ""ACCOUNT_ORGANIZATION_NAME"": NaN, ""ACCOUNT_TAGS"": NaN, ""FINDING_UID"": ""prowler-aws-ec2_securitygroup_with_many_ingress_egress_rules-012092091624-ap-southeast-1-sg-0e1ec51e7e38d9602"", ""PROVIDER"": ""aws"", ""CHECK_ID"": ""ec2_securitygroup_with_many_ingress_egress_rules"", ""CHECK_TITLE"": ""Security group has 50 or fewer inbound rules and 50 or fewer outbound rules"", ""CHECK_TYPE"": ""Software and Configuration Checks/AWS Security Best Practices/Network Reachability | Software and Configuration Checks/Industry and Regulatory Standards/AWS Foundational Security Best Practices | Software and Configuration Checks/Industry and Regulatory Standards/CIS AWS Foundations Benchmark"", ""STATUS"": ""PASS"", ""STATUS_EXTENDED"": ""Security group default (sg-0e1ec51e7e38d9602) has 1 inbound rules and 1 outbound rules."", ""MUTED"": false, ""SERVICE_NAME"": ""ec2"", ""SUBSERVICE_NAME"": NaN, ""SEVERITY"": ""medium"", ""RESOURCE_TYPE"": ""AwsEc2SecurityGroup"", ""RESOURCE_UID"": ""arn:aws:ec2:ap-southeast-1:012092091624:security-group/sg-0e1ec51e7e38d9602"", ""RESOURCE_NAME"": ""sg-0e1ec51e7e38d9602"", ""RESOURCE_DETAILS"": ""default"", ""RESOURCE_TAGS"": NaN, ""PARTITION"": ""aws"", ""REGION"": ""ap-southeast-1"", ""DESCRIPTION"": ""**EC2 security groups** are evaluated for excessive rule counts, flagging groups where `ingress` or `egress` entries exceed the configured threshold (default `50`). This targets groups with unusually large rule sets that complicate access control."", ""RISK"": ""**Rule sprawl** weakens **least privilege**: large rule sets can hide overly permissive entries, exposing services to the Internet or unintended peers. This enables unauthorized access, data exfiltration, and lateral movement, impacting **confidentiality** and **integrity**, and can threaten **availability** via abuse of exposed services."", ""RELATED_URL"": NaN, ""REMEDIATION_RECOMMENDATION_TEXT"": ""Apply **least privilege** and **segmentation**:\r\n- Limit rules to required ports, protocols, and sources\r\n- Split workloads into dedicated security groups per role\r\n- Prefer SG-to-SG references over broad CIDRs\r\n- Regularly review, deduplicate, and remove stale rules\r\n- Layer controls (NACLs, private endpoints) for **defense in depth**"", ""REMEDIATION_RECOMMENDATION_URL"": ""https://hub.prowler.com/check/ec2_securitygroup_with_many_ingress_egress_rules"", ""REMEDIATION_CODE_NATIVEIAC"": ""```yaml\r\n# CloudFormation: Security group with limited number of rules\r\nResources:\r\n  <example_resource_name>:\r\n    Type: AWS::EC2::SecurityGroup\r\n    Properties:\r\n      GroupDescription: \""<example_resource_name>\""\r\n      VpcId: <example_resource_id>\r\n      SecurityGroupIngress:\r\n        - IpProtocol: tcp\r\n          FromPort: 443\r\n          ToPort: 443\r\n          CidrIp: 10.0.0.0/8  # Critical: keep total inbound rules  50; this example defines only 1 rule to ensure compliance\r\n```"", ""REMEDIATION_CODE_TERRAFORM"": ""```hcl\r\n# Terraform: Security group with limited number of rules\r\nresource \""aws_security_group\"" \""<example_resource_name>\"" {\r\n  name   = \""<example_resource_name>\""\r\n  vpc_id = \""<example_resource_id>\""\r\n\r\n  ingress {                      # Critical: keep total ingress/egress rules  50; single rule ensures PASS\r\n    from_port   = 443\r\n    to_port     = 443\r\n    protocol    = \""tcp\""\r\n    cidr_blocks = [\""10.0.0.0/8\""]\r\n  }\r\n}\r\n```"", ""REMEDIATION_CODE_CLI"": NaN, ""REMEDIATION_CODE_OTHER"": ""1. In the AWS console, go to EC2 > Security Groups\r\n2. Select the security group that FAILED\r\n3. In Inbound rules, click Edit inbound rules\r\n4. Delete rules until the inbound rule count is 50 or fewer, then Save\r\n5. In Outbound rules, click Edit outbound rules\r\n6. Delete rules until the outbound rule count is 50 or fewer, then Save"", ""COMPLIANCE"": ""AWS-Foundational-Technical-Review: NETSEC-001 | AWS-Well-Architected-Framework-Security-Pillar: SEC05-BP03 | ISO27001-2022: A.8.20, A.8.21, A.8.22 | KISA-ISMS-P-2023: 2.10.2 | KISA-ISMS-P-2023-korean: 2.10.2"", ""CATEGORIES"": ""trust-boundaries"", ""DEPENDS_ON"": NaN, ""RELATED_TO"": NaN, ""NOTES"": NaN, ""PROWLER_VERSION"": ""5.42.0"", ""ADDITIONAL_URLS"": ""https://docs.aws.amazon.com/vpc/latest/userguide/VPC_SecurityGroups.html | https://www.trendmicro.com/trendaivisiononecloudriskmanagement/knowledge-base/aws/EC2/security-group-rules-counts.html"", ""ACCOUNT_OU_UID"": NaN, ""ACCOUNT_OU_NAME"": NaN}"
Prowler,prowler-aws-ec2_securitygroup_with_many_ingress_egress_rules-012092091624-ap-southeast-2-sg-0b31278c2fc8722ea,arn:aws:ec2:ap-southeast-2:012092091624:security-group/sg-0b31278c2fc8722ea,sg-0b31278c2fc8722ea,aws_43c616fe479fb6bb,Cloud/IAM Configuration,Security group has 50 or fewer inbound rules and 50 or fewer outbound rules,medium,PASS,"**EC2 security groups** are evaluated for excessive rule counts, flagging groups where `ingress` or `egress` entries exceed the configured threshold (default `50`). This targets groups with unusually large rule sets that complicate access control.",,,,,effective,ap-southeast-2,2026-09-16 18:14:43.448493,"Apply **least privilege** and **segmentation**:
- Limit rules to required ports, protocols, and sources
- Split workloads into dedicated security groups per role
- Prefer SG-to-SG references over broad CIDRs
- Regularly review, deduplicate, and remove stale rules
- Layer controls (NACLs, private endpoints) for **defense in depth**","{""AUTH_METHOD"": ""profile: None"", ""TIMESTAMP"": ""2026-09-16 18:14:43.448493"", ""ACCOUNT_UID"": 12092091624, ""ACCOUNT_NAME"": NaN, ""ACCOUNT_EMAIL"": NaN, ""ACCOUNT_ORGANIZATION_UID"": NaN, ""ACCOUNT_ORGANIZATION_NAME"": NaN, ""ACCOUNT_TAGS"": NaN, ""FINDING_UID"": ""prowler-aws-ec2_securitygroup_with_many_ingress_egress_rules-012092091624-ap-southeast-2-sg-0b31278c2fc8722ea"", ""PROVIDER"": ""aws"", ""CHECK_ID"": ""ec2_securitygroup_with_many_ingress_egress_rules"", ""CHECK_TITLE"": ""Security group has 50 or fewer inbound rules and 50 or fewer outbound rules"", ""CHECK_TYPE"": ""Software and Configuration Checks/AWS Security Best Practices/Network Reachability | Software and Configuration Checks/Industry and Regulatory Standards/AWS Foundational Security Best Practices | Software and Configuration Checks/Industry and Regulatory Standards/CIS AWS Foundations Benchmark"", ""STATUS"": ""PASS"", ""STATUS_EXTENDED"": ""Security group default (sg-0b31278c2fc8722ea) has 1 inbound rules and 1 outbound rules."", ""MUTED"": false, ""SERVICE_NAME"": ""ec2"", ""SUBSERVICE_NAME"": NaN, ""SEVERITY"": ""medium"", ""RESOURCE_TYPE"": ""AwsEc2SecurityGroup"", ""RESOURCE_UID"": ""arn:aws:ec2:ap-southeast-2:012092091624:security-group/sg-0b31278c2fc8722ea"", ""RESOURCE_NAME"": ""sg-0b31278c2fc8722ea"", ""RESOURCE_DETAILS"": ""default"", ""RESOURCE_TAGS"": NaN, ""PARTITION"": ""aws"", ""REGION"": ""ap-southeast-2"", ""DESCRIPTION"": ""**EC2 security groups** are evaluated for excessive rule counts, flagging groups where `ingress` or `egress` entries exceed the configured threshold (default `50`). This targets groups with unusually large rule sets that complicate access control."", ""RISK"": ""**Rule sprawl** weakens **least privilege**: large rule sets can hide overly permissive entries, exposing services to the Internet or unintended peers. This enables unauthorized access, data exfiltration, and lateral movement, impacting **confidentiality** and **integrity**, and can threaten **availability** via abuse of exposed services."", ""RELATED_URL"": NaN, ""REMEDIATION_RECOMMENDATION_TEXT"": ""Apply **least privilege** and **segmentation**:\r\n- Limit rules to required ports, protocols, and sources\r\n- Split workloads into dedicated security groups per role\r\n- Prefer SG-to-SG references over broad CIDRs\r\n- Regularly review, deduplicate, and remove stale rules\r\n- Layer controls (NACLs, private endpoints) for **defense in depth**"", ""REMEDIATION_RECOMMENDATION_URL"": ""https://hub.prowler.com/check/ec2_securitygroup_with_many_ingress_egress_rules"", ""REMEDIATION_CODE_NATIVEIAC"": ""```yaml\r\n# CloudFormation: Security group with limited number of rules\r\nResources:\r\n  <example_resource_name>:\r\n    Type: AWS::EC2::SecurityGroup\r\n    Properties:\r\n      GroupDescription: \""<example_resource_name>\""\r\n      VpcId: <example_resource_id>\r\n      SecurityGroupIngress:\r\n        - IpProtocol: tcp\r\n          FromPort: 443\r\n          ToPort: 443\r\n          CidrIp: 10.0.0.0/8  # Critical: keep total inbound rules  50; this example defines only 1 rule to ensure compliance\r\n```"", ""REMEDIATION_CODE_TERRAFORM"": ""```hcl\r\n# Terraform: Security group with limited number of rules\r\nresource \""aws_security_group\"" \""<example_resource_name>\"" {\r\n  name   = \""<example_resource_name>\""\r\n  vpc_id = \""<example_resource_id>\""\r\n\r\n  ingress {                      # Critical: keep total ingress/egress rules  50; single rule ensures PASS\r\n    from_port   = 443\r\n    to_port     = 443\r\n    protocol    = \""tcp\""\r\n    cidr_blocks = [\""10.0.0.0/8\""]\r\n  }\r\n}\r\n```"", ""REMEDIATION_CODE_CLI"": NaN, ""REMEDIATION_CODE_OTHER"": ""1. In the AWS console, go to EC2 > Security Groups\r\n2. Select the security group that FAILED\r\n3. In Inbound rules, click Edit inbound rules\r\n4. Delete rules until the inbound rule count is 50 or fewer, then Save\r\n5. In Outbound rules, click Edit outbound rules\r\n6. Delete rules until the outbound rule count is 50 or fewer, then Save"", ""COMPLIANCE"": ""AWS-Foundational-Technical-Review: NETSEC-001 | AWS-Well-Architected-Framework-Security-Pillar: SEC05-BP03 | ISO27001-2022: A.8.20, A.8.21, A.8.22 | KISA-ISMS-P-2023: 2.10.2 | KISA-ISMS-P-2023-korean: 2.10.2"", ""CATEGORIES"": ""trust-boundaries"", ""DEPENDS_ON"": NaN, ""RELATED_TO"": NaN, ""NOTES"": NaN, ""PROWLER_VERSION"": ""5.42.0"", ""ADDITIONAL_URLS"": ""https://docs.aws.amazon.com/vpc/latest/userguide/VPC_SecurityGroups.html | https://www.trendmicro.com/trendaivisiononecloudriskmanagement/knowledge-base/aws/EC2/security-group-rules-counts.html"", ""ACCOUNT_OU_UID"": NaN, ""ACCOUNT_OU_NAME"": NaN}"
Prowler,prowler-aws-ec2_securitygroup_with_many_ingress_egress_rules-012092091624-ca-central-1-sg-05880d724a8e83ab6,arn:aws:ec2:ca-central-1:012092091624:security-group/sg-05880d724a8e83ab6,sg-05880d724a8e83ab6,aws_3d34024701787e05,Cloud/IAM Configuration,Security group has 50 or fewer inbound rules and 50 or fewer outbound rules,medium,PASS,"**EC2 security groups** are evaluated for excessive rule counts, flagging groups where `ingress` or `egress` entries exceed the configured threshold (default `50`). This targets groups with unusually large rule sets that complicate access control.",,,,,effective,ca-central-1,2026-09-16 18:14:43.448493,"Apply **least privilege** and **segmentation**:
- Limit rules to required ports, protocols, and sources
- Split workloads into dedicated security groups per role
- Prefer SG-to-SG references over broad CIDRs
- Regularly review, deduplicate, and remove stale rules
- Layer controls (NACLs, private endpoints) for **defense in depth**","{""AUTH_METHOD"": ""profile: None"", ""TIMESTAMP"": ""2026-09-16 18:14:43.448493"", ""ACCOUNT_UID"": 12092091624, ""ACCOUNT_NAME"": NaN, ""ACCOUNT_EMAIL"": NaN, ""ACCOUNT_ORGANIZATION_UID"": NaN, ""ACCOUNT_ORGANIZATION_NAME"": NaN, ""ACCOUNT_TAGS"": NaN, ""FINDING_UID"": ""prowler-aws-ec2_securitygroup_with_many_ingress_egress_rules-012092091624-ca-central-1-sg-05880d724a8e83ab6"", ""PROVIDER"": ""aws"", ""CHECK_ID"": ""ec2_securitygroup_with_many_ingress_egress_rules"", ""CHECK_TITLE"": ""Security group has 50 or fewer inbound rules and 50 or fewer outbound rules"", ""CHECK_TYPE"": ""Software and Configuration Checks/AWS Security Best Practices/Network Reachability | Software and Configuration Checks/Industry and Regulatory Standards/AWS Foundational Security Best Practices | Software and Configuration Checks/Industry and Regulatory Standards/CIS AWS Foundations Benchmark"", ""STATUS"": ""PASS"", ""STATUS_EXTENDED"": ""Security group default (sg-05880d724a8e83ab6) has 1 inbound rules and 1 outbound rules."", ""MUTED"": false, ""SERVICE_NAME"": ""ec2"", ""SUBSERVICE_NAME"": NaN, ""SEVERITY"": ""medium"", ""RESOURCE_TYPE"": ""AwsEc2SecurityGroup"", ""RESOURCE_UID"": ""arn:aws:ec2:ca-central-1:012092091624:security-group/sg-05880d724a8e83ab6"", ""RESOURCE_NAME"": ""sg-05880d724a8e83ab6"", ""RESOURCE_DETAILS"": ""default"", ""RESOURCE_TAGS"": NaN, ""PARTITION"": ""aws"", ""REGION"": ""ca-central-1"", ""DESCRIPTION"": ""**EC2 security groups** are evaluated for excessive rule counts, flagging groups where `ingress` or `egress` entries exceed the configured threshold (default `50`). This targets groups with unusually large rule sets that complicate access control."", ""RISK"": ""**Rule sprawl** weakens **least privilege**: large rule sets can hide overly permissive entries, exposing services to the Internet or unintended peers. This enables unauthorized access, data exfiltration, and lateral movement, impacting **confidentiality** and **integrity**, and can threaten **availability** via abuse of exposed services."", ""RELATED_URL"": NaN, ""REMEDIATION_RECOMMENDATION_TEXT"": ""Apply **least privilege** and **segmentation**:\r\n- Limit rules to required ports, protocols, and sources\r\n- Split workloads into dedicated security groups per role\r\n- Prefer SG-to-SG references over broad CIDRs\r\n- Regularly review, deduplicate, and remove stale rules\r\n- Layer controls (NACLs, private endpoints) for **defense in depth**"", ""REMEDIATION_RECOMMENDATION_URL"": ""https://hub.prowler.com/check/ec2_securitygroup_with_many_ingress_egress_rules"", ""REMEDIATION_CODE_NATIVEIAC"": ""```yaml\r\n# CloudFormation: Security group with limited number of rules\r\nResources:\r\n  <example_resource_name>:\r\n    Type: AWS::EC2::SecurityGroup\r\n    Properties:\r\n      GroupDescription: \""<example_resource_name>\""\r\n      VpcId: <example_resource_id>\r\n      SecurityGroupIngress:\r\n        - IpProtocol: tcp\r\n          FromPort: 443\r\n          ToPort: 443\r\n          CidrIp: 10.0.0.0/8  # Critical: keep total inbound rules  50; this example defines only 1 rule to ensure compliance\r\n```"", ""REMEDIATION_CODE_TERRAFORM"": ""```hcl\r\n# Terraform: Security group with limited number of rules\r\nresource \""aws_security_group\"" \""<example_resource_name>\"" {\r\n  name   = \""<example_resource_name>\""\r\n  vpc_id = \""<example_resource_id>\""\r\n\r\n  ingress {                      # Critical: keep total ingress/egress rules  50; single rule ensures PASS\r\n    from_port   = 443\r\n    to_port     = 443\r\n    protocol    = \""tcp\""\r\n    cidr_blocks = [\""10.0.0.0/8\""]\r\n  }\r\n}\r\n```"", ""REMEDIATION_CODE_CLI"": NaN, ""REMEDIATION_CODE_OTHER"": ""1. In the AWS console, go to EC2 > Security Groups\r\n2. Select the security group that FAILED\r\n3. In Inbound rules, click Edit inbound rules\r\n4. Delete rules until the inbound rule count is 50 or fewer, then Save\r\n5. In Outbound rules, click Edit outbound rules\r\n6. Delete rules until the outbound rule count is 50 or fewer, then Save"", ""COMPLIANCE"": ""AWS-Foundational-Technical-Review: NETSEC-001 | AWS-Well-Architected-Framework-Security-Pillar: SEC05-BP03 | ISO27001-2022: A.8.20, A.8.21, A.8.22 | KISA-ISMS-P-2023: 2.10.2 | KISA-ISMS-P-2023-korean: 2.10.2"", ""CATEGORIES"": ""trust-boundaries"", ""DEPENDS_ON"": NaN, ""RELATED_TO"": NaN, ""NOTES"": NaN, ""PROWLER_VERSION"": ""5.42.0"", ""ADDITIONAL_URLS"": ""https://docs.aws.amazon.com/vpc/latest/userguide/VPC_SecurityGroups.html | https://www.trendmicro.com/trendaivisiononecloudriskmanagement/knowledge-base/aws/EC2/security-group-rules-counts.html"", ""ACCOUNT_OU_UID"": NaN, ""ACCOUNT_OU_NAME"": NaN}"
Prowler,prowler-aws-ec2_securitygroup_with_many_ingress_egress_rules-012092091624-eu-central-1-sg-03a2c5dfa97196af6,arn:aws:ec2:eu-central-1:012092091624:security-group/sg-03a2c5dfa97196af6,sg-03a2c5dfa97196af6,aws_fa6544e91a145476,Cloud/IAM Configuration,Security group has 50 or fewer inbound rules and 50 or fewer outbound rules,medium,PASS,"**EC2 security groups** are evaluated for excessive rule counts, flagging groups where `ingress` or `egress` entries exceed the configured threshold (default `50`). This targets groups with unusually large rule sets that complicate access control.",,,,,effective,eu-central-1,2026-09-16 18:14:43.448493,"Apply **least privilege** and **segmentation**:
- Limit rules to required ports, protocols, and sources
- Split workloads into dedicated security groups per role
- Prefer SG-to-SG references over broad CIDRs
- Regularly review, deduplicate, and remove stale rules
- Layer controls (NACLs, private endpoints) for **defense in depth**","{""AUTH_METHOD"": ""profile: None"", ""TIMESTAMP"": ""2026-09-16 18:14:43.448493"", ""ACCOUNT_UID"": 12092091624, ""ACCOUNT_NAME"": NaN, ""ACCOUNT_EMAIL"": NaN, ""ACCOUNT_ORGANIZATION_UID"": NaN, ""ACCOUNT_ORGANIZATION_NAME"": NaN, ""ACCOUNT_TAGS"": NaN, ""FINDING_UID"": ""prowler-aws-ec2_securitygroup_with_many_ingress_egress_rules-012092091624-eu-central-1-sg-03a2c5dfa97196af6"", ""PROVIDER"": ""aws"", ""CHECK_ID"": ""ec2_securitygroup_with_many_ingress_egress_rules"", ""CHECK_TITLE"": ""Security group has 50 or fewer inbound rules and 50 or fewer outbound rules"", ""CHECK_TYPE"": ""Software and Configuration Checks/AWS Security Best Practices/Network Reachability | Software and Configuration Checks/Industry and Regulatory Standards/AWS Foundational Security Best Practices | Software and Configuration Checks/Industry and Regulatory Standards/CIS AWS Foundations Benchmark"", ""STATUS"": ""PASS"", ""STATUS_EXTENDED"": ""Security group default (sg-03a2c5dfa97196af6) has 1 inbound rules and 1 outbound rules."", ""MUTED"": false, ""SERVICE_NAME"": ""ec2"", ""SUBSERVICE_NAME"": NaN, ""SEVERITY"": ""medium"", ""RESOURCE_TYPE"": ""AwsEc2SecurityGroup"", ""RESOURCE_UID"": ""arn:aws:ec2:eu-central-1:012092091624:security-group/sg-03a2c5dfa97196af6"", ""RESOURCE_NAME"": ""sg-03a2c5dfa97196af6"", ""RESOURCE_DETAILS"": ""default"", ""RESOURCE_TAGS"": NaN, ""PARTITION"": ""aws"", ""REGION"": ""eu-central-1"", ""DESCRIPTION"": ""**EC2 security groups** are evaluated for excessive rule counts, flagging groups where `ingress` or `egress` entries exceed the configured threshold (default `50`). This targets groups with unusually large rule sets that complicate access control."", ""RISK"": ""**Rule sprawl** weakens **least privilege**: large rule sets can hide overly permissive entries, exposing services to the Internet or unintended peers. This enables unauthorized access, data exfiltration, and lateral movement, impacting **confidentiality** and **integrity**, and can threaten **availability** via abuse of exposed services."", ""RELATED_URL"": NaN, ""REMEDIATION_RECOMMENDATION_TEXT"": ""Apply **least privilege** and **segmentation**:\r\n- Limit rules to required ports, protocols, and sources\r\n- Split workloads into dedicated security groups per role\r\n- Prefer SG-to-SG references over broad CIDRs\r\n- Regularly review, deduplicate, and remove stale rules\r\n- Layer controls (NACLs, private endpoints) for **defense in depth**"", ""REMEDIATION_RECOMMENDATION_URL"": ""https://hub.prowler.com/check/ec2_securitygroup_with_many_ingress_egress_rules"", ""REMEDIATION_CODE_NATIVEIAC"": ""```yaml\r\n# CloudFormation: Security group with limited number of rules\r\nResources:\r\n  <example_resource_name>:\r\n    Type: AWS::EC2::SecurityGroup\r\n    Properties:\r\n      GroupDescription: \""<example_resource_name>\""\r\n      VpcId: <example_resource_id>\r\n      SecurityGroupIngress:\r\n        - IpProtocol: tcp\r\n          FromPort: 443\r\n          ToPort: 443\r\n          CidrIp: 10.0.0.0/8  # Critical: keep total inbound rules  50; this example defines only 1 rule to ensure compliance\r\n```"", ""REMEDIATION_CODE_TERRAFORM"": ""```hcl\r\n# Terraform: Security group with limited number of rules\r\nresource \""aws_security_group\"" \""<example_resource_name>\"" {\r\n  name   = \""<example_resource_name>\""\r\n  vpc_id = \""<example_resource_id>\""\r\n\r\n  ingress {                      # Critical: keep total ingress/egress rules  50; single rule ensures PASS\r\n    from_port   = 443\r\n    to_port     = 443\r\n    protocol    = \""tcp\""\r\n    cidr_blocks = [\""10.0.0.0/8\""]\r\n  }\r\n}\r\n```"", ""REMEDIATION_CODE_CLI"": NaN, ""REMEDIATION_CODE_OTHER"": ""1. In the AWS console, go to EC2 > Security Groups\r\n2. Select the security group that FAILED\r\n3. In Inbound rules, click Edit inbound rules\r\n4. Delete rules until the inbound rule count is 50 or fewer, then Save\r\n5. In Outbound rules, click Edit outbound rules\r\n6. Delete rules until the outbound rule count is 50 or fewer, then Save"", ""COMPLIANCE"": ""AWS-Foundational-Technical-Review: NETSEC-001 | AWS-Well-Architected-Framework-Security-Pillar: SEC05-BP03 | ISO27001-2022: A.8.20, A.8.21, A.8.22 | KISA-ISMS-P-2023: 2.10.2 | KISA-ISMS-P-2023-korean: 2.10.2"", ""CATEGORIES"": ""trust-boundaries"", ""DEPENDS_ON"": NaN, ""RELATED_TO"": NaN, ""NOTES"": NaN, ""PROWLER_VERSION"": ""5.42.0"", ""ADDITIONAL_URLS"": ""https://docs.aws.amazon.com/vpc/latest/userguide/VPC_SecurityGroups.html | https://www.trendmicro.com/trendaivisiononecloudriskmanagement/knowledge-base/aws/EC2/security-group-rules-counts.html"", ""ACCOUNT_OU_UID"": NaN, ""ACCOUNT_OU_NAME"": NaN}"
Prowler,prowler-aws-ec2_securitygroup_with_many_ingress_egress_rules-012092091624-eu-north-1-sg-0a1081363400073f9,arn:aws:ec2:eu-north-1:012092091624:security-group/sg-0a1081363400073f9,sg-0a1081363400073f9,aws_9d17bf3ea5f57dcd,Cloud/IAM Configuration,Security group has 50 or fewer inbound rules and 50 or fewer outbound rules,medium,PASS,"**EC2 security groups** are evaluated for excessive rule counts, flagging groups where `ingress` or `egress` entries exceed the configured threshold (default `50`). This targets groups with unusually large rule sets that complicate access control.",,,,,effective,eu-north-1,2026-09-16 18:14:43.448493,"Apply **least privilege** and **segmentation**:
- Limit rules to required ports, protocols, and sources
- Split workloads into dedicated security groups per role
- Prefer SG-to-SG references over broad CIDRs
- Regularly review, deduplicate, and remove stale rules
- Layer controls (NACLs, private endpoints) for **defense in depth**","{""AUTH_METHOD"": ""profile: None"", ""TIMESTAMP"": ""2026-09-16 18:14:43.448493"", ""ACCOUNT_UID"": 12092091624, ""ACCOUNT_NAME"": NaN, ""ACCOUNT_EMAIL"": NaN, ""ACCOUNT_ORGANIZATION_UID"": NaN, ""ACCOUNT_ORGANIZATION_NAME"": NaN, ""ACCOUNT_TAGS"": NaN, ""FINDING_UID"": ""prowler-aws-ec2_securitygroup_with_many_ingress_egress_rules-012092091624-eu-north-1-sg-0a1081363400073f9"", ""PROVIDER"": ""aws"", ""CHECK_ID"": ""ec2_securitygroup_with_many_ingress_egress_rules"", ""CHECK_TITLE"": ""Security group has 50 or fewer inbound rules and 50 or fewer outbound rules"", ""CHECK_TYPE"": ""Software and Configuration Checks/AWS Security Best Practices/Network Reachability | Software and Configuration Checks/Industry and Regulatory Standards/AWS Foundational Security Best Practices | Software and Configuration Checks/Industry and Regulatory Standards/CIS AWS Foundations Benchmark"", ""STATUS"": ""PASS"", ""STATUS_EXTENDED"": ""Security group default (sg-0a1081363400073f9) has 1 inbound rules and 1 outbound rules."", ""MUTED"": false, ""SERVICE_NAME"": ""ec2"", ""SUBSERVICE_NAME"": NaN, ""SEVERITY"": ""medium"", ""RESOURCE_TYPE"": ""AwsEc2SecurityGroup"", ""RESOURCE_UID"": ""arn:aws:ec2:eu-north-1:012092091624:security-group/sg-0a1081363400073f9"", ""RESOURCE_NAME"": ""sg-0a1081363400073f9"", ""RESOURCE_DETAILS"": ""default"", ""RESOURCE_TAGS"": NaN, ""PARTITION"": ""aws"", ""REGION"": ""eu-north-1"", ""DESCRIPTION"": ""**EC2 security groups** are evaluated for excessive rule counts, flagging groups where `ingress` or `egress` entries exceed the configured threshold (default `50`). This targets groups with unusually large rule sets that complicate access control."", ""RISK"": ""**Rule sprawl** weakens **least privilege**: large rule sets can hide overly permissive entries, exposing services to the Internet or unintended peers. This enables unauthorized access, data exfiltration, and lateral movement, impacting **confidentiality** and **integrity**, and can threaten **availability** via abuse of exposed services."", ""RELATED_URL"": NaN, ""REMEDIATION_RECOMMENDATION_TEXT"": ""Apply **least privilege** and **segmentation**:\r\n- Limit rules to required ports, protocols, and sources\r\n- Split workloads into dedicated security groups per role\r\n- Prefer SG-to-SG references over broad CIDRs\r\n- Regularly review, deduplicate, and remove stale rules\r\n- Layer controls (NACLs, private endpoints) for **defense in depth**"", ""REMEDIATION_RECOMMENDATION_URL"": ""https://hub.prowler.com/check/ec2_securitygroup_with_many_ingress_egress_rules"", ""REMEDIATION_CODE_NATIVEIAC"": ""```yaml\r\n# CloudFormation: Security group with limited number of rules\r\nResources:\r\n  <example_resource_name>:\r\n    Type: AWS::EC2::SecurityGroup\r\n    Properties:\r\n      GroupDescription: \""<example_resource_name>\""\r\n      VpcId: <example_resource_id>\r\n      SecurityGroupIngress:\r\n        - IpProtocol: tcp\r\n          FromPort: 443\r\n          ToPort: 443\r\n          CidrIp: 10.0.0.0/8  # Critical: keep total inbound rules  50; this example defines only 1 rule to ensure compliance\r\n```"", ""REMEDIATION_CODE_TERRAFORM"": ""```hcl\r\n# Terraform: Security group with limited number of rules\r\nresource \""aws_security_group\"" \""<example_resource_name>\"" {\r\n  name   = \""<example_resource_name>\""\r\n  vpc_id = \""<example_resource_id>\""\r\n\r\n  ingress {                      # Critical: keep total ingress/egress rules  50; single rule ensures PASS\r\n    from_port   = 443\r\n    to_port     = 443\r\n    protocol    = \""tcp\""\r\n    cidr_blocks = [\""10.0.0.0/8\""]\r\n  }\r\n}\r\n```"", ""REMEDIATION_CODE_CLI"": NaN, ""REMEDIATION_CODE_OTHER"": ""1. In the AWS console, go to EC2 > Security Groups\r\n2. Select the security group that FAILED\r\n3. In Inbound rules, click Edit inbound rules\r\n4. Delete rules until the inbound rule count is 50 or fewer, then Save\r\n5. In Outbound rules, click Edit outbound rules\r\n6. Delete rules until the outbound rule count is 50 or fewer, then Save"", ""COMPLIANCE"": ""AWS-Foundational-Technical-Review: NETSEC-001 | AWS-Well-Architected-Framework-Security-Pillar: SEC05-BP03 | ISO27001-2022: A.8.20, A.8.21, A.8.22 | KISA-ISMS-P-2023: 2.10.2 | KISA-ISMS-P-2023-korean: 2.10.2"", ""CATEGORIES"": ""trust-boundaries"", ""DEPENDS_ON"": NaN, ""RELATED_TO"": NaN, ""NOTES"": NaN, ""PROWLER_VERSION"": ""5.42.0"", ""ADDITIONAL_URLS"": ""https://docs.aws.amazon.com/vpc/latest/userguide/VPC_SecurityGroups.html | https://www.trendmicro.com/trendaivisiononecloudriskmanagement/knowledge-base/aws/EC2/security-group-rules-counts.html"", ""ACCOUNT_OU_UID"": NaN, ""ACCOUNT_OU_NAME"": NaN}"
Prowler,prowler-aws-ec2_securitygroup_with_many_ingress_egress_rules-012092091624-eu-west-1-sg-05b80a4e05a9cba5b,arn:aws:ec2:eu-west-1:012092091624:security-group/sg-05b80a4e05a9cba5b,sg-05b80a4e05a9cba5b,aws_19fbee82533068f4,Cloud/IAM Configuration,Security group has 50 or fewer inbound rules and 50 or fewer outbound rules,medium,PASS,"**EC2 security groups** are evaluated for excessive rule counts, flagging groups where `ingress` or `egress` entries exceed the configured threshold (default `50`). This targets groups with unusually large rule sets that complicate access control.",,,,,effective,eu-west-1,2026-09-16 18:14:43.448493,"Apply **least privilege** and **segmentation**:
- Limit rules to required ports, protocols, and sources
- Split workloads into dedicated security groups per role
- Prefer SG-to-SG references over broad CIDRs
- Regularly review, deduplicate, and remove stale rules
- Layer controls (NACLs, private endpoints) for **defense in depth**","{""AUTH_METHOD"": ""profile: None"", ""TIMESTAMP"": ""2026-09-16 18:14:43.448493"", ""ACCOUNT_UID"": 12092091624, ""ACCOUNT_NAME"": NaN, ""ACCOUNT_EMAIL"": NaN, ""ACCOUNT_ORGANIZATION_UID"": NaN, ""ACCOUNT_ORGANIZATION_NAME"": NaN, ""ACCOUNT_TAGS"": NaN, ""FINDING_UID"": ""prowler-aws-ec2_securitygroup_with_many_ingress_egress_rules-012092091624-eu-west-1-sg-05b80a4e05a9cba5b"", ""PROVIDER"": ""aws"", ""CHECK_ID"": ""ec2_securitygroup_with_many_ingress_egress_rules"", ""CHECK_TITLE"": ""Security group has 50 or fewer inbound rules and 50 or fewer outbound rules"", ""CHECK_TYPE"": ""Software and Configuration Checks/AWS Security Best Practices/Network Reachability | Software and Configuration Checks/Industry and Regulatory Standards/AWS Foundational Security Best Practices | Software and Configuration Checks/Industry and Regulatory Standards/CIS AWS Foundations Benchmark"", ""STATUS"": ""PASS"", ""STATUS_EXTENDED"": ""Security group default (sg-05b80a4e05a9cba5b) has 1 inbound rules and 1 outbound rules."", ""MUTED"": false, ""SERVICE_NAME"": ""ec2"", ""SUBSERVICE_NAME"": NaN, ""SEVERITY"": ""medium"", ""RESOURCE_TYPE"": ""AwsEc2SecurityGroup"", ""RESOURCE_UID"": ""arn:aws:ec2:eu-west-1:012092091624:security-group/sg-05b80a4e05a9cba5b"", ""RESOURCE_NAME"": ""sg-05b80a4e05a9cba5b"", ""RESOURCE_DETAILS"": ""default"", ""RESOURCE_TAGS"": NaN, ""PARTITION"": ""aws"", ""REGION"": ""eu-west-1"", ""DESCRIPTION"": ""**EC2 security groups** are evaluated for excessive rule counts, flagging groups where `ingress` or `egress` entries exceed the configured threshold (default `50`). This targets groups with unusually large rule sets that complicate access control."", ""RISK"": ""**Rule sprawl** weakens **least privilege**: large rule sets can hide overly permissive entries, exposing services to the Internet or unintended peers. This enables unauthorized access, data exfiltration, and lateral movement, impacting **confidentiality** and **integrity**, and can threaten **availability** via abuse of exposed services."", ""RELATED_URL"": NaN, ""REMEDIATION_RECOMMENDATION_TEXT"": ""Apply **least privilege** and **segmentation**:\r\n- Limit rules to required ports, protocols, and sources\r\n- Split workloads into dedicated security groups per role\r\n- Prefer SG-to-SG references over broad CIDRs\r\n- Regularly review, deduplicate, and remove stale rules\r\n- Layer controls (NACLs, private endpoints) for **defense in depth**"", ""REMEDIATION_RECOMMENDATION_URL"": ""https://hub.prowler.com/check/ec2_securitygroup_with_many_ingress_egress_rules"", ""REMEDIATION_CODE_NATIVEIAC"": ""```yaml\r\n# CloudFormation: Security group with limited number of rules\r\nResources:\r\n  <example_resource_name>:\r\n    Type: AWS::EC2::SecurityGroup\r\n    Properties:\r\n      GroupDescription: \""<example_resource_name>\""\r\n      VpcId: <example_resource_id>\r\n      SecurityGroupIngress:\r\n        - IpProtocol: tcp\r\n          FromPort: 443\r\n          ToPort: 443\r\n          CidrIp: 10.0.0.0/8  # Critical: keep total inbound rules  50; this example defines only 1 rule to ensure compliance\r\n```"", ""REMEDIATION_CODE_TERRAFORM"": ""```hcl\r\n# Terraform: Security group with limited number of rules\r\nresource \""aws_security_group\"" \""<example_resource_name>\"" {\r\n  name   = \""<example_resource_name>\""\r\n  vpc_id = \""<example_resource_id>\""\r\n\r\n  ingress {                      # Critical: keep total ingress/egress rules  50; single rule ensures PASS\r\n    from_port   = 443\r\n    to_port     = 443\r\n    protocol    = \""tcp\""\r\n    cidr_blocks = [\""10.0.0.0/8\""]\r\n  }\r\n}\r\n```"", ""REMEDIATION_CODE_CLI"": NaN, ""REMEDIATION_CODE_OTHER"": ""1. In the AWS console, go to EC2 > Security Groups\r\n2. Select the security group that FAILED\r\n3. In Inbound rules, click Edit inbound rules\r\n4. Delete rules until the inbound rule count is 50 or fewer, then Save\r\n5. In Outbound rules, click Edit outbound rules\r\n6. Delete rules until the outbound rule count is 50 or fewer, then Save"", ""COMPLIANCE"": ""AWS-Foundational-Technical-Review: NETSEC-001 | AWS-Well-Architected-Framework-Security-Pillar: SEC05-BP03 | ISO27001-2022: A.8.20, A.8.21, A.8.22 | KISA-ISMS-P-2023: 2.10.2 | KISA-ISMS-P-2023-korean: 2.10.2"", ""CATEGORIES"": ""trust-boundaries"", ""DEPENDS_ON"": NaN, ""RELATED_TO"": NaN, ""NOTES"": NaN, ""PROWLER_VERSION"": ""5.42.0"", ""ADDITIONAL_URLS"": ""https://docs.aws.amazon.com/vpc/latest/userguide/VPC_SecurityGroups.html | https://www.trendmicro.com/trendaivisiononecloudriskmanagement/knowledge-base/aws/EC2/security-group-rules-counts.html"", ""ACCOUNT_OU_UID"": NaN, ""ACCOUNT_OU_NAME"": NaN}"
Prowler,prowler-aws-ec2_securitygroup_with_many_ingress_egress_rules-012092091624-eu-west-2-sg-0e6e8b4f70b57c90e,arn:aws:ec2:eu-west-2:012092091624:security-group/sg-0e6e8b4f70b57c90e,sg-0e6e8b4f70b57c90e,aws_5f0f96845a24b666,Cloud/IAM Configuration,Security group has 50 or fewer inbound rules and 50 or fewer outbound rules,medium,PASS,"**EC2 security groups** are evaluated for excessive rule counts, flagging groups where `ingress` or `egress` entries exceed the configured threshold (default `50`). This targets groups with unusually large rule sets that complicate access control.",,,,,effective,eu-west-2,2026-09-16 18:14:43.448493,"Apply **least privilege** and **segmentation**:
- Limit rules to required ports, protocols, and sources
- Split workloads into dedicated security groups per role
- Prefer SG-to-SG references over broad CIDRs
- Regularly review, deduplicate, and remove stale rules
- Layer controls (NACLs, private endpoints) for **defense in depth**","{""AUTH_METHOD"": ""profile: None"", ""TIMESTAMP"": ""2026-09-16 18:14:43.448493"", ""ACCOUNT_UID"": 12092091624, ""ACCOUNT_NAME"": NaN, ""ACCOUNT_EMAIL"": NaN, ""ACCOUNT_ORGANIZATION_UID"": NaN, ""ACCOUNT_ORGANIZATION_NAME"": NaN, ""ACCOUNT_TAGS"": NaN, ""FINDING_UID"": ""prowler-aws-ec2_securitygroup_with_many_ingress_egress_rules-012092091624-eu-west-2-sg-0e6e8b4f70b57c90e"", ""PROVIDER"": ""aws"", ""CHECK_ID"": ""ec2_securitygroup_with_many_ingress_egress_rules"", ""CHECK_TITLE"": ""Security group has 50 or fewer inbound rules and 50 or fewer outbound rules"", ""CHECK_TYPE"": ""Software and Configuration Checks/AWS Security Best Practices/Network Reachability | Software and Configuration Checks/Industry and Regulatory Standards/AWS Foundational Security Best Practices | Software and Configuration Checks/Industry and Regulatory Standards/CIS AWS Foundations Benchmark"", ""STATUS"": ""PASS"", ""STATUS_EXTENDED"": ""Security group default (sg-0e6e8b4f70b57c90e) has 1 inbound rules and 1 outbound rules."", ""MUTED"": false, ""SERVICE_NAME"": ""ec2"", ""SUBSERVICE_NAME"": NaN, ""SEVERITY"": ""medium"", ""RESOURCE_TYPE"": ""AwsEc2SecurityGroup"", ""RESOURCE_UID"": ""arn:aws:ec2:eu-west-2:012092091624:security-group/sg-0e6e8b4f70b57c90e"", ""RESOURCE_NAME"": ""sg-0e6e8b4f70b57c90e"", ""RESOURCE_DETAILS"": ""default"", ""RESOURCE_TAGS"": NaN, ""PARTITION"": ""aws"", ""REGION"": ""eu-west-2"", ""DESCRIPTION"": ""**EC2 security groups** are evaluated for excessive rule counts, flagging groups where `ingress` or `egress` entries exceed the configured threshold (default `50`). This targets groups with unusually large rule sets that complicate access control."", ""RISK"": ""**Rule sprawl** weakens **least privilege**: large rule sets can hide overly permissive entries, exposing services to the Internet or unintended peers. This enables unauthorized access, data exfiltration, and lateral movement, impacting **confidentiality** and **integrity**, and can threaten **availability** via abuse of exposed services."", ""RELATED_URL"": NaN, ""REMEDIATION_RECOMMENDATION_TEXT"": ""Apply **least privilege** and **segmentation**:\r\n- Limit rules to required ports, protocols, and sources\r\n- Split workloads into dedicated security groups per role\r\n- Prefer SG-to-SG references over broad CIDRs\r\n- Regularly review, deduplicate, and remove stale rules\r\n- Layer controls (NACLs, private endpoints) for **defense in depth**"", ""REMEDIATION_RECOMMENDATION_URL"": ""https://hub.prowler.com/check/ec2_securitygroup_with_many_ingress_egress_rules"", ""REMEDIATION_CODE_NATIVEIAC"": ""```yaml\r\n# CloudFormation: Security group with limited number of rules\r\nResources:\r\n  <example_resource_name>:\r\n    Type: AWS::EC2::SecurityGroup\r\n    Properties:\r\n      GroupDescription: \""<example_resource_name>\""\r\n      VpcId: <example_resource_id>\r\n      SecurityGroupIngress:\r\n        - IpProtocol: tcp\r\n          FromPort: 443\r\n          ToPort: 443\r\n          CidrIp: 10.0.0.0/8  # Critical: keep total inbound rules  50; this example defines only 1 rule to ensure compliance\r\n```"", ""REMEDIATION_CODE_TERRAFORM"": ""```hcl\r\n# Terraform: Security group with limited number of rules\r\nresource \""aws_security_group\"" \""<example_resource_name>\"" {\r\n  name   = \""<example_resource_name>\""\r\n  vpc_id = \""<example_resource_id>\""\r\n\r\n  ingress {                      # Critical: keep total ingress/egress rules  50; single rule ensures PASS\r\n    from_port   = 443\r\n    to_port     = 443\r\n    protocol    = \""tcp\""\r\n    cidr_blocks = [\""10.0.0.0/8\""]\r\n  }\r\n}\r\n```"", ""REMEDIATION_CODE_CLI"": NaN, ""REMEDIATION_CODE_OTHER"": ""1. In the AWS console, go to EC2 > Security Groups\r\n2. Select the security group that FAILED\r\n3. In Inbound rules, click Edit inbound rules\r\n4. Delete rules until the inbound rule count is 50 or fewer, then Save\r\n5. In Outbound rules, click Edit outbound rules\r\n6. Delete rules until the outbound rule count is 50 or fewer, then Save"", ""COMPLIANCE"": ""AWS-Foundational-Technical-Review: NETSEC-001 | AWS-Well-Architected-Framework-Security-Pillar: SEC05-BP03 | ISO27001-2022: A.8.20, A.8.21, A.8.22 | KISA-ISMS-P-2023: 2.10.2 | KISA-ISMS-P-2023-korean: 2.10.2"", ""CATEGORIES"": ""trust-boundaries"", ""DEPENDS_ON"": NaN, ""RELATED_TO"": NaN, ""NOTES"": NaN, ""PROWLER_VERSION"": ""5.42.0"", ""ADDITIONAL_URLS"": ""https://docs.aws.amazon.com/vpc/latest/userguide/VPC_SecurityGroups.html | https://www.trendmicro.com/trendaivisiononecloudriskmanagement/knowledge-base/aws/EC2/security-group-rules-counts.html"", ""ACCOUNT_OU_UID"": NaN, ""ACCOUNT_OU_NAME"": NaN}"
Prowler,prowler-aws-ec2_securitygroup_with_many_ingress_egress_rules-012092091624-eu-west-3-sg-04734d6bb2965e7e8,arn:aws:ec2:eu-west-3:012092091624:security-group/sg-04734d6bb2965e7e8,sg-04734d6bb2965e7e8,aws_9d0bb76a6e503706,Cloud/IAM Configuration,Security group has 50 or fewer inbound rules and 50 or fewer outbound rules,medium,PASS,"**EC2 security groups** are evaluated for excessive rule counts, flagging groups where `ingress` or `egress` entries exceed the configured threshold (default `50`). This targets groups with unusually large rule sets that complicate access control.",,,,,effective,eu-west-3,2026-09-16 18:14:43.448493,"Apply **least privilege** and **segmentation**:
- Limit rules to required ports, protocols, and sources
- Split workloads into dedicated security groups per role
- Prefer SG-to-SG references over broad CIDRs
- Regularly review, deduplicate, and remove stale rules
- Layer controls (NACLs, private endpoints) for **defense in depth**","{""AUTH_METHOD"": ""profile: None"", ""TIMESTAMP"": ""2026-09-16 18:14:43.448493"", ""ACCOUNT_UID"": 12092091624, ""ACCOUNT_NAME"": NaN, ""ACCOUNT_EMAIL"": NaN, ""ACCOUNT_ORGANIZATION_UID"": NaN, ""ACCOUNT_ORGANIZATION_NAME"": NaN, ""ACCOUNT_TAGS"": NaN, ""FINDING_UID"": ""prowler-aws-ec2_securitygroup_with_many_ingress_egress_rules-012092091624-eu-west-3-sg-04734d6bb2965e7e8"", ""PROVIDER"": ""aws"", ""CHECK_ID"": ""ec2_securitygroup_with_many_ingress_egress_rules"", ""CHECK_TITLE"": ""Security group has 50 or fewer inbound rules and 50 or fewer outbound rules"", ""CHECK_TYPE"": ""Software and Configuration Checks/AWS Security Best Practices/Network Reachability | Software and Configuration Checks/Industry and Regulatory Standards/AWS Foundational Security Best Practices | Software and Configuration Checks/Industry and Regulatory Standards/CIS AWS Foundations Benchmark"", ""STATUS"": ""PASS"", ""STATUS_EXTENDED"": ""Security group default (sg-04734d6bb2965e7e8) has 1 inbound rules and 1 outbound rules."", ""MUTED"": false, ""SERVICE_NAME"": ""ec2"", ""SUBSERVICE_NAME"": NaN, ""SEVERITY"": ""medium"", ""RESOURCE_TYPE"": ""AwsEc2SecurityGroup"", ""RESOURCE_UID"": ""arn:aws:ec2:eu-west-3:012092091624:security-group/sg-04734d6bb2965e7e8"", ""RESOURCE_NAME"": ""sg-04734d6bb2965e7e8"", ""RESOURCE_DETAILS"": ""default"", ""RESOURCE_TAGS"": NaN, ""PARTITION"": ""aws"", ""REGION"": ""eu-west-3"", ""DESCRIPTION"": ""**EC2 security groups** are evaluated for excessive rule counts, flagging groups where `ingress` or `egress` entries exceed the configured threshold (default `50`). This targets groups with unusually large rule sets that complicate access control."", ""RISK"": ""**Rule sprawl** weakens **least privilege**: large rule sets can hide overly permissive entries, exposing services to the Internet or unintended peers. This enables unauthorized access, data exfiltration, and lateral movement, impacting **confidentiality** and **integrity**, and can threaten **availability** via abuse of exposed services."", ""RELATED_URL"": NaN, ""REMEDIATION_RECOMMENDATION_TEXT"": ""Apply **least privilege** and **segmentation**:\r\n- Limit rules to required ports, protocols, and sources\r\n- Split workloads into dedicated security groups per role\r\n- Prefer SG-to-SG references over broad CIDRs\r\n- Regularly review, deduplicate, and remove stale rules\r\n- Layer controls (NACLs, private endpoints) for **defense in depth**"", ""REMEDIATION_RECOMMENDATION_URL"": ""https://hub.prowler.com/check/ec2_securitygroup_with_many_ingress_egress_rules"", ""REMEDIATION_CODE_NATIVEIAC"": ""```yaml\r\n# CloudFormation: Security group with limited number of rules\r\nResources:\r\n  <example_resource_name>:\r\n    Type: AWS::EC2::SecurityGroup\r\n    Properties:\r\n      GroupDescription: \""<example_resource_name>\""\r\n      VpcId: <example_resource_id>\r\n      SecurityGroupIngress:\r\n        - IpProtocol: tcp\r\n          FromPort: 443\r\n          ToPort: 443\r\n          CidrIp: 10.0.0.0/8  # Critical: keep total inbound rules  50; this example defines only 1 rule to ensure compliance\r\n```"", ""REMEDIATION_CODE_TERRAFORM"": ""```hcl\r\n# Terraform: Security group with limited number of rules\r\nresource \""aws_security_group\"" \""<example_resource_name>\"" {\r\n  name   = \""<example_resource_name>\""\r\n  vpc_id = \""<example_resource_id>\""\r\n\r\n  ingress {                      # Critical: keep total ingress/egress rules  50; single rule ensures PASS\r\n    from_port   = 443\r\n    to_port     = 443\r\n    protocol    = \""tcp\""\r\n    cidr_blocks = [\""10.0.0.0/8\""]\r\n  }\r\n}\r\n```"", ""REMEDIATION_CODE_CLI"": NaN, ""REMEDIATION_CODE_OTHER"": ""1. In the AWS console, go to EC2 > Security Groups\r\n2. Select the security group that FAILED\r\n3. In Inbound rules, click Edit inbound rules\r\n4. Delete rules until the inbound rule count is 50 or fewer, then Save\r\n5. In Outbound rules, click Edit outbound rules\r\n6. Delete rules until the outbound rule count is 50 or fewer, then Save"", ""COMPLIANCE"": ""AWS-Foundational-Technical-Review: NETSEC-001 | AWS-Well-Architected-Framework-Security-Pillar: SEC05-BP03 | ISO27001-2022: A.8.20, A.8.21, A.8.22 | KISA-ISMS-P-2023: 2.10.2 | KISA-ISMS-P-2023-korean: 2.10.2"", ""CATEGORIES"": ""trust-boundaries"", ""DEPENDS_ON"": NaN, ""RELATED_TO"": NaN, ""NOTES"": NaN, ""PROWLER_VERSION"": ""5.42.0"", ""ADDITIONAL_URLS"": ""https://docs.aws.amazon.com/vpc/latest/userguide/VPC_SecurityGroups.html | https://www.trendmicro.com/trendaivisiononecloudriskmanagement/knowledge-base/aws/EC2/security-group-rules-counts.html"", ""ACCOUNT_OU_UID"": NaN, ""ACCOUNT_OU_NAME"": NaN}"
Prowler,prowler-aws-ec2_securitygroup_with_many_ingress_egress_rules-012092091624-sa-east-1-sg-08a611ae3e4259b8f,arn:aws:ec2:sa-east-1:012092091624:security-group/sg-08a611ae3e4259b8f,sg-08a611ae3e4259b8f,aws_32c8e3ef14fb5116,Cloud/IAM Configuration,Security group has 50 or fewer inbound rules and 50 or fewer outbound rules,medium,PASS,"**EC2 security groups** are evaluated for excessive rule counts, flagging groups where `ingress` or `egress` entries exceed the configured threshold (default `50`). This targets groups with unusually large rule sets that complicate access control.",,,,,effective,sa-east-1,2026-09-16 18:14:43.448493,"Apply **least privilege** and **segmentation**:
- Limit rules to required ports, protocols, and sources
- Split workloads into dedicated security groups per role
- Prefer SG-to-SG references over broad CIDRs
- Regularly review, deduplicate, and remove stale rules
- Layer controls (NACLs, private endpoints) for **defense in depth**","{""AUTH_METHOD"": ""profile: None"", ""TIMESTAMP"": ""2026-09-16 18:14:43.448493"", ""ACCOUNT_UID"": 12092091624, ""ACCOUNT_NAME"": NaN, ""ACCOUNT_EMAIL"": NaN, ""ACCOUNT_ORGANIZATION_UID"": NaN, ""ACCOUNT_ORGANIZATION_NAME"": NaN, ""ACCOUNT_TAGS"": NaN, ""FINDING_UID"": ""prowler-aws-ec2_securitygroup_with_many_ingress_egress_rules-012092091624-sa-east-1-sg-08a611ae3e4259b8f"", ""PROVIDER"": ""aws"", ""CHECK_ID"": ""ec2_securitygroup_with_many_ingress_egress_rules"", ""CHECK_TITLE"": ""Security group has 50 or fewer inbound rules and 50 or fewer outbound rules"", ""CHECK_TYPE"": ""Software and Configuration Checks/AWS Security Best Practices/Network Reachability | Software and Configuration Checks/Industry and Regulatory Standards/AWS Foundational Security Best Practices | Software and Configuration Checks/Industry and Regulatory Standards/CIS AWS Foundations Benchmark"", ""STATUS"": ""PASS"", ""STATUS_EXTENDED"": ""Security group default (sg-08a611ae3e4259b8f) has 1 inbound rules and 1 outbound rules."", ""MUTED"": false, ""SERVICE_NAME"": ""ec2"", ""SUBSERVICE_NAME"": NaN, ""SEVERITY"": ""medium"", ""RESOURCE_TYPE"": ""AwsEc2SecurityGroup"", ""RESOURCE_UID"": ""arn:aws:ec2:sa-east-1:012092091624:security-group/sg-08a611ae3e4259b8f"", ""RESOURCE_NAME"": ""sg-08a611ae3e4259b8f"", ""RESOURCE_DETAILS"": ""default"", ""RESOURCE_TAGS"": NaN, ""PARTITION"": ""aws"", ""REGION"": ""sa-east-1"", ""DESCRIPTION"": ""**EC2 security groups** are evaluated for excessive rule counts, flagging groups where `ingress` or `egress` entries exceed the configured threshold (default `50`). This targets groups with unusually large rule sets that complicate access control."", ""RISK"": ""**Rule sprawl** weakens **least privilege**: large rule sets can hide overly permissive entries, exposing services to the Internet or unintended peers. This enables unauthorized access, data exfiltration, and lateral movement, impacting **confidentiality** and **integrity**, and can threaten **availability** via abuse of exposed services."", ""RELATED_URL"": NaN, ""REMEDIATION_RECOMMENDATION_TEXT"": ""Apply **least privilege** and **segmentation**:\r\n- Limit rules to required ports, protocols, and sources\r\n- Split workloads into dedicated security groups per role\r\n- Prefer SG-to-SG references over broad CIDRs\r\n- Regularly review, deduplicate, and remove stale rules\r\n- Layer controls (NACLs, private endpoints) for **defense in depth**"", ""REMEDIATION_RECOMMENDATION_URL"": ""https://hub.prowler.com/check/ec2_securitygroup_with_many_ingress_egress_rules"", ""REMEDIATION_CODE_NATIVEIAC"": ""```yaml\r\n# CloudFormation: Security group with limited number of rules\r\nResources:\r\n  <example_resource_name>:\r\n    Type: AWS::EC2::SecurityGroup\r\n    Properties:\r\n      GroupDescription: \""<example_resource_name>\""\r\n      VpcId: <example_resource_id>\r\n      SecurityGroupIngress:\r\n        - IpProtocol: tcp\r\n          FromPort: 443\r\n          ToPort: 443\r\n          CidrIp: 10.0.0.0/8  # Critical: keep total inbound rules  50; this example defines only 1 rule to ensure compliance\r\n```"", ""REMEDIATION_CODE_TERRAFORM"": ""```hcl\r\n# Terraform: Security group with limited number of rules\r\nresource \""aws_security_group\"" \""<example_resource_name>\"" {\r\n  name   = \""<example_resource_name>\""\r\n  vpc_id = \""<example_resource_id>\""\r\n\r\n  ingress {                      # Critical: keep total ingress/egress rules  50; single rule ensures PASS\r\n    from_port   = 443\r\n    to_port     = 443\r\n    protocol    = \""tcp\""\r\n    cidr_blocks = [\""10.0.0.0/8\""]\r\n  }\r\n}\r\n```"", ""REMEDIATION_CODE_CLI"": NaN, ""REMEDIATION_CODE_OTHER"": ""1. In the AWS console, go to EC2 > Security Groups\r\n2. Select the security group that FAILED\r\n3. In Inbound rules, click Edit inbound rules\r\n4. Delete rules until the inbound rule count is 50 or fewer, then Save\r\n5. In Outbound rules, click Edit outbound rules\r\n6. Delete rules until the outbound rule count is 50 or fewer, then Save"", ""COMPLIANCE"": ""AWS-Foundational-Technical-Review: NETSEC-001 | AWS-Well-Architected-Framework-Security-Pillar: SEC05-BP03 | ISO27001-2022: A.8.20, A.8.21, A.8.22 | KISA-ISMS-P-2023: 2.10.2 | KISA-ISMS-P-2023-korean: 2.10.2"", ""CATEGORIES"": ""trust-boundaries"", ""DEPENDS_ON"": NaN, ""RELATED_TO"": NaN, ""NOTES"": NaN, ""PROWLER_VERSION"": ""5.42.0"", ""ADDITIONAL_URLS"": ""https://docs.aws.amazon.com/vpc/latest/userguide/VPC_SecurityGroups.html | https://www.trendmicro.com/trendaivisiononecloudriskmanagement/knowledge-base/aws/EC2/security-group-rules-counts.html"", ""ACCOUNT_OU_UID"": NaN, ""ACCOUNT_OU_NAME"": NaN}"
Prowler,prowler-aws-ec2_securitygroup_with_many_ingress_egress_rules-012092091624-us-east-1-sg-0f44816d33b42c0b9,arn:aws:ec2:us-east-1:012092091624:security-group/sg-0f44816d33b42c0b9,sg-0f44816d33b42c0b9,aws_24a93aee6e795273,Cloud/IAM Configuration,Security group has 50 or fewer inbound rules and 50 or fewer outbound rules,medium,PASS,"**EC2 security groups** are evaluated for excessive rule counts, flagging groups where `ingress` or `egress` entries exceed the configured threshold (default `50`). This targets groups with unusually large rule sets that complicate access control.",,,,,effective,us-east-1,2026-09-16 18:14:43.448493,"Apply **least privilege** and **segmentation**:
- Limit rules to required ports, protocols, and sources
- Split workloads into dedicated security groups per role
- Prefer SG-to-SG references over broad CIDRs
- Regularly review, deduplicate, and remove stale rules
- Layer controls (NACLs, private endpoints) for **defense in depth**","{""AUTH_METHOD"": ""profile: None"", ""TIMESTAMP"": ""2026-09-16 18:14:43.448493"", ""ACCOUNT_UID"": 12092091624, ""ACCOUNT_NAME"": NaN, ""ACCOUNT_EMAIL"": NaN, ""ACCOUNT_ORGANIZATION_UID"": NaN, ""ACCOUNT_ORGANIZATION_NAME"": NaN, ""ACCOUNT_TAGS"": NaN, ""FINDING_UID"": ""prowler-aws-ec2_securitygroup_with_many_ingress_egress_rules-012092091624-us-east-1-sg-0f44816d33b42c0b9"", ""PROVIDER"": ""aws"", ""CHECK_ID"": ""ec2_securitygroup_with_many_ingress_egress_rules"", ""CHECK_TITLE"": ""Security group has 50 or fewer inbound rules and 50 or fewer outbound rules"", ""CHECK_TYPE"": ""Software and Configuration Checks/AWS Security Best Practices/Network Reachability | Software and Configuration Checks/Industry and Regulatory Standards/AWS Foundational Security Best Practices | Software and Configuration Checks/Industry and Regulatory Standards/CIS AWS Foundations Benchmark"", ""STATUS"": ""PASS"", ""STATUS_EXTENDED"": ""Security group default (sg-0f44816d33b42c0b9) has 1 inbound rules and 1 outbound rules."", ""MUTED"": false, ""SERVICE_NAME"": ""ec2"", ""SUBSERVICE_NAME"": NaN, ""SEVERITY"": ""medium"", ""RESOURCE_TYPE"": ""AwsEc2SecurityGroup"", ""RESOURCE_UID"": ""arn:aws:ec2:us-east-1:012092091624:security-group/sg-0f44816d33b42c0b9"", ""RESOURCE_NAME"": ""sg-0f44816d33b42c0b9"", ""RESOURCE_DETAILS"": ""default"", ""RESOURCE_TAGS"": NaN, ""PARTITION"": ""aws"", ""REGION"": ""us-east-1"", ""DESCRIPTION"": ""**EC2 security groups** are evaluated for excessive rule counts, flagging groups where `ingress` or `egress` entries exceed the configured threshold (default `50`). This targets groups with unusually large rule sets that complicate access control."", ""RISK"": ""**Rule sprawl** weakens **least privilege**: large rule sets can hide overly permissive entries, exposing services to the Internet or unintended peers. This enables unauthorized access, data exfiltration, and lateral movement, impacting **confidentiality** and **integrity**, and can threaten **availability** via abuse of exposed services."", ""RELATED_URL"": NaN, ""REMEDIATION_RECOMMENDATION_TEXT"": ""Apply **least privilege** and **segmentation**:\r\n- Limit rules to required ports, protocols, and sources\r\n- Split workloads into dedicated security groups per role\r\n- Prefer SG-to-SG references over broad CIDRs\r\n- Regularly review, deduplicate, and remove stale rules\r\n- Layer controls (NACLs, private endpoints) for **defense in depth**"", ""REMEDIATION_RECOMMENDATION_URL"": ""https://hub.prowler.com/check/ec2_securitygroup_with_many_ingress_egress_rules"", ""REMEDIATION_CODE_NATIVEIAC"": ""```yaml\r\n# CloudFormation: Security group with limited number of rules\r\nResources:\r\n  <example_resource_name>:\r\n    Type: AWS::EC2::SecurityGroup\r\n    Properties:\r\n      GroupDescription: \""<example_resource_name>\""\r\n      VpcId: <example_resource_id>\r\n      SecurityGroupIngress:\r\n        - IpProtocol: tcp\r\n          FromPort: 443\r\n          ToPort: 443\r\n          CidrIp: 10.0.0.0/8  # Critical: keep total inbound rules  50; this example defines only 1 rule to ensure compliance\r\n```"", ""REMEDIATION_CODE_TERRAFORM"": ""```hcl\r\n# Terraform: Security group with limited number of rules\r\nresource \""aws_security_group\"" \""<example_resource_name>\"" {\r\n  name   = \""<example_resource_name>\""\r\n  vpc_id = \""<example_resource_id>\""\r\n\r\n  ingress {                      # Critical: keep total ingress/egress rules  50; single rule ensures PASS\r\n    from_port   = 443\r\n    to_port     = 443\r\n    protocol    = \""tcp\""\r\n    cidr_blocks = [\""10.0.0.0/8\""]\r\n  }\r\n}\r\n```"", ""REMEDIATION_CODE_CLI"": NaN, ""REMEDIATION_CODE_OTHER"": ""1. In the AWS console, go to EC2 > Security Groups\r\n2. Select the security group that FAILED\r\n3. In Inbound rules, click Edit inbound rules\r\n4. Delete rules until the inbound rule count is 50 or fewer, then Save\r\n5. In Outbound rules, click Edit outbound rules\r\n6. Delete rules until the outbound rule count is 50 or fewer, then Save"", ""COMPLIANCE"": ""AWS-Foundational-Technical-Review: NETSEC-001 | AWS-Well-Architected-Framework-Security-Pillar: SEC05-BP03 | ISO27001-2022: A.8.20, A.8.21, A.8.22 | KISA-ISMS-P-2023: 2.10.2 | KISA-ISMS-P-2023-korean: 2.10.2"", ""CATEGORIES"": ""trust-boundaries"", ""DEPENDS_ON"": NaN, ""RELATED_TO"": NaN, ""NOTES"": NaN, ""PROWLER_VERSION"": ""5.42.0"", ""ADDITIONAL_URLS"": ""https://docs.aws.amazon.com/vpc/latest/userguide/VPC_SecurityGroups.html | https://www.trendmicro.com/trendaivisiononecloudriskmanagement/knowledge-base/aws/EC2/security-group-rules-counts.html"", ""ACCOUNT_OU_UID"": NaN, ""ACCOUNT_OU_NAME"": NaN}"
Prowler,prowler-aws-ec2_securitygroup_with_many_ingress_egress_rules-012092091624-us-east-2-sg-072bb599957a28641,arn:aws:ec2:us-east-2:012092091624:security-group/sg-072bb599957a28641,sg-072bb599957a28641,aws_a454c033d9395871,Cloud/IAM Configuration,Security group has 50 or fewer inbound rules and 50 or fewer outbound rules,medium,PASS,"**EC2 security groups** are evaluated for excessive rule counts, flagging groups where `ingress` or `egress` entries exceed the configured threshold (default `50`). This targets groups with unusually large rule sets that complicate access control.",,,,,effective,us-east-2,2026-09-16 18:14:43.448493,"Apply **least privilege** and **segmentation**:
- Limit rules to required ports, protocols, and sources
- Split workloads into dedicated security groups per role
- Prefer SG-to-SG references over broad CIDRs
- Regularly review, deduplicate, and remove stale rules
- Layer controls (NACLs, private endpoints) for **defense in depth**","{""AUTH_METHOD"": ""profile: None"", ""TIMESTAMP"": ""2026-09-16 18:14:43.448493"", ""ACCOUNT_UID"": 12092091624, ""ACCOUNT_NAME"": NaN, ""ACCOUNT_EMAIL"": NaN, ""ACCOUNT_ORGANIZATION_UID"": NaN, ""ACCOUNT_ORGANIZATION_NAME"": NaN, ""ACCOUNT_TAGS"": NaN, ""FINDING_UID"": ""prowler-aws-ec2_securitygroup_with_many_ingress_egress_rules-012092091624-us-east-2-sg-072bb599957a28641"", ""PROVIDER"": ""aws"", ""CHECK_ID"": ""ec2_securitygroup_with_many_ingress_egress_rules"", ""CHECK_TITLE"": ""Security group has 50 or fewer inbound rules and 50 or fewer outbound rules"", ""CHECK_TYPE"": ""Software and Configuration Checks/AWS Security Best Practices/Network Reachability | Software and Configuration Checks/Industry and Regulatory Standards/AWS Foundational Security Best Practices | Software and Configuration Checks/Industry and Regulatory Standards/CIS AWS Foundations Benchmark"", ""STATUS"": ""PASS"", ""STATUS_EXTENDED"": ""Security group default (sg-072bb599957a28641) has 1 inbound rules and 1 outbound rules."", ""MUTED"": false, ""SERVICE_NAME"": ""ec2"", ""SUBSERVICE_NAME"": NaN, ""SEVERITY"": ""medium"", ""RESOURCE_TYPE"": ""AwsEc2SecurityGroup"", ""RESOURCE_UID"": ""arn:aws:ec2:us-east-2:012092091624:security-group/sg-072bb599957a28641"", ""RESOURCE_NAME"": ""sg-072bb599957a28641"", ""RESOURCE_DETAILS"": ""default"", ""RESOURCE_TAGS"": NaN, ""PARTITION"": ""aws"", ""REGION"": ""us-east-2"", ""DESCRIPTION"": ""**EC2 security groups** are evaluated for excessive rule counts, flagging groups where `ingress` or `egress` entries exceed the configured threshold (default `50`). This targets groups with unusually large rule sets that complicate access control."", ""RISK"": ""**Rule sprawl** weakens **least privilege**: large rule sets can hide overly permissive entries, exposing services to the Internet or unintended peers. This enables unauthorized access, data exfiltration, and lateral movement, impacting **confidentiality** and **integrity**, and can threaten **availability** via abuse of exposed services."", ""RELATED_URL"": NaN, ""REMEDIATION_RECOMMENDATION_TEXT"": ""Apply **least privilege** and **segmentation**:\r\n- Limit rules to required ports, protocols, and sources\r\n- Split workloads into dedicated security groups per role\r\n- Prefer SG-to-SG references over broad CIDRs\r\n- Regularly review, deduplicate, and remove stale rules\r\n- Layer controls (NACLs, private endpoints) for **defense in depth**"", ""REMEDIATION_RECOMMENDATION_URL"": ""https://hub.prowler.com/check/ec2_securitygroup_with_many_ingress_egress_rules"", ""REMEDIATION_CODE_NATIVEIAC"": ""```yaml\r\n# CloudFormation: Security group with limited number of rules\r\nResources:\r\n  <example_resource_name>:\r\n    Type: AWS::EC2::SecurityGroup\r\n    Properties:\r\n      GroupDescription: \""<example_resource_name>\""\r\n      VpcId: <example_resource_id>\r\n      SecurityGroupIngress:\r\n        - IpProtocol: tcp\r\n          FromPort: 443\r\n          ToPort: 443\r\n          CidrIp: 10.0.0.0/8  # Critical: keep total inbound rules  50; this example defines only 1 rule to ensure compliance\r\n```"", ""REMEDIATION_CODE_TERRAFORM"": ""```hcl\r\n# Terraform: Security group with limited number of rules\r\nresource \""aws_security_group\"" \""<example_resource_name>\"" {\r\n  name   = \""<example_resource_name>\""\r\n  vpc_id = \""<example_resource_id>\""\r\n\r\n  ingress {                      # Critical: keep total ingress/egress rules  50; single rule ensures PASS\r\n    from_port   = 443\r\n    to_port     = 443\r\n    protocol    = \""tcp\""\r\n    cidr_blocks = [\""10.0.0.0/8\""]\r\n  }\r\n}\r\n```"", ""REMEDIATION_CODE_CLI"": NaN, ""REMEDIATION_CODE_OTHER"": ""1. In the AWS console, go to EC2 > Security Groups\r\n2. Select the security group that FAILED\r\n3. In Inbound rules, click Edit inbound rules\r\n4. Delete rules until the inbound rule count is 50 or fewer, then Save\r\n5. In Outbound rules, click Edit outbound rules\r\n6. Delete rules until the outbound rule count is 50 or fewer, then Save"", ""COMPLIANCE"": ""AWS-Foundational-Technical-Review: NETSEC-001 | AWS-Well-Architected-Framework-Security-Pillar: SEC05-BP03 | ISO27001-2022: A.8.20, A.8.21, A.8.22 | KISA-ISMS-P-2023: 2.10.2 | KISA-ISMS-P-2023-korean: 2.10.2"", ""CATEGORIES"": ""trust-boundaries"", ""DEPENDS_ON"": NaN, ""RELATED_TO"": NaN, ""NOTES"": NaN, ""PROWLER_VERSION"": ""5.42.0"", ""ADDITIONAL_URLS"": ""https://docs.aws.amazon.com/vpc/latest/userguide/VPC_SecurityGroups.html | https://www.trendmicro.com/trendaivisiononecloudriskmanagement/knowledge-base/aws/EC2/security-group-rules-counts.html"", ""ACCOUNT_OU_UID"": NaN, ""ACCOUNT_OU_NAME"": NaN}"
Prowler,prowler-aws-ec2_securitygroup_with_many_ingress_egress_rules-012092091624-us-west-1-sg-01da0eb443013845b,arn:aws:ec2:us-west-1:012092091624:security-group/sg-01da0eb443013845b,sg-01da0eb443013845b,aws_4a01136db068c8c1,Cloud/IAM Configuration,Security group has 50 or fewer inbound rules and 50 or fewer outbound rules,medium,PASS,"**EC2 security groups** are evaluated for excessive rule counts, flagging groups where `ingress` or `egress` entries exceed the configured threshold (default `50`). This targets groups with unusually large rule sets that complicate access control.",,,,,effective,us-west-1,2026-09-16 18:14:43.448493,"Apply **least privilege** and **segmentation**:
- Limit rules to required ports, protocols, and sources
- Split workloads into dedicated security groups per role
- Prefer SG-to-SG references over broad CIDRs
- Regularly review, deduplicate, and remove stale rules
- Layer controls (NACLs, private endpoints) for **defense in depth**","{""AUTH_METHOD"": ""profile: None"", ""TIMESTAMP"": ""2026-09-16 18:14:43.448493"", ""ACCOUNT_UID"": 12092091624, ""ACCOUNT_NAME"": NaN, ""ACCOUNT_EMAIL"": NaN, ""ACCOUNT_ORGANIZATION_UID"": NaN, ""ACCOUNT_ORGANIZATION_NAME"": NaN, ""ACCOUNT_TAGS"": NaN, ""FINDING_UID"": ""prowler-aws-ec2_securitygroup_with_many_ingress_egress_rules-012092091624-us-west-1-sg-01da0eb443013845b"", ""PROVIDER"": ""aws"", ""CHECK_ID"": ""ec2_securitygroup_with_many_ingress_egress_rules"", ""CHECK_TITLE"": ""Security group has 50 or fewer inbound rules and 50 or fewer outbound rules"", ""CHECK_TYPE"": ""Software and Configuration Checks/AWS Security Best Practices/Network Reachability | Software and Configuration Checks/Industry and Regulatory Standards/AWS Foundational Security Best Practices | Software and Configuration Checks/Industry and Regulatory Standards/CIS AWS Foundations Benchmark"", ""STATUS"": ""PASS"", ""STATUS_EXTENDED"": ""Security group default (sg-01da0eb443013845b) has 1 inbound rules and 1 outbound rules."", ""MUTED"": false, ""SERVICE_NAME"": ""ec2"", ""SUBSERVICE_NAME"": NaN, ""SEVERITY"": ""medium"", ""RESOURCE_TYPE"": ""AwsEc2SecurityGroup"", ""RESOURCE_UID"": ""arn:aws:ec2:us-west-1:012092091624:security-group/sg-01da0eb443013845b"", ""RESOURCE_NAME"": ""sg-01da0eb443013845b"", ""RESOURCE_DETAILS"": ""default"", ""RESOURCE_TAGS"": NaN, ""PARTITION"": ""aws"", ""REGION"": ""us-west-1"", ""DESCRIPTION"": ""**EC2 security groups** are evaluated for excessive rule counts, flagging groups where `ingress` or `egress` entries exceed the configured threshold (default `50`). This targets groups with unusually large rule sets that complicate access control."", ""RISK"": ""**Rule sprawl** weakens **least privilege**: large rule sets can hide overly permissive entries, exposing services to the Internet or unintended peers. This enables unauthorized access, data exfiltration, and lateral movement, impacting **confidentiality** and **integrity**, and can threaten **availability** via abuse of exposed services."", ""RELATED_URL"": NaN, ""REMEDIATION_RECOMMENDATION_TEXT"": ""Apply **least privilege** and **segmentation**:\r\n- Limit rules to required ports, protocols, and sources\r\n- Split workloads into dedicated security groups per role\r\n- Prefer SG-to-SG references over broad CIDRs\r\n- Regularly review, deduplicate, and remove stale rules\r\n- Layer controls (NACLs, private endpoints) for **defense in depth**"", ""REMEDIATION_RECOMMENDATION_URL"": ""https://hub.prowler.com/check/ec2_securitygroup_with_many_ingress_egress_rules"", ""REMEDIATION_CODE_NATIVEIAC"": ""```yaml\r\n# CloudFormation: Security group with limited number of rules\r\nResources:\r\n  <example_resource_name>:\r\n    Type: AWS::EC2::SecurityGroup\r\n    Properties:\r\n      GroupDescription: \""<example_resource_name>\""\r\n      VpcId: <example_resource_id>\r\n      SecurityGroupIngress:\r\n        - IpProtocol: tcp\r\n          FromPort: 443\r\n          ToPort: 443\r\n          CidrIp: 10.0.0.0/8  # Critical: keep total inbound rules  50; this example defines only 1 rule to ensure compliance\r\n```"", ""REMEDIATION_CODE_TERRAFORM"": ""```hcl\r\n# Terraform: Security group with limited number of rules\r\nresource \""aws_security_group\"" \""<example_resource_name>\"" {\r\n  name   = \""<example_resource_name>\""\r\n  vpc_id = \""<example_resource_id>\""\r\n\r\n  ingress {                      # Critical: keep total ingress/egress rules  50; single rule ensures PASS\r\n    from_port   = 443\r\n    to_port     = 443\r\n    protocol    = \""tcp\""\r\n    cidr_blocks = [\""10.0.0.0/8\""]\r\n  }\r\n}\r\n```"", ""REMEDIATION_CODE_CLI"": NaN, ""REMEDIATION_CODE_OTHER"": ""1. In the AWS console, go to EC2 > Security Groups\r\n2. Select the security group that FAILED\r\n3. In Inbound rules, click Edit inbound rules\r\n4. Delete rules until the inbound rule count is 50 or fewer, then Save\r\n5. In Outbound rules, click Edit outbound rules\r\n6. Delete rules until the outbound rule count is 50 or fewer, then Save"", ""COMPLIANCE"": ""AWS-Foundational-Technical-Review: NETSEC-001 | AWS-Well-Architected-Framework-Security-Pillar: SEC05-BP03 | ISO27001-2022: A.8.20, A.8.21, A.8.22 | KISA-ISMS-P-2023: 2.10.2 | KISA-ISMS-P-2023-korean: 2.10.2"", ""CATEGORIES"": ""trust-boundaries"", ""DEPENDS_ON"": NaN, ""RELATED_TO"": NaN, ""NOTES"": NaN, ""PROWLER_VERSION"": ""5.42.0"", ""ADDITIONAL_URLS"": ""https://docs.aws.amazon.com/vpc/latest/userguide/VPC_SecurityGroups.html | https://www.trendmicro.com/trendaivisiononecloudriskmanagement/knowledge-base/aws/EC2/security-group-rules-counts.html"", ""ACCOUNT_OU_UID"": NaN, ""ACCOUNT_OU_NAME"": NaN}"
Prowler,prowler-aws-ec2_securitygroup_with_many_ingress_egress_rules-012092091624-us-west-2-sg-0c742d7c1412f47d8,arn:aws:ec2:us-west-2:012092091624:security-group/sg-0c742d7c1412f47d8,sg-0c742d7c1412f47d8,aws_044f30a4ec9ab495,Cloud/IAM Configuration,Security group has 50 or fewer inbound rules and 50 or fewer outbound rules,medium,PASS,"**EC2 security groups** are evaluated for excessive rule counts, flagging groups where `ingress` or `egress` entries exceed the configured threshold (default `50`). This targets groups with unusually large rule sets that complicate access control.",,,,,effective,us-west-2,2026-09-16 18:14:43.448493,"Apply **least privilege** and **segmentation**:
- Limit rules to required ports, protocols, and sources
- Split workloads into dedicated security groups per role
- Prefer SG-to-SG references over broad CIDRs
- Regularly review, deduplicate, and remove stale rules
- Layer controls (NACLs, private endpoints) for **defense in depth**","{""AUTH_METHOD"": ""profile: None"", ""TIMESTAMP"": ""2026-09-16 18:14:43.448493"", ""ACCOUNT_UID"": 12092091624, ""ACCOUNT_NAME"": NaN, ""ACCOUNT_EMAIL"": NaN, ""ACCOUNT_ORGANIZATION_UID"": NaN, ""ACCOUNT_ORGANIZATION_NAME"": NaN, ""ACCOUNT_TAGS"": NaN, ""FINDING_UID"": ""prowler-aws-ec2_securitygroup_with_many_ingress_egress_rules-012092091624-us-west-2-sg-0c742d7c1412f47d8"", ""PROVIDER"": ""aws"", ""CHECK_ID"": ""ec2_securitygroup_with_many_ingress_egress_rules"", ""CHECK_TITLE"": ""Security group has 50 or fewer inbound rules and 50 or fewer outbound rules"", ""CHECK_TYPE"": ""Software and Configuration Checks/AWS Security Best Practices/Network Reachability | Software and Configuration Checks/Industry and Regulatory Standards/AWS Foundational Security Best Practices | Software and Configuration Checks/Industry and Regulatory Standards/CIS AWS Foundations Benchmark"", ""STATUS"": ""PASS"", ""STATUS_EXTENDED"": ""Security group default (sg-0c742d7c1412f47d8) has 1 inbound rules and 1 outbound rules."", ""MUTED"": false, ""SERVICE_NAME"": ""ec2"", ""SUBSERVICE_NAME"": NaN, ""SEVERITY"": ""medium"", ""RESOURCE_TYPE"": ""AwsEc2SecurityGroup"", ""RESOURCE_UID"": ""arn:aws:ec2:us-west-2:012092091624:security-group/sg-0c742d7c1412f47d8"", ""RESOURCE_NAME"": ""sg-0c742d7c1412f47d8"", ""RESOURCE_DETAILS"": ""default"", ""RESOURCE_TAGS"": NaN, ""PARTITION"": ""aws"", ""REGION"": ""us-west-2"", ""DESCRIPTION"": ""**EC2 security groups** are evaluated for excessive rule counts, flagging groups where `ingress` or `egress` entries exceed the configured threshold (default `50`). This targets groups with unusually large rule sets that complicate access control."", ""RISK"": ""**Rule sprawl** weakens **least privilege**: large rule sets can hide overly permissive entries, exposing services to the Internet or unintended peers. This enables unauthorized access, data exfiltration, and lateral movement, impacting **confidentiality** and **integrity**, and can threaten **availability** via abuse of exposed services."", ""RELATED_URL"": NaN, ""REMEDIATION_RECOMMENDATION_TEXT"": ""Apply **least privilege** and **segmentation**:\r\n- Limit rules to required ports, protocols, and sources\r\n- Split workloads into dedicated security groups per role\r\n- Prefer SG-to-SG references over broad CIDRs\r\n- Regularly review, deduplicate, and remove stale rules\r\n- Layer controls (NACLs, private endpoints) for **defense in depth**"", ""REMEDIATION_RECOMMENDATION_URL"": ""https://hub.prowler.com/check/ec2_securitygroup_with_many_ingress_egress_rules"", ""REMEDIATION_CODE_NATIVEIAC"": ""```yaml\r\n# CloudFormation: Security group with limited number of rules\r\nResources:\r\n  <example_resource_name>:\r\n    Type: AWS::EC2::SecurityGroup\r\n    Properties:\r\n      GroupDescription: \""<example_resource_name>\""\r\n      VpcId: <example_resource_id>\r\n      SecurityGroupIngress:\r\n        - IpProtocol: tcp\r\n          FromPort: 443\r\n          ToPort: 443\r\n          CidrIp: 10.0.0.0/8  # Critical: keep total inbound rules  50; this example defines only 1 rule to ensure compliance\r\n```"", ""REMEDIATION_CODE_TERRAFORM"": ""```hcl\r\n# Terraform: Security group with limited number of rules\r\nresource \""aws_security_group\"" \""<example_resource_name>\"" {\r\n  name   = \""<example_resource_name>\""\r\n  vpc_id = \""<example_resource_id>\""\r\n\r\n  ingress {                      # Critical: keep total ingress/egress rules  50; single rule ensures PASS\r\n    from_port   = 443\r\n    to_port     = 443\r\n    protocol    = \""tcp\""\r\n    cidr_blocks = [\""10.0.0.0/8\""]\r\n  }\r\n}\r\n```"", ""REMEDIATION_CODE_CLI"": NaN, ""REMEDIATION_CODE_OTHER"": ""1. In the AWS console, go to EC2 > Security Groups\r\n2. Select the security group that FAILED\r\n3. In Inbound rules, click Edit inbound rules\r\n4. Delete rules until the inbound rule count is 50 or fewer, then Save\r\n5. In Outbound rules, click Edit outbound rules\r\n6. Delete rules until the outbound rule count is 50 or fewer, then Save"", ""COMPLIANCE"": ""AWS-Foundational-Technical-Review: NETSEC-001 | AWS-Well-Architected-Framework-Security-Pillar: SEC05-BP03 | ISO27001-2022: A.8.20, A.8.21, A.8.22 | KISA-ISMS-P-2023: 2.10.2 | KISA-ISMS-P-2023-korean: 2.10.2"", ""CATEGORIES"": ""trust-boundaries"", ""DEPENDS_ON"": NaN, ""RELATED_TO"": NaN, ""NOTES"": NaN, ""PROWLER_VERSION"": ""5.42.0"", ""ADDITIONAL_URLS"": ""https://docs.aws.amazon.com/vpc/latest/userguide/VPC_SecurityGroups.html | https://www.trendmicro.com/trendaivisiononecloudriskmanagement/knowledge-base/aws/EC2/security-group-rules-counts.html"", ""ACCOUNT_OU_UID"": NaN, ""ACCOUNT_OU_NAME"": NaN}"
Prowler,prowler-aws-iam_avoid_root_usage-012092091624-ap-south-1-<root_account>,arn:aws:iam::012092091624:root,<root_account>,aws_78ca40ff6af6627b,Cloud/IAM Configuration,AWS account root user has not been used in the last day,high,PASS,**AWS IAM root user** activity is assessed by inspecting `last-used` timestamps for the root password and access keys. The finding indicates when the root identity has been used recently for console or programmatic access.,,,,,effective,ap-south-1,2026-09-16 18:14:43.448493,"Minimize `root` usage by applying **least privilege** with admin roles or federated SSO and temporary credentials.
- Enforce **MFA** on root
- Avoid or remove root access keys
- Require multi-person approval
- **Monitor and alert** on any root sign-in
- Use org guardrails for **defense in depth**","{""AUTH_METHOD"": ""profile: None"", ""TIMESTAMP"": ""2026-09-16 18:14:43.448493"", ""ACCOUNT_UID"": 12092091624, ""ACCOUNT_NAME"": NaN, ""ACCOUNT_EMAIL"": NaN, ""ACCOUNT_ORGANIZATION_UID"": NaN, ""ACCOUNT_ORGANIZATION_NAME"": NaN, ""ACCOUNT_TAGS"": NaN, ""FINDING_UID"": ""prowler-aws-iam_avoid_root_usage-012092091624-ap-south-1-<root_account>"", ""PROVIDER"": ""aws"", ""CHECK_ID"": ""iam_avoid_root_usage"", ""CHECK_TITLE"": ""AWS account root user has not been used in the last day"", ""CHECK_TYPE"": ""Software and Configuration Checks/AWS Security Best Practices | Software and Configuration Checks/Industry and Regulatory Standards/AWS Foundational Security Best Practices | Software and Configuration Checks/Industry and Regulatory Standards/CIS AWS Foundations Benchmark"", ""STATUS"": ""PASS"", ""STATUS_EXTENDED"": ""Root user in the account wasn't accessed in the last 1 days."", ""MUTED"": false, ""SERVICE_NAME"": ""iam"", ""SUBSERVICE_NAME"": NaN, ""SEVERITY"": ""high"", ""RESOURCE_TYPE"": ""AwsIamUser"", ""RESOURCE_UID"": ""arn:aws:iam::012092091624:root"", ""RESOURCE_NAME"": ""<root_account>"", ""RESOURCE_DETAILS"": NaN, ""RESOURCE_TAGS"": NaN, ""PARTITION"": ""aws"", ""REGION"": ""ap-south-1"", ""DESCRIPTION"": ""**AWS IAM root user** activity is assessed by inspecting `last-used` timestamps for the root password and access keys. The finding indicates when the root identity has been used recently for console or programmatic access."", ""RISK"": ""Recent **root usage** expands blast radius:\r\n- Data exfiltration (**confidentiality**)\r\n- Policy/key tampering (**integrity**)\r\n- Resource deletion and billing changes (**availability**)\r\nRoutine use reduces anomaly visibility and eases **account takeover** impact."", ""RELATED_URL"": NaN, ""REMEDIATION_RECOMMENDATION_TEXT"": ""Minimize `root` usage by applying **least privilege** with admin roles or federated SSO and temporary credentials.\r\n- Enforce **MFA** on root\r\n- Avoid or remove root access keys\r\n- Require multi-person approval\r\n- **Monitor and alert** on any root sign-in\r\n- Use org guardrails for **defense in depth**"", ""REMEDIATION_RECOMMENDATION_URL"": ""https://hub.prowler.com/check/iam_avoid_root_usage"", ""REMEDIATION_CODE_NATIVEIAC"": NaN, ""REMEDIATION_CODE_TERRAFORM"": NaN, ""REMEDIATION_CODE_CLI"": NaN, ""REMEDIATION_CODE_OTHER"": ""1. Sign in to the AWS Management Console as the root user\r\n2. In the top-right, click your account name > Security credentials\r\n3. Under Access keys for the root user, delete all existing keys\r\n4. Sign out of the root user and do not use it again\r\n5. Wait 24 hours (until the root user has not been accessed for a full day) for the check to pass"", ""COMPLIANCE"": ""AWS-Account-Security-Onboarding: Block root user | AWS-AI-Security-Framework-1.0: AISF-IAM-04 | AWS-Well-Architected-Framework-Security-Pillar: SEC02-BP01 | C5-2025: IAM-03.01B, IAM-03.03B, IAM-06.02B, IAM-06.04B | CCC-v2025.10: CCC.Core.CN05.AR02 | CIS-1.4: 1.7 | CIS-1.5: 1.7 | CIS-2.0: 1.7 | CIS-3.0: 1.7 | CIS-4.0.1: 1.7 | CIS-5.0: 1.6 | CIS-6.0: 2.6 | CIS-7.0: 2.7 | ENS-RD2022: op.acc.2.aws.iam.4, op.acc.4.aws.iam.7 | ISO27001-2013: A.9.2.H, A.9.4.H | ISO27001-2022: A.5.15 | KISA-ISMS-P-2023: 2.5.1, 2.5.5, 2.10.2 | KISA-ISMS-P-2023-korean: 2.5.1, 2.5.5, 2.10.2 | MITRE-ATTACK: T1078, T1098 | NIS2: 6.7.2.e, 11.3.2.b, 11.3.2.c, 11.4.2.a | ProwlerThreatScore-1.0: 1.2.5 | SecNumCloud-3.2: 9.6"", ""CATEGORIES"": ""identity-access"", ""DEPENDS_ON"": NaN, ""RELATED_TO"": NaN, ""NOTES"": NaN, ""PROWLER_VERSION"": ""5.42.0"", ""ADDITIONAL_URLS"": ""https://docs.aws.amazon.com/IAM/latest/UserGuide/root-user-best-practices.html | https://www.trendmicro.com/trendaivisiononecloudriskmanagement/knowledge-base/aws/IAM/root-account-used-recently.html"", ""ACCOUNT_OU_UID"": NaN, ""ACCOUNT_OU_NAME"": NaN}"
Prowler,prowler-aws-iam_aws_attached_policy_no_administrative_privileges-012092091624-ap-south-1-AWSTrustedAdvisorServiceRolePolicy,arn:aws:iam::aws:policy/aws-service-role/AWSTrustedAdvisorServiceRolePolicy,AWSTrustedAdvisorServiceRolePolicy,aws_a8803875a86f7f04,Cloud/IAM Configuration,Attached AWS-managed IAM policy does not allow '*:*' administrative privileges,critical,PASS,"**IAM AWS-managed policies** attached to identities are inspected for statements that allow `Action:'*'` on `Resource:'*'`-i.e., full administrative `*:*` permissions",,,,,effective,ap-south-1,2026-09-16 18:14:43.448493,"Apply **least privilege**: avoid attaching AWS-managed policies that grant `*:*`.
- Use **customer-managed, scoped policies** per role
- Enforce **separation of duties** and **permissions boundaries**
- Prefer **temporary, time-bound elevation** for emergencies with MFA
- Regularly review access and use conditions to constrain context","{""AUTH_METHOD"": ""profile: None"", ""TIMESTAMP"": ""2026-09-16 18:14:43.448493"", ""ACCOUNT_UID"": 12092091624, ""ACCOUNT_NAME"": NaN, ""ACCOUNT_EMAIL"": NaN, ""ACCOUNT_ORGANIZATION_UID"": NaN, ""ACCOUNT_ORGANIZATION_NAME"": NaN, ""ACCOUNT_TAGS"": NaN, ""FINDING_UID"": ""prowler-aws-iam_aws_attached_policy_no_administrative_privileges-012092091624-ap-south-1-AWSTrustedAdvisorServiceRolePolicy"", ""PROVIDER"": ""aws"", ""CHECK_ID"": ""iam_aws_attached_policy_no_administrative_privileges"", ""CHECK_TITLE"": ""Attached AWS-managed IAM policy does not allow '*:*' administrative privileges"", ""CHECK_TYPE"": ""Software and Configuration Checks/AWS Security Best Practices | Software and Configuration Checks/Industry and Regulatory Standards/AWS Foundational Security Best Practices | Software and Configuration Checks/Industry and Regulatory Standards/CIS AWS Foundations Benchmark | TTPs/Privilege Escalation"", ""STATUS"": ""PASS"", ""STATUS_EXTENDED"": ""AWS policy AWSTrustedAdvisorServiceRolePolicy is attached but does not allow '*:*' administrative privileges."", ""MUTED"": false, ""SERVICE_NAME"": ""iam"", ""SUBSERVICE_NAME"": NaN, ""SEVERITY"": ""critical"", ""RESOURCE_TYPE"": ""AwsIamPolicy"", ""RESOURCE_UID"": ""arn:aws:iam::aws:policy/aws-service-role/AWSTrustedAdvisorServiceRolePolicy"", ""RESOURCE_NAME"": ""AWSTrustedAdvisorServiceRolePolicy"", ""RESOURCE_DETAILS"": NaN, ""RESOURCE_TAGS"": NaN, ""PARTITION"": ""aws"", ""REGION"": ""ap-south-1"", ""DESCRIPTION"": ""**IAM AWS-managed policies** attached to identities are inspected for statements that allow `Action:'*'` on `Resource:'*'`-i.e., full administrative `*:*` permissions"", ""RISK"": ""**Unrestricted `*:*` access** enables any action on any resource, risking:\r\n- Data exfiltration (**confidentiality**)\r\n- Unauthorized changes and policy tampering (**integrity**)\r\n- Service deletion or shutdown (**availability**)\r\nAttackers can disable logging, create backdoor principals, and expand lateral movement."", ""RELATED_URL"": NaN, ""REMEDIATION_RECOMMENDATION_TEXT"": ""Apply **least privilege**: avoid attaching AWS-managed policies that grant `*:*`.\r\n- Use **customer-managed, scoped policies** per role\r\n- Enforce **separation of duties** and **permissions boundaries**\r\n- Prefer **temporary, time-bound elevation** for emergencies with MFA\r\n- Regularly review access and use conditions to constrain context"", ""REMEDIATION_RECOMMENDATION_URL"": ""https://hub.prowler.com/check/iam_aws_attached_policy_no_administrative_privileges"", ""REMEDIATION_CODE_NATIVEIAC"": ""```yaml\r\n# CloudFormation: ensure no AWS-managed admin policy ('*:*') is attached\r\nResources:\r\n  <example_resource_name>:\r\n    Type: AWS::IAM::Role\r\n    Properties:\r\n      AssumeRolePolicyDocument:\r\n        Version: '2012-10-17'\r\n        Statement:\r\n          - Effect: Allow\r\n            Principal:\r\n              Service: ec2.amazonaws.com\r\n            Action: sts:AssumeRole\r\n      ManagedPolicyArns: []  # FIX: empty list detaches/removes any attached AWS-managed admin policy (e.g., AdministratorAccess)\r\n```"", ""REMEDIATION_CODE_TERRAFORM"": ""```hcl\r\n# Replace full admin attachment with a non-admin policy (ensure AdministratorAccess is not attached)\r\nresource \""aws_iam_role_policy_attachment\"" \""<example_resource_name>\"" {\r\n  role       = \""<example_resource_name>\""\r\n  policy_arn = \""arn:aws:iam::aws:policy/ReadOnlyAccess\""  # FIX: avoids '*:*' admin privileges; replace AdministratorAccess\r\n}\r\n```"", ""REMEDIATION_CODE_CLI"": NaN, ""REMEDIATION_CODE_OTHER"": ""1. In the AWS Console, go to IAM > Policies\r\n2. Search for the flagged AWS-managed policy (e.g., AdministratorAccess) and open it\r\n3. Click Attached entities\r\n4. Select all Users, Groups, and Roles shown and click Detach\r\n5. Confirm the policy shows 0 attached entities\r\n6. Rerun the check to verify it passes"", ""COMPLIANCE"": ""ASD-Essential-Eight-Nov 2023: E8-4.4 | AWS-AI-Security-Framework-1.0: AISF-IAM-02 | AWS-Foundational-Security-Best-Practices: IAM.1 | AWS-Well-Architected-Framework-Security-Pillar: SEC03-BP02 | C5-2025: OIS-04.03B, OIS-04.01AC, SP-01.04B, HR-01.01B, IAM-01.01B, IAM-01.04B | CCC-v2025.10: CCC.Core.CN05.AR02, CCC.IAM.CN01.AR01, CCC.IAM.CN01.AR02, CCC.IAM.CN02.AR01, CCC.IAM.CN02.AR02, CCC.IAM.CN04.AR01 | CISA: your-systems-3, your-surroundings-3 | CIS-1.4: 1.16 | CIS-1.5: 1.16 | CIS-2.0: 1.16 | CIS-3.0: 1.16 | CIS-4.0.1: 1.16 | CIS-5.0: 1.15 | CIS-6.0: 2.15 | CIS-7.0: 2.14 | ENS-RD2022: op.acc.4.aws.iam.1, op.acc.4.aws.iam.2, op.acc.4.aws.iam.9, op.exp.8.r4.aws.ct.8 | FedRAMP-20x-KSI-Low-25.05C: ksi-iam | FedRAMP-Low-Revision-4: ac-2, ac-3 | FedRamp-Moderate-Revision-4: ac-2-1, ac-2-f, ac-2-j, ac-3, ac-5-c, ac-6-10, ac-6, sc-2 | FFIEC: d3-pc-am-b-1, d3-pc-am-b-16, d3-pc-am-b-2, d3-pc-am-b-3, d3-pc-am-b-6, d3-pc-im-b-7 | GDPR: article_25 | GxP-21-CFR-Part-11: 11.10-d, 11.10-g | HIPAA: 164_308_a_1_ii_b, 164_308_a_3_i, 164_308_a_3_ii_b, 164_308_a_4_i, 164_308_a_4_ii_b, 164_308_a_4_ii_c, 164_312_a_1 | ISO27001-2022: A.5.18, A.8.2 | KISA-ISMS-P-2023: 2.5.1, 2.5.5, 2.5.6, 2.10.2 | KISA-ISMS-P-2023-korean: 2.5.1, 2.5.5, 2.5.6, 2.10.2 | MITRE-ATTACK: T1078, T1648, T1098, T1578, T1550, T1040, T1580, T1538, T1619, T1201 | NIST-800-171-Revision-2: 3_1_1, 3_1_2, 3_1_4, 3_1_5, 3_1_6, 3_1_7, 3_4_6, 3_13_3 | NIST-800-53-Revision-4: ac_2, ac_3, ac_5, ac_6, sc_2 | NIST-800-53-Revision-5: ac_2_1, ac_2_6, ac_2_i_2, ac_3, ac_3_3, ac_3_3_a, ac_3_3_b_1, ac_3_3_b_2, ac_3_3_b_3, ac_3_3_b_4, ac_3_3_b_5, ac_3_3_c, ac_3_4, ac_3_4_a, ac_3_4_b, ac_3_4_c, ac_3_4_d, ac_3_4_e, ac_3_7, ac_3_8, ac_3_12_a, ac_3_13, ac_3_15_a, ac_3_15_b, ac_4_28, ac_5_b, ac_6, ac_6_2, ac_6_3, ac_6_10, ac_24, cm_5_1_a, cm_6_a, cm_9_b, mp_2, sc_23_3, sc_25 | NIST-CSF-1.1: ac_1, ac_4, pt_3 | NIST-CSF-2.0: rr_1, rr_2, po_1, ac_1 | ProwlerThreatScore-1.0: 1.3.1 | RBI-Cyber-Security-Framework: annex_i_7_1 | SecNumCloud-3.2: 9.1 | SOC2: cc_1_3, cc_6_3"", ""CATEGORIES"": ""identity-access"", ""DEPENDS_ON"": NaN, ""RELATED_TO"": NaN, ""NOTES"": ""CAF Security Epic: IAM"", ""PROWLER_VERSION"": ""5.42.0"", ""ADDITIONAL_URLS"": ""https://docs.aws.amazon.com/aws-managed-policy/latest/reference/AdministratorAccess.html | https://support.icompaas.com/support/solutions/articles/62000233815-ensure-iam-roles-do-not-have-administratoraccess-policy-attached | http://docs.aws.amazon.com/IAM/latest/UserGuide/best-practices.html"", ""ACCOUNT_OU_UID"": NaN, ""ACCOUNT_OU_NAME"": NaN}"
Prowler,prowler-aws-iam_aws_attached_policy_no_administrative_privileges-012092091624-ap-south-1-AWSSupportServiceRolePolicy,arn:aws:iam::aws:policy/aws-service-role/AWSSupportServiceRolePolicy,AWSSupportServiceRolePolicy,aws_6e64785173bf51bd,Cloud/IAM Configuration,Attached AWS-managed IAM policy does not allow '*:*' administrative privileges,critical,PASS,"**IAM AWS-managed policies** attached to identities are inspected for statements that allow `Action:'*'` on `Resource:'*'`-i.e., full administrative `*:*` permissions",,,,,effective,ap-south-1,2026-09-16 18:14:43.448493,"Apply **least privilege**: avoid attaching AWS-managed policies that grant `*:*`.
- Use **customer-managed, scoped policies** per role
- Enforce **separation of duties** and **permissions boundaries**
- Prefer **temporary, time-bound elevation** for emergencies with MFA
- Regularly review access and use conditions to constrain context","{""AUTH_METHOD"": ""profile: None"", ""TIMESTAMP"": ""2026-09-16 18:14:43.448493"", ""ACCOUNT_UID"": 12092091624, ""ACCOUNT_NAME"": NaN, ""ACCOUNT_EMAIL"": NaN, ""ACCOUNT_ORGANIZATION_UID"": NaN, ""ACCOUNT_ORGANIZATION_NAME"": NaN, ""ACCOUNT_TAGS"": NaN, ""FINDING_UID"": ""prowler-aws-iam_aws_attached_policy_no_administrative_privileges-012092091624-ap-south-1-AWSSupportServiceRolePolicy"", ""PROVIDER"": ""aws"", ""CHECK_ID"": ""iam_aws_attached_policy_no_administrative_privileges"", ""CHECK_TITLE"": ""Attached AWS-managed IAM policy does not allow '*:*' administrative privileges"", ""CHECK_TYPE"": ""Software and Configuration Checks/AWS Security Best Practices | Software and Configuration Checks/Industry and Regulatory Standards/AWS Foundational Security Best Practices | Software and Configuration Checks/Industry and Regulatory Standards/CIS AWS Foundations Benchmark | TTPs/Privilege Escalation"", ""STATUS"": ""PASS"", ""STATUS_EXTENDED"": ""AWS policy AWSSupportServiceRolePolicy is attached but does not allow '*:*' administrative privileges."", ""MUTED"": false, ""SERVICE_NAME"": ""iam"", ""SUBSERVICE_NAME"": NaN, ""SEVERITY"": ""critical"", ""RESOURCE_TYPE"": ""AwsIamPolicy"", ""RESOURCE_UID"": ""arn:aws:iam::aws:policy/aws-service-role/AWSSupportServiceRolePolicy"", ""RESOURCE_NAME"": ""AWSSupportServiceRolePolicy"", ""RESOURCE_DETAILS"": NaN, ""RESOURCE_TAGS"": NaN, ""PARTITION"": ""aws"", ""REGION"": ""ap-south-1"", ""DESCRIPTION"": ""**IAM AWS-managed policies** attached to identities are inspected for statements that allow `Action:'*'` on `Resource:'*'`-i.e., full administrative `*:*` permissions"", ""RISK"": ""**Unrestricted `*:*` access** enables any action on any resource, risking:\r\n- Data exfiltration (**confidentiality**)\r\n- Unauthorized changes and policy tampering (**integrity**)\r\n- Service deletion or shutdown (**availability**)\r\nAttackers can disable logging, create backdoor principals, and expand lateral movement."", ""RELATED_URL"": NaN, ""REMEDIATION_RECOMMENDATION_TEXT"": ""Apply **least privilege**: avoid attaching AWS-managed policies that grant `*:*`.\r\n- Use **customer-managed, scoped policies** per role\r\n- Enforce **separation of duties** and **permissions boundaries**\r\n- Prefer **temporary, time-bound elevation** for emergencies with MFA\r\n- Regularly review access and use conditions to constrain context"", ""REMEDIATION_RECOMMENDATION_URL"": ""https://hub.prowler.com/check/iam_aws_attached_policy_no_administrative_privileges"", ""REMEDIATION_CODE_NATIVEIAC"": ""```yaml\r\n# CloudFormation: ensure no AWS-managed admin policy ('*:*') is attached\r\nResources:\r\n  <example_resource_name>:\r\n    Type: AWS::IAM::Role\r\n    Properties:\r\n      AssumeRolePolicyDocument:\r\n        Version: '2012-10-17'\r\n        Statement:\r\n          - Effect: Allow\r\n            Principal:\r\n              Service: ec2.amazonaws.com\r\n            Action: sts:AssumeRole\r\n      ManagedPolicyArns: []  # FIX: empty list detaches/removes any attached AWS-managed admin policy (e.g., AdministratorAccess)\r\n```"", ""REMEDIATION_CODE_TERRAFORM"": ""```hcl\r\n# Replace full admin attachment with a non-admin policy (ensure AdministratorAccess is not attached)\r\nresource \""aws_iam_role_policy_attachment\"" \""<example_resource_name>\"" {\r\n  role       = \""<example_resource_name>\""\r\n  policy_arn = \""arn:aws:iam::aws:policy/ReadOnlyAccess\""  # FIX: avoids '*:*' admin privileges; replace AdministratorAccess\r\n}\r\n```"", ""REMEDIATION_CODE_CLI"": NaN, ""REMEDIATION_CODE_OTHER"": ""1. In the AWS Console, go to IAM > Policies\r\n2. Search for the flagged AWS-managed policy (e.g., AdministratorAccess) and open it\r\n3. Click Attached entities\r\n4. Select all Users, Groups, and Roles shown and click Detach\r\n5. Confirm the policy shows 0 attached entities\r\n6. Rerun the check to verify it passes"", ""COMPLIANCE"": ""ASD-Essential-Eight-Nov 2023: E8-4.4 | AWS-AI-Security-Framework-1.0: AISF-IAM-02 | AWS-Foundational-Security-Best-Practices: IAM.1 | AWS-Well-Architected-Framework-Security-Pillar: SEC03-BP02 | C5-2025: OIS-04.03B, OIS-04.01AC, SP-01.04B, HR-01.01B, IAM-01.01B, IAM-01.04B | CCC-v2025.10: CCC.Core.CN05.AR02, CCC.IAM.CN01.AR01, CCC.IAM.CN01.AR02, CCC.IAM.CN02.AR01, CCC.IAM.CN02.AR02, CCC.IAM.CN04.AR01 | CISA: your-systems-3, your-surroundings-3 | CIS-1.4: 1.16 | CIS-1.5: 1.16 | CIS-2.0: 1.16 | CIS-3.0: 1.16 | CIS-4.0.1: 1.16 | CIS-5.0: 1.15 | CIS-6.0: 2.15 | CIS-7.0: 2.14 | ENS-RD2022: op.acc.4.aws.iam.1, op.acc.4.aws.iam.2, op.acc.4.aws.iam.9, op.exp.8.r4.aws.ct.8 | FedRAMP-20x-KSI-Low-25.05C: ksi-iam | FedRAMP-Low-Revision-4: ac-2, ac-3 | FedRamp-Moderate-Revision-4: ac-2-1, ac-2-f, ac-2-j, ac-3, ac-5-c, ac-6-10, ac-6, sc-2 | FFIEC: d3-pc-am-b-1, d3-pc-am-b-16, d3-pc-am-b-2, d3-pc-am-b-3, d3-pc-am-b-6, d3-pc-im-b-7 | GDPR: article_25 | GxP-21-CFR-Part-11: 11.10-d, 11.10-g | HIPAA: 164_308_a_1_ii_b, 164_308_a_3_i, 164_308_a_3_ii_b, 164_308_a_4_i, 164_308_a_4_ii_b, 164_308_a_4_ii_c, 164_312_a_1 | ISO27001-2022: A.5.18, A.8.2 | KISA-ISMS-P-2023: 2.5.1, 2.5.5, 2.5.6, 2.10.2 | KISA-ISMS-P-2023-korean: 2.5.1, 2.5.5, 2.5.6, 2.10.2 | MITRE-ATTACK: T1078, T1648, T1098, T1578, T1550, T1040, T1580, T1538, T1619, T1201 | NIST-800-171-Revision-2: 3_1_1, 3_1_2, 3_1_4, 3_1_5, 3_1_6, 3_1_7, 3_4_6, 3_13_3 | NIST-800-53-Revision-4: ac_2, ac_3, ac_5, ac_6, sc_2 | NIST-800-53-Revision-5: ac_2_1, ac_2_6, ac_2_i_2, ac_3, ac_3_3, ac_3_3_a, ac_3_3_b_1, ac_3_3_b_2, ac_3_3_b_3, ac_3_3_b_4, ac_3_3_b_5, ac_3_3_c, ac_3_4, ac_3_4_a, ac_3_4_b, ac_3_4_c, ac_3_4_d, ac_3_4_e, ac_3_7, ac_3_8, ac_3_12_a, ac_3_13, ac_3_15_a, ac_3_15_b, ac_4_28, ac_5_b, ac_6, ac_6_2, ac_6_3, ac_6_10, ac_24, cm_5_1_a, cm_6_a, cm_9_b, mp_2, sc_23_3, sc_25 | NIST-CSF-1.1: ac_1, ac_4, pt_3 | NIST-CSF-2.0: rr_1, rr_2, po_1, ac_1 | ProwlerThreatScore-1.0: 1.3.1 | RBI-Cyber-Security-Framework: annex_i_7_1 | SecNumCloud-3.2: 9.1 | SOC2: cc_1_3, cc_6_3"", ""CATEGORIES"": ""identity-access"", ""DEPENDS_ON"": NaN, ""RELATED_TO"": NaN, ""NOTES"": ""CAF Security Epic: IAM"", ""PROWLER_VERSION"": ""5.42.0"", ""ADDITIONAL_URLS"": ""https://docs.aws.amazon.com/aws-managed-policy/latest/reference/AdministratorAccess.html | https://support.icompaas.com/support/solutions/articles/62000233815-ensure-iam-roles-do-not-have-administratoraccess-policy-attached | http://docs.aws.amazon.com/IAM/latest/UserGuide/best-practices.html"", ""ACCOUNT_OU_UID"": NaN, ""ACCOUNT_OU_NAME"": NaN}"
Prowler,prowler-aws-iam_aws_attached_policy_no_administrative_privileges-012092091624-ap-south-1-SecurityAudit,arn:aws:iam::aws:policy/SecurityAudit,SecurityAudit,aws_ecbfb9d76baaf68f,Cloud/IAM Configuration,Attached AWS-managed IAM policy does not allow '*:*' administrative privileges,critical,PASS,"**IAM AWS-managed policies** attached to identities are inspected for statements that allow `Action:'*'` on `Resource:'*'`-i.e., full administrative `*:*` permissions",,,,,effective,ap-south-1,2026-09-16 18:14:43.448493,"Apply **least privilege**: avoid attaching AWS-managed policies that grant `*:*`.
- Use **customer-managed, scoped policies** per role
- Enforce **separation of duties** and **permissions boundaries**
- Prefer **temporary, time-bound elevation** for emergencies with MFA
- Regularly review access and use conditions to constrain context","{""AUTH_METHOD"": ""profile: None"", ""TIMESTAMP"": ""2026-09-16 18:14:43.448493"", ""ACCOUNT_UID"": 12092091624, ""ACCOUNT_NAME"": NaN, ""ACCOUNT_EMAIL"": NaN, ""ACCOUNT_ORGANIZATION_UID"": NaN, ""ACCOUNT_ORGANIZATION_NAME"": NaN, ""ACCOUNT_TAGS"": NaN, ""FINDING_UID"": ""prowler-aws-iam_aws_attached_policy_no_administrative_privileges-012092091624-ap-south-1-SecurityAudit"", ""PROVIDER"": ""aws"", ""CHECK_ID"": ""iam_aws_attached_policy_no_administrative_privileges"", ""CHECK_TITLE"": ""Attached AWS-managed IAM policy does not allow '*:*' administrative privileges"", ""CHECK_TYPE"": ""Software and Configuration Checks/AWS Security Best Practices | Software and Configuration Checks/Industry and Regulatory Standards/AWS Foundational Security Best Practices | Software and Configuration Checks/Industry and Regulatory Standards/CIS AWS Foundations Benchmark | TTPs/Privilege Escalation"", ""STATUS"": ""PASS"", ""STATUS_EXTENDED"": ""AWS policy SecurityAudit is attached but does not allow '*:*' administrative privileges."", ""MUTED"": false, ""SERVICE_NAME"": ""iam"", ""SUBSERVICE_NAME"": NaN, ""SEVERITY"": ""critical"", ""RESOURCE_TYPE"": ""AwsIamPolicy"", ""RESOURCE_UID"": ""arn:aws:iam::aws:policy/SecurityAudit"", ""RESOURCE_NAME"": ""SecurityAudit"", ""RESOURCE_DETAILS"": NaN, ""RESOURCE_TAGS"": NaN, ""PARTITION"": ""aws"", ""REGION"": ""ap-south-1"", ""DESCRIPTION"": ""**IAM AWS-managed policies** attached to identities are inspected for statements that allow `Action:'*'` on `Resource:'*'`-i.e., full administrative `*:*` permissions"", ""RISK"": ""**Unrestricted `*:*` access** enables any action on any resource, risking:\r\n- Data exfiltration (**confidentiality**)\r\n- Unauthorized changes and policy tampering (**integrity**)\r\n- Service deletion or shutdown (**availability**)\r\nAttackers can disable logging, create backdoor principals, and expand lateral movement."", ""RELATED_URL"": NaN, ""REMEDIATION_RECOMMENDATION_TEXT"": ""Apply **least privilege**: avoid attaching AWS-managed policies that grant `*:*`.\r\n- Use **customer-managed, scoped policies** per role\r\n- Enforce **separation of duties** and **permissions boundaries**\r\n- Prefer **temporary, time-bound elevation** for emergencies with MFA\r\n- Regularly review access and use conditions to constrain context"", ""REMEDIATION_RECOMMENDATION_URL"": ""https://hub.prowler.com/check/iam_aws_attached_policy_no_administrative_privileges"", ""REMEDIATION_CODE_NATIVEIAC"": ""```yaml\r\n# CloudFormation: ensure no AWS-managed admin policy ('*:*') is attached\r\nResources:\r\n  <example_resource_name>:\r\n    Type: AWS::IAM::Role\r\n    Properties:\r\n      AssumeRolePolicyDocument:\r\n        Version: '2012-10-17'\r\n        Statement:\r\n          - Effect: Allow\r\n            Principal:\r\n              Service: ec2.amazonaws.com\r\n            Action: sts:AssumeRole\r\n      ManagedPolicyArns: []  # FIX: empty list detaches/removes any attached AWS-managed admin policy (e.g., AdministratorAccess)\r\n```"", ""REMEDIATION_CODE_TERRAFORM"": ""```hcl\r\n# Replace full admin attachment with a non-admin policy (ensure AdministratorAccess is not attached)\r\nresource \""aws_iam_role_policy_attachment\"" \""<example_resource_name>\"" {\r\n  role       = \""<example_resource_name>\""\r\n  policy_arn = \""arn:aws:iam::aws:policy/ReadOnlyAccess\""  # FIX: avoids '*:*' admin privileges; replace AdministratorAccess\r\n}\r\n```"", ""REMEDIATION_CODE_CLI"": NaN, ""REMEDIATION_CODE_OTHER"": ""1. In the AWS Console, go to IAM > Policies\r\n2. Search for the flagged AWS-managed policy (e.g., AdministratorAccess) and open it\r\n3. Click Attached entities\r\n4. Select all Users, Groups, and Roles shown and click Detach\r\n5. Confirm the policy shows 0 attached entities\r\n6. Rerun the check to verify it passes"", ""COMPLIANCE"": ""ASD-Essential-Eight-Nov 2023: E8-4.4 | AWS-AI-Security-Framework-1.0: AISF-IAM-02 | AWS-Foundational-Security-Best-Practices: IAM.1 | AWS-Well-Architected-Framework-Security-Pillar: SEC03-BP02 | C5-2025: OIS-04.03B, OIS-04.01AC, SP-01.04B, HR-01.01B, IAM-01.01B, IAM-01.04B | CCC-v2025.10: CCC.Core.CN05.AR02, CCC.IAM.CN01.AR01, CCC.IAM.CN01.AR02, CCC.IAM.CN02.AR01, CCC.IAM.CN02.AR02, CCC.IAM.CN04.AR01 | CISA: your-systems-3, your-surroundings-3 | CIS-1.4: 1.16 | CIS-1.5: 1.16 | CIS-2.0: 1.16 | CIS-3.0: 1.16 | CIS-4.0.1: 1.16 | CIS-5.0: 1.15 | CIS-6.0: 2.15 | CIS-7.0: 2.14 | ENS-RD2022: op.acc.4.aws.iam.1, op.acc.4.aws.iam.2, op.acc.4.aws.iam.9, op.exp.8.r4.aws.ct.8 | FedRAMP-20x-KSI-Low-25.05C: ksi-iam | FedRAMP-Low-Revision-4: ac-2, ac-3 | FedRamp-Moderate-Revision-4: ac-2-1, ac-2-f, ac-2-j, ac-3, ac-5-c, ac-6-10, ac-6, sc-2 | FFIEC: d3-pc-am-b-1, d3-pc-am-b-16, d3-pc-am-b-2, d3-pc-am-b-3, d3-pc-am-b-6, d3-pc-im-b-7 | GDPR: article_25 | GxP-21-CFR-Part-11: 11.10-d, 11.10-g | HIPAA: 164_308_a_1_ii_b, 164_308_a_3_i, 164_308_a_3_ii_b, 164_308_a_4_i, 164_308_a_4_ii_b, 164_308_a_4_ii_c, 164_312_a_1 | ISO27001-2022: A.5.18, A.8.2 | KISA-ISMS-P-2023: 2.5.1, 2.5.5, 2.5.6, 2.10.2 | KISA-ISMS-P-2023-korean: 2.5.1, 2.5.5, 2.5.6, 2.10.2 | MITRE-ATTACK: T1078, T1648, T1098, T1578, T1550, T1040, T1580, T1538, T1619, T1201 | NIST-800-171-Revision-2: 3_1_1, 3_1_2, 3_1_4, 3_1_5, 3_1_6, 3_1_7, 3_4_6, 3_13_3 | NIST-800-53-Revision-4: ac_2, ac_3, ac_5, ac_6, sc_2 | NIST-800-53-Revision-5: ac_2_1, ac_2_6, ac_2_i_2, ac_3, ac_3_3, ac_3_3_a, ac_3_3_b_1, ac_3_3_b_2, ac_3_3_b_3, ac_3_3_b_4, ac_3_3_b_5, ac_3_3_c, ac_3_4, ac_3_4_a, ac_3_4_b, ac_3_4_c, ac_3_4_d, ac_3_4_e, ac_3_7, ac_3_8, ac_3_12_a, ac_3_13, ac_3_15_a, ac_3_15_b, ac_4_28, ac_5_b, ac_6, ac_6_2, ac_6_3, ac_6_10, ac_24, cm_5_1_a, cm_6_a, cm_9_b, mp_2, sc_23_3, sc_25 | NIST-CSF-1.1: ac_1, ac_4, pt_3 | NIST-CSF-2.0: rr_1, rr_2, po_1, ac_1 | ProwlerThreatScore-1.0: 1.3.1 | RBI-Cyber-Security-Framework: annex_i_7_1 | SecNumCloud-3.2: 9.1 | SOC2: cc_1_3, cc_6_3"", ""CATEGORIES"": ""identity-access"", ""DEPENDS_ON"": NaN, ""RELATED_TO"": NaN, ""NOTES"": ""CAF Security Epic: IAM"", ""PROWLER_VERSION"": ""5.42.0"", ""ADDITIONAL_URLS"": ""https://docs.aws.amazon.com/aws-managed-policy/latest/reference/AdministratorAccess.html | https://support.icompaas.com/support/solutions/articles/62000233815-ensure-iam-roles-do-not-have-administratoraccess-policy-attached | http://docs.aws.amazon.com/IAM/latest/UserGuide/best-practices.html"", ""ACCOUNT_OU_UID"": NaN, ""ACCOUNT_OU_NAME"": NaN}"
Prowler,prowler-aws-iam_aws_attached_policy_no_administrative_privileges-012092091624-ap-south-1-AmazonBedrockLimitedAccess,arn:aws:iam::aws:policy/AmazonBedrockLimitedAccess,AmazonBedrockLimitedAccess,aws_f7bb27910264eb22,Cloud/IAM Configuration,Attached AWS-managed IAM policy does not allow '*:*' administrative privileges,critical,PASS,"**IAM AWS-managed policies** attached to identities are inspected for statements that allow `Action:'*'` on `Resource:'*'`-i.e., full administrative `*:*` permissions",,,,,effective,ap-south-1,2026-09-16 18:14:43.448493,"Apply **least privilege**: avoid attaching AWS-managed policies that grant `*:*`.
- Use **customer-managed, scoped policies** per role
- Enforce **separation of duties** and **permissions boundaries**
- Prefer **temporary, time-bound elevation** for emergencies with MFA
- Regularly review access and use conditions to constrain context","{""AUTH_METHOD"": ""profile: None"", ""TIMESTAMP"": ""2026-09-16 18:14:43.448493"", ""ACCOUNT_UID"": 12092091624, ""ACCOUNT_NAME"": NaN, ""ACCOUNT_EMAIL"": NaN, ""ACCOUNT_ORGANIZATION_UID"": NaN, ""ACCOUNT_ORGANIZATION_NAME"": NaN, ""ACCOUNT_TAGS"": NaN, ""FINDING_UID"": ""prowler-aws-iam_aws_attached_policy_no_administrative_privileges-012092091624-ap-south-1-AmazonBedrockLimitedAccess"", ""PROVIDER"": ""aws"", ""CHECK_ID"": ""iam_aws_attached_policy_no_administrative_privileges"", ""CHECK_TITLE"": ""Attached AWS-managed IAM policy does not allow '*:*' administrative privileges"", ""CHECK_TYPE"": ""Software and Configuration Checks/AWS Security Best Practices | Software and Configuration Checks/Industry and Regulatory Standards/AWS Foundational Security Best Practices | Software and Configuration Checks/Industry and Regulatory Standards/CIS AWS Foundations Benchmark | TTPs/Privilege Escalation"", ""STATUS"": ""PASS"", ""STATUS_EXTENDED"": ""AWS policy AmazonBedrockLimitedAccess is attached but does not allow '*:*' administrative privileges."", ""MUTED"": false, ""SERVICE_NAME"": ""iam"", ""SUBSERVICE_NAME"": NaN, ""SEVERITY"": ""critical"", ""RESOURCE_TYPE"": ""AwsIamPolicy"", ""RESOURCE_UID"": ""arn:aws:iam::aws:policy/AmazonBedrockLimitedAccess"", ""RESOURCE_NAME"": ""AmazonBedrockLimitedAccess"", ""RESOURCE_DETAILS"": NaN, ""RESOURCE_TAGS"": NaN, ""PARTITION"": ""aws"", ""REGION"": ""ap-south-1"", ""DESCRIPTION"": ""**IAM AWS-managed policies** attached to identities are inspected for statements that allow `Action:'*'` on `Resource:'*'`-i.e., full administrative `*:*` permissions"", ""RISK"": ""**Unrestricted `*:*` access** enables any action on any resource, risking:\r\n- Data exfiltration (**confidentiality**)\r\n- Unauthorized changes and policy tampering (**integrity**)\r\n- Service deletion or shutdown (**availability**)\r\nAttackers can disable logging, create backdoor principals, and expand lateral movement."", ""RELATED_URL"": NaN, ""REMEDIATION_RECOMMENDATION_TEXT"": ""Apply **least privilege**: avoid attaching AWS-managed policies that grant `*:*`.\r\n- Use **customer-managed, scoped policies** per role\r\n- Enforce **separation of duties** and **permissions boundaries**\r\n- Prefer **temporary, time-bound elevation** for emergencies with MFA\r\n- Regularly review access and use conditions to constrain context"", ""REMEDIATION_RECOMMENDATION_URL"": ""https://hub.prowler.com/check/iam_aws_attached_policy_no_administrative_privileges"", ""REMEDIATION_CODE_NATIVEIAC"": ""```yaml\r\n# CloudFormation: ensure no AWS-managed admin policy ('*:*') is attached\r\nResources:\r\n  <example_resource_name>:\r\n    Type: AWS::IAM::Role\r\n    Properties:\r\n      AssumeRolePolicyDocument:\r\n        Version: '2012-10-17'\r\n        Statement:\r\n          - Effect: Allow\r\n            Principal:\r\n              Service: ec2.amazonaws.com\r\n            Action: sts:AssumeRole\r\n      ManagedPolicyArns: []  # FIX: empty list detaches/removes any attached AWS-managed admin policy (e.g., AdministratorAccess)\r\n```"", ""REMEDIATION_CODE_TERRAFORM"": ""```hcl\r\n# Replace full admin attachment with a non-admin policy (ensure AdministratorAccess is not attached)\r\nresource \""aws_iam_role_policy_attachment\"" \""<example_resource_name>\"" {\r\n  role       = \""<example_resource_name>\""\r\n  policy_arn = \""arn:aws:iam::aws:policy/ReadOnlyAccess\""  # FIX: avoids '*:*' admin privileges; replace AdministratorAccess\r\n}\r\n```"", ""REMEDIATION_CODE_CLI"": NaN, ""REMEDIATION_CODE_OTHER"": ""1. In the AWS Console, go to IAM > Policies\r\n2. Search for the flagged AWS-managed policy (e.g., AdministratorAccess) and open it\r\n3. Click Attached entities\r\n4. Select all Users, Groups, and Roles shown and click Detach\r\n5. Confirm the policy shows 0 attached entities\r\n6. Rerun the check to verify it passes"", ""COMPLIANCE"": ""ASD-Essential-Eight-Nov 2023: E8-4.4 | AWS-AI-Security-Framework-1.0: AISF-IAM-02 | AWS-Foundational-Security-Best-Practices: IAM.1 | AWS-Well-Architected-Framework-Security-Pillar: SEC03-BP02 | C5-2025: OIS-04.03B, OIS-04.01AC, SP-01.04B, HR-01.01B, IAM-01.01B, IAM-01.04B | CCC-v2025.10: CCC.Core.CN05.AR02, CCC.IAM.CN01.AR01, CCC.IAM.CN01.AR02, CCC.IAM.CN02.AR01, CCC.IAM.CN02.AR02, CCC.IAM.CN04.AR01 | CISA: your-systems-3, your-surroundings-3 | CIS-1.4: 1.16 | CIS-1.5: 1.16 | CIS-2.0: 1.16 | CIS-3.0: 1.16 | CIS-4.0.1: 1.16 | CIS-5.0: 1.15 | CIS-6.0: 2.15 | CIS-7.0: 2.14 | ENS-RD2022: op.acc.4.aws.iam.1, op.acc.4.aws.iam.2, op.acc.4.aws.iam.9, op.exp.8.r4.aws.ct.8 | FedRAMP-20x-KSI-Low-25.05C: ksi-iam | FedRAMP-Low-Revision-4: ac-2, ac-3 | FedRamp-Moderate-Revision-4: ac-2-1, ac-2-f, ac-2-j, ac-3, ac-5-c, ac-6-10, ac-6, sc-2 | FFIEC: d3-pc-am-b-1, d3-pc-am-b-16, d3-pc-am-b-2, d3-pc-am-b-3, d3-pc-am-b-6, d3-pc-im-b-7 | GDPR: article_25 | GxP-21-CFR-Part-11: 11.10-d, 11.10-g | HIPAA: 164_308_a_1_ii_b, 164_308_a_3_i, 164_308_a_3_ii_b, 164_308_a_4_i, 164_308_a_4_ii_b, 164_308_a_4_ii_c, 164_312_a_1 | ISO27001-2022: A.5.18, A.8.2 | KISA-ISMS-P-2023: 2.5.1, 2.5.5, 2.5.6, 2.10.2 | KISA-ISMS-P-2023-korean: 2.5.1, 2.5.5, 2.5.6, 2.10.2 | MITRE-ATTACK: T1078, T1648, T1098, T1578, T1550, T1040, T1580, T1538, T1619, T1201 | NIST-800-171-Revision-2: 3_1_1, 3_1_2, 3_1_4, 3_1_5, 3_1_6, 3_1_7, 3_4_6, 3_13_3 | NIST-800-53-Revision-4: ac_2, ac_3, ac_5, ac_6, sc_2 | NIST-800-53-Revision-5: ac_2_1, ac_2_6, ac_2_i_2, ac_3, ac_3_3, ac_3_3_a, ac_3_3_b_1, ac_3_3_b_2, ac_3_3_b_3, ac_3_3_b_4, ac_3_3_b_5, ac_3_3_c, ac_3_4, ac_3_4_a, ac_3_4_b, ac_3_4_c, ac_3_4_d, ac_3_4_e, ac_3_7, ac_3_8, ac_3_12_a, ac_3_13, ac_3_15_a, ac_3_15_b, ac_4_28, ac_5_b, ac_6, ac_6_2, ac_6_3, ac_6_10, ac_24, cm_5_1_a, cm_6_a, cm_9_b, mp_2, sc_23_3, sc_25 | NIST-CSF-1.1: ac_1, ac_4, pt_3 | NIST-CSF-2.0: rr_1, rr_2, po_1, ac_1 | ProwlerThreatScore-1.0: 1.3.1 | RBI-Cyber-Security-Framework: annex_i_7_1 | SecNumCloud-3.2: 9.1 | SOC2: cc_1_3, cc_6_3"", ""CATEGORIES"": ""identity-access"", ""DEPENDS_ON"": NaN, ""RELATED_TO"": NaN, ""NOTES"": ""CAF Security Epic: IAM"", ""PROWLER_VERSION"": ""5.42.0"", ""ADDITIONAL_URLS"": ""https://docs.aws.amazon.com/aws-managed-policy/latest/reference/AdministratorAccess.html | https://support.icompaas.com/support/solutions/articles/62000233815-ensure-iam-roles-do-not-have-administratoraccess-policy-attached | http://docs.aws.amazon.com/IAM/latest/UserGuide/best-practices.html"", ""ACCOUNT_OU_UID"": NaN, ""ACCOUNT_OU_NAME"": NaN}"
Prowler,prowler-aws-iam_check_saml_providers_sts-012092091624-ap-south-1-012092091624,arn:aws:iam::012092091624:root,012092091624,aws_78ca40ff6af6627b,Cloud/IAM Configuration,IAM SAML provider exists in the account,low,FAIL,"**IAM SAML providers** enable **federated role assumption** via STS `AssumeRoleWithSAML`.

This evaluates whether such providers exist in the account.",,,,,ineffective,ap-south-1,2026-09-16 18:14:43.448493,"Adopt **SAML federation** to issue **short-lived STS credentials**. Map users to roles with **least privilege**, enforce **MFA** at the IdP, and set conservative session durations. Retire IAM user access keys for interactive use and monitor role sessions as **defense in depth**. *If federation isn't possible*, tightly scope, rotate, and audit keys.","{""AUTH_METHOD"": ""profile: None"", ""TIMESTAMP"": ""2026-09-16 18:14:43.448493"", ""ACCOUNT_UID"": 12092091624, ""ACCOUNT_NAME"": NaN, ""ACCOUNT_EMAIL"": NaN, ""ACCOUNT_ORGANIZATION_UID"": NaN, ""ACCOUNT_ORGANIZATION_NAME"": NaN, ""ACCOUNT_TAGS"": NaN, ""FINDING_UID"": ""prowler-aws-iam_check_saml_providers_sts-012092091624-ap-south-1-012092091624"", ""PROVIDER"": ""aws"", ""CHECK_ID"": ""iam_check_saml_providers_sts"", ""CHECK_TITLE"": ""IAM SAML provider exists in the account"", ""CHECK_TYPE"": ""Software and Configuration Checks/AWS Security Best Practices"", ""STATUS"": ""FAIL"", ""STATUS_EXTENDED"": ""No SAML Providers found."", ""MUTED"": false, ""SERVICE_NAME"": ""iam"", ""SUBSERVICE_NAME"": NaN, ""SEVERITY"": ""low"", ""RESOURCE_TYPE"": ""Other"", ""RESOURCE_UID"": ""arn:aws:iam::012092091624:root"", ""RESOURCE_NAME"": ""012092091624"", ""RESOURCE_DETAILS"": NaN, ""RESOURCE_TAGS"": NaN, ""PARTITION"": ""aws"", ""REGION"": ""ap-south-1"", ""DESCRIPTION"": ""**IAM SAML providers** enable **federated role assumption** via STS `AssumeRoleWithSAML`.\r\n\r\nThis evaluates whether such providers exist in the account."", ""RISK"": ""Without **SAML federation**, users rely on **long-lived IAM keys**. Compromised keys enable persistent API access, causing **data exfiltration (C)**, unauthorized resource or policy changes (**I**), and difficult revocation. Lack of IdP controls (e.g., **MFA**, session limits) weakens **accountability** and access governance."", ""RELATED_URL"": NaN, ""REMEDIATION_RECOMMENDATION_TEXT"": ""Adopt **SAML federation** to issue **short-lived STS credentials**. Map users to roles with **least privilege**, enforce **MFA** at the IdP, and set conservative session durations. Retire IAM user access keys for interactive use and monitor role sessions as **defense in depth**. *If federation isn't possible*, tightly scope, rotate, and audit keys."", ""REMEDIATION_RECOMMENDATION_URL"": ""https://hub.prowler.com/check/iam_check_saml_providers_sts"", ""REMEDIATION_CODE_NATIVEIAC"": ""```yaml\r\n# CloudFormation: create an IAM SAML provider to satisfy the check\r\nResources:\r\n  <example_resource_name>:\r\n    Type: AWS::IAM::SAMLProvider\r\n    Properties:\r\n      SamlMetadataDocument: \""<SAML_METADATA_XML_CONTENT>\""  # Critical: creates the SAML provider so the check passes\r\n      Name: <example_resource_name>\r\n```"", ""REMEDIATION_CODE_TERRAFORM"": ""```hcl\r\n# Create an IAM SAML provider to satisfy the check\r\nresource \""aws_iam_saml_provider\"" \""<example_resource_name>\"" {\r\n  name                   = \""<example_resource_name>\""\r\n  saml_metadata_document = file(\""<SAML_METADATA_XML_FILE>\"") # Critical: creates the SAML provider so the check passes\r\n}\r\n```"", ""REMEDIATION_CODE_CLI"": ""aws iam create-saml-provider --name <SAML_PROVIDER_NAME> --saml-metadata-document file://<SAML_METADATA_XML_FILE>"", ""REMEDIATION_CODE_OTHER"": ""1. In the AWS console, go to IAM\r\n2. In the left menu, select Identity providers\r\n3. Click Add provider\r\n4. Set Provider type to SAML\r\n5. Upload the SAML metadata XML and enter a Provider name\r\n6. Click Add provider"", ""COMPLIANCE"": ""CCC-v2025.10: CCC.Core.CN05.AR06, CCC.IAM.CN09.AR01 | CIS-1.4: 1.21 | CIS-1.5: 1.21 | CIS-2.0: 1.21 | CIS-3.0: 1.21 | CIS-4.0.1: 1.21 | CIS-5.0: 1.20 | CIS-6.0: 2.20 | CIS-7.0: 2.19 | ENS-RD2022: op.acc.1.aws.iam.2 | KISA-ISMS-P-2023: 2.5.3, 2.10.2 | KISA-ISMS-P-2023-korean: 2.5.3, 2.10.2 | NIST-CSF-2.0: ac_7 | ProwlerThreatScore-1.0: 1.2.7"", ""CATEGORIES"": ""identity-access"", ""DEPENDS_ON"": NaN, ""RELATED_TO"": NaN, ""NOTES"": NaN, ""PROWLER_VERSION"": ""5.42.0"", ""ADDITIONAL_URLS"": ""https://docs.aws.amazon.com/STS/latest/APIReference/API_AssumeRoleWithSAML.html"", ""ACCOUNT_OU_UID"": NaN, ""ACCOUNT_OU_NAME"": NaN}"
Prowler,prowler-aws-iam_no_root_access_key-012092091624-ap-south-1-<root_account>,arn:aws:iam::012092091624:root,<root_account>,aws_78ca40ff6af6627b,Cloud/IAM Configuration,Root account has no active access keys,critical,PASS,**AWS root user** is evaluated for **active access keys**. It identifies whether the root identity has one or two programmatic credentials and notes when organization-level root credential management is present.,,,,,effective,ap-south-1,2026-09-16 18:14:43.448493,"Delete and prohibit **root access keys**. Use **IAM roles** and temporary credentials with **least privilege** for all automation. Enable **MFA on root**, limit root to break-glass use, and continuously monitor for any new root keys. *Where applicable*, apply organization-wide controls to enforce this.","{""AUTH_METHOD"": ""profile: None"", ""TIMESTAMP"": ""2026-09-16 18:14:43.448493"", ""ACCOUNT_UID"": 12092091624, ""ACCOUNT_NAME"": NaN, ""ACCOUNT_EMAIL"": NaN, ""ACCOUNT_ORGANIZATION_UID"": NaN, ""ACCOUNT_ORGANIZATION_NAME"": NaN, ""ACCOUNT_TAGS"": NaN, ""FINDING_UID"": ""prowler-aws-iam_no_root_access_key-012092091624-ap-south-1-<root_account>"", ""PROVIDER"": ""aws"", ""CHECK_ID"": ""iam_no_root_access_key"", ""CHECK_TITLE"": ""Root account has no active access keys"", ""CHECK_TYPE"": ""Software and Configuration Checks/AWS Security Best Practices | Software and Configuration Checks/Industry and Regulatory Standards/AWS Foundational Security Best Practices | Software and Configuration Checks/Industry and Regulatory Standards/CIS AWS Foundations Benchmark | TTPs/Credential Access"", ""STATUS"": ""PASS"", ""STATUS_EXTENDED"": ""Root account does not have access keys."", ""MUTED"": false, ""SERVICE_NAME"": ""iam"", ""SUBSERVICE_NAME"": NaN, ""SEVERITY"": ""critical"", ""RESOURCE_TYPE"": ""AwsIamAccessKey"", ""RESOURCE_UID"": ""arn:aws:iam::012092091624:root"", ""RESOURCE_NAME"": ""<root_account>"", ""RESOURCE_DETAILS"": NaN, ""RESOURCE_TAGS"": NaN, ""PARTITION"": ""aws"", ""REGION"": ""ap-south-1"", ""DESCRIPTION"": ""**AWS root user** is evaluated for **active access keys**. It identifies whether the root identity has one or two programmatic credentials and notes when organization-level root credential management is present."", ""RISK"": ""**Root access keys** provide unrestricted API access. If exposed or misused, attackers can:\r\n- Turn off logging and alter policies (**integrity**)\r\n- Read or export data (**confidentiality**)\r\n- Delete resources and lock out admins (**availability**)\r\nLong-lived keys can persist and may bypass console-only MFA."", ""RELATED_URL"": NaN, ""REMEDIATION_RECOMMENDATION_TEXT"": ""Delete and prohibit **root access keys**. Use **IAM roles** and temporary credentials with **least privilege** for all automation. Enable **MFA on root**, limit root to break-glass use, and continuously monitor for any new root keys. *Where applicable*, apply organization-wide controls to enforce this."", ""REMEDIATION_RECOMMENDATION_URL"": ""https://hub.prowler.com/check/iam_no_root_access_key"", ""REMEDIATION_CODE_NATIVEIAC"": NaN, ""REMEDIATION_CODE_TERRAFORM"": NaN, ""REMEDIATION_CODE_CLI"": NaN, ""REMEDIATION_CODE_OTHER"": ""1. Sign in to the AWS Management Console as the root user\r\n2. Open My Security Credentials (account menu) or go to https://console.aws.amazon.com/iam/home?#/security_credentials\r\n3. Expand Access keys\r\n4. For each key with Status \""Active\"", choose Delete and confirm\r\n5. Verify no Active keys remain for the root user"", ""COMPLIANCE"": ""AWS-Account-Security-Onboarding: Block root user | AWS-AI-Security-Framework-1.0: AISF-IAM-04 | AWS-Foundational-Security-Best-Practices: IAM.4 | AWS-Foundational-Technical-Review: ARC-004 | AWS-Well-Architected-Framework-Security-Pillar: SEC01-BP02 | C5-2025: IAM-03.01B, IAM-03.03B, IAM-06.02B, IAM-10.01B, CRY-03.01B | CCC-v2025.10: CCC.Core.CN03.AR02, CCC.Core.CN03.AR04, CCC.Core.CN05.AR06, CCC.IAM.CN01.AR01, CCC.IAM.CN01.AR02 | CISA: your-systems-3, your-surroundings-3 | CIS-1.4: 1.4 | CIS-1.5: 1.4 | CIS-2.0: 1.4 | CIS-3.0: 1.4 | CIS-4.0.1: 1.4 | CIS-5.0: 1.3 | CIS-6.0: 2.3 | CIS-7.0: 2.4 | ENS-RD2022: op.acc.4.aws.iam.7 | FedRAMP-20x-KSI-Low-25.05C: ksi-iam, ksi-iam-07 | FedRAMP-Low-Revision-4: ac-2, ac-3, ia-2 | FedRamp-Moderate-Revision-4: ac-2-1, ac-2-f, ac-2-j, ac-3, ac-5-c, ac-6-10, ac-6, ia-2 | FFIEC: d3-pc-am-b-1, d3-pc-am-b-3, d3-pc-am-b-8 | GDPR: article_25 | GxP-21-CFR-Part-11: 11.10-d, 11.10-g, 11.200 | HIPAA: 164_308_a_1_ii_b, 164_308_a_3_i, 164_308_a_3_ii_b, 164_308_a_4_ii_c, 164_312_a_2_i | ISO27001-2013: A.9.2.N, A.9.4.N | ISO27001-2022: A.5.15 | KISA-ISMS-P-2023: 2.5.5, 2.7.2, 2.10.2 | KISA-ISMS-P-2023-korean: 2.5.5, 2.7.2, 2.10.2 | MITRE-ATTACK: T1078, T1550 | NIS2: 9.2.c | NIST-800-171-Revision-2: 3_1_1, 3_1_2, 3_1_4, 3_1_5, 3_1_6, 3_1_7, 3_4_6 | NIST-800-53-Revision-4: ac_2, ac_3, ac_6_10, ac_6 | NIST-800-53-Revision-5: ac_2_1, ac_2_6, ac_3_3, ac_3_3_a, ac_3_3_b_1, ac_3_3_b_2, ac_3_3_b_3, ac_3_3_b_4, ac_3_3_b_5, ac_3_3_c, ac_3_4, ac_3_4_a, ac_3_4_b, ac_3_4_c, ac_3_4_d, ac_3_4_e, ac_3_7, ac_3_8, ac_3_12_a, ac_3_13, ac_3_15_a, ac_3_15_b, ac_4_28, ac_6, ac_6_2, ac_6_10, ac_24, cm_5_1_a, cm_6_a, cm_9_b, ia_2, ia_4_b, ia_4_4, ia_4_8, ia_5_8, mp_2, sc_23_3, sc_25 | NIST-CSF-1.1: ac_1, ac_4, pt_3 | NIST-CSF-2.0: ac_1, ac_6 | PCI-4.0: 7.2.1.17, 7.2.2.17, 7.2.3.8, 8.2.1.4, 8.2.2.6, 8.2.4.4, 8.2.5.4, 8.3.11.4 | ProwlerThreatScore-1.0: 1.1.13 | RBI-Cyber-Security-Framework: annex_i_7_1 | SecNumCloud-3.2: 9.6"", ""CATEGORIES"": ""identity-access"", ""DEPENDS_ON"": NaN, ""RELATED_TO"": NaN, ""NOTES"": NaN, ""PROWLER_VERSION"": ""5.42.0"", ""ADDITIONAL_URLS"": ""https://docs.aws.amazon.com/IAM/latest/UserGuide/id_credentials_access-keys.html | https://docs.aws.amazon.com/IAM/latest/UserGuide/id_credentials_getting-report.html | https://www.trendmicro.com/trendaivisiononecloudriskmanagement/knowledge-base/aws/IAM/root-account-access-keys-present.html"", ""ACCOUNT_OU_UID"": NaN, ""ACCOUNT_OU_NAME"": NaN}"
Prowler,prowler-aws-iam_password_policy_expires_passwords_within_90_days_or_less-012092091624-ap-south-1-012092091624,arn:aws:iam:ap-south-1:012092091624:password-policy,012092091624,aws_02c9d4ffbd1bfecc,Cloud/IAM Configuration,IAM account password policy enforces password expiration within 90 days or less,medium,FAIL,**IAM account password policy** sets a **password expiration period** for IAM user console logins; configuration is aligned when rotation is enabled and set to `<= 90` days.,,,,,ineffective,ap-south-1,2026-09-16 18:14:43.448493,"Enforce **password rotation** at `<= 90` days and **prevent reuse**. Pair with **MFA**, strong length/complexity, and prefer **federation/SSO** to reduce static passwords. Apply **least privilege**, monitor sign-ins, and remove inactive console passwords to limit exposure.","{""AUTH_METHOD"": ""profile: None"", ""TIMESTAMP"": ""2026-09-16 18:14:43.448493"", ""ACCOUNT_UID"": 12092091624, ""ACCOUNT_NAME"": NaN, ""ACCOUNT_EMAIL"": NaN, ""ACCOUNT_ORGANIZATION_UID"": NaN, ""ACCOUNT_ORGANIZATION_NAME"": NaN, ""ACCOUNT_TAGS"": NaN, ""FINDING_UID"": ""prowler-aws-iam_password_policy_expires_passwords_within_90_days_or_less-012092091624-ap-south-1-012092091624"", ""PROVIDER"": ""aws"", ""CHECK_ID"": ""iam_password_policy_expires_passwords_within_90_days_or_less"", ""CHECK_TITLE"": ""IAM account password policy enforces password expiration within 90 days or less"", ""CHECK_TYPE"": ""Software and Configuration Checks/Industry and Regulatory Standards/CIS AWS Foundations Benchmark"", ""STATUS"": ""FAIL"", ""STATUS_EXTENDED"": ""Password expiration is not set."", ""MUTED"": false, ""SERVICE_NAME"": ""iam"", ""SUBSERVICE_NAME"": NaN, ""SEVERITY"": ""medium"", ""RESOURCE_TYPE"": ""AwsIamPolicy"", ""RESOURCE_UID"": ""arn:aws:iam:ap-south-1:012092091624:password-policy"", ""RESOURCE_NAME"": ""012092091624"", ""RESOURCE_DETAILS"": NaN, ""RESOURCE_TAGS"": NaN, ""PARTITION"": ""aws"", ""REGION"": ""ap-south-1"", ""DESCRIPTION"": ""**IAM account password policy** sets a **password expiration period** for IAM user console logins; configuration is aligned when rotation is enabled and set to `<= 90` days."", ""RISK"": ""Without rotation, stale passwords persist, enabling **credential stuffing**, **brute force**, and **password reuse** attacks. A compromised IAM user can retain console access, enabling **data exfiltration**, privilege escalation, and loss of **confidentiality** and **integrity**."", ""RELATED_URL"": NaN, ""REMEDIATION_RECOMMENDATION_TEXT"": ""Enforce **password rotation** at `<= 90` days and **prevent reuse**. Pair with **MFA**, strong length/complexity, and prefer **federation/SSO** to reduce static passwords. Apply **least privilege**, monitor sign-ins, and remove inactive console passwords to limit exposure."", ""REMEDIATION_RECOMMENDATION_URL"": ""https://hub.prowler.com/check/iam_password_policy_expires_passwords_within_90_days_or_less"", ""REMEDIATION_CODE_NATIVEIAC"": ""```yaml\r\n# CloudFormation: Set IAM account password policy to expire passwords within 90 days\r\nResources:\r\n  ExampleAccountPasswordPolicy:\r\n    Type: AWS::IAM::AccountPasswordPolicy\r\n    Properties:\r\n      MaxPasswordAge: 90  # Critical: enforces password expiration in 90 days or less to pass the check\r\n```"", ""REMEDIATION_CODE_TERRAFORM"": ""```hcl\r\n# Enforce IAM password expiration within 90 days\r\nresource \""aws_iam_account_password_policy\"" \""example\"" {\r\n  max_password_age = 90  # Critical: enforces password expiration <= 90 days to pass the check\r\n}\r\n```"", ""REMEDIATION_CODE_CLI"": ""aws iam update-account-password-policy --max-password-age 90"", ""REMEDIATION_CODE_OTHER"": ""1. In the AWS Console, go to IAM\r\n2. Select Account settings\r\n3. In Password policy, click Edit\r\n4. Check Enable password expiration and set Password expiration period (days) to 90 or less\r\n5. Click Save changes"", ""COMPLIANCE"": ""AWS-AI-Security-Framework-1.0: AISF-IAM-06 | AWS-Foundational-Security-Best-Practices: IAM.7, IAM.10 | AWS-Foundational-Technical-Review: IAM-003 | AWS-Well-Architected-Framework-Security-Pillar: SEC03-BP06 | C5-2025: IAM-03.02B, IAM-08.03B, IAM-08.05B, PSS-07.01B | CCC-v2025.10: CCC.Core.CN05.AR02, CCC.IAM.CN05.AR01 | ENS-RD2022: op.acc.6.aws.iam.3 | FedRAMP-20x-KSI-Low-25.05C: ksi-iam | ISO27001-2013: A.9.2.A, A.9.3.A, A.9.4.A | ISO27001-2022: A.5.15 | KISA-ISMS-P-2023: 2.5.4, 2.10.2 | KISA-ISMS-P-2023-korean: 2.5.4, 2.10.2 | MITRE-ATTACK: T1078, T1110 | NIS2: 1.1.1.d, 1.1.2, 9.2.c.v, 11.6.2.a | NIST-800-171-Revision-2: 3_5_5, 3_5_6, 3_5_7, 3_5_8 | PCI-4.0: 8.3.6.1, 8.6.3.2 | ProwlerThreatScore-1.0: 1.1.12 | SecNumCloud-3.2: 9.5"", ""CATEGORIES"": ""identity-access"", ""DEPENDS_ON"": NaN, ""RELATED_TO"": NaN, ""NOTES"": NaN, ""PROWLER_VERSION"": ""5.42.0"", ""ADDITIONAL_URLS"": ""https://docs.aws.amazon.com/IAM/latest/UserGuide/id_credentials_passwords_account-policy.html"", ""ACCOUNT_OU_UID"": NaN, ""ACCOUNT_OU_NAME"": NaN}"
Prowler,prowler-aws-iam_password_policy_lowercase-012092091624-ap-south-1-012092091624,arn:aws:iam:ap-south-1:012092091624:password-policy,012092091624,aws_02c9d4ffbd1bfecc,Cloud/IAM Configuration,IAM password policy requires at least one lowercase letter,low,FAIL,**IAM password policy** requires at least one **lowercase** character in user passwords via the `Require lowercase` setting,,,,,ineffective,ap-south-1,2026-09-16 18:14:43.448493,"Adopt a strong password policy that:
- Enables `Require at least one lowercase letter` plus uppercase, number, and symbol
- Sets sufficient length and blocks reuse
- Requires **MFA** for all users
- Applies **least privilege** to limit blast radius","{""AUTH_METHOD"": ""profile: None"", ""TIMESTAMP"": ""2026-09-16 18:14:43.448493"", ""ACCOUNT_UID"": 12092091624, ""ACCOUNT_NAME"": NaN, ""ACCOUNT_EMAIL"": NaN, ""ACCOUNT_ORGANIZATION_UID"": NaN, ""ACCOUNT_ORGANIZATION_NAME"": NaN, ""ACCOUNT_TAGS"": NaN, ""FINDING_UID"": ""prowler-aws-iam_password_policy_lowercase-012092091624-ap-south-1-012092091624"", ""PROVIDER"": ""aws"", ""CHECK_ID"": ""iam_password_policy_lowercase"", ""CHECK_TITLE"": ""IAM password policy requires at least one lowercase letter"", ""CHECK_TYPE"": ""Software and Configuration Checks/AWS Security Best Practices | Software and Configuration Checks/Industry and Regulatory Standards/CIS AWS Foundations Benchmark"", ""STATUS"": ""FAIL"", ""STATUS_EXTENDED"": ""IAM password policy does not require at least one lowercase letter."", ""MUTED"": false, ""SERVICE_NAME"": ""iam"", ""SUBSERVICE_NAME"": NaN, ""SEVERITY"": ""low"", ""RESOURCE_TYPE"": ""AwsIamPolicy"", ""RESOURCE_UID"": ""arn:aws:iam:ap-south-1:012092091624:password-policy"", ""RESOURCE_NAME"": ""012092091624"", ""RESOURCE_DETAILS"": NaN, ""RESOURCE_TAGS"": NaN, ""PARTITION"": ""aws"", ""REGION"": ""ap-south-1"", ""DESCRIPTION"": ""**IAM password policy** requires at least one **lowercase** character in user passwords via the `Require lowercase` setting"", ""RISK"": ""Without a lowercase requirement, passwords have reduced entropy, making **brute force** and **password spraying** more effective. Compromised IAM users can enable unauthorized access and changes, risking **confidentiality**, **integrity**, and **availability** of AWS resources."", ""RELATED_URL"": NaN, ""REMEDIATION_RECOMMENDATION_TEXT"": ""Adopt a strong password policy that:\r\n- Enables `Require at least one lowercase letter` plus uppercase, number, and symbol\r\n- Sets sufficient length and blocks reuse\r\n- Requires **MFA** for all users\r\n- Applies **least privilege** to limit blast radius"", ""REMEDIATION_RECOMMENDATION_URL"": ""https://hub.prowler.com/check/iam_password_policy_lowercase"", ""REMEDIATION_CODE_NATIVEIAC"": ""```yaml\r\nResources:\r\n  <example_resource_name>:\r\n    Type: AWS::IAM::AccountPasswordPolicy\r\n    Properties:\r\n      RequireLowercaseCharacters: true  # Critical: Enforces at least one lowercase letter in passwords\r\n```"", ""REMEDIATION_CODE_TERRAFORM"": ""```hcl\r\nresource \""aws_iam_account_password_policy\"" \""<example_resource_name>\"" {\r\n  require_lowercase_characters = true  # Critical: Enforces at least one lowercase letter in passwords\r\n}\r\n```"", ""REMEDIATION_CODE_CLI"": ""aws iam update-account-password-policy --require-lowercase-characters"", ""REMEDIATION_CODE_OTHER"": ""1. In the AWS Console, open IAM\r\n2. Go to Account settings\r\n3. In Password policy, click Edit\r\n4. Check \""Require at least one lowercase letter (a-z)\""\r\n5. Click Save changes"", ""COMPLIANCE"": ""AWS-AI-Security-Framework-1.0: AISF-IAM-06 | AWS-Foundational-Security-Best-Practices: IAM.7, IAM.10 | AWS-Foundational-Technical-Review: IAM-003 | AWS-Well-Architected-Framework-Security-Pillar: SEC02-BP01 | C5-2025: IAM-08.03B, PSS-07.01B | CCC-v2025.10: CCC.Core.CN05.AR02, CCC.IAM.CN05.AR01 | CISA: your-systems-3, your-surroundings-4 | ENS-RD2022: op.acc.6.r1.aws.iam.1 | FedRAMP-20x-KSI-Low-25.05C: ksi-iam | FFIEC: d3-pc-am-b-6, d3-pc-am-b-7 | GDPR: article_25 | GxP-21-CFR-Part-11: 11.10-d, 11.10-g, 11.200, 11.300-b | HIPAA: 164_308_a_5_ii_d | ISO27001-2013: A.9.2.F, A.9.3.F, A.9.4.F | ISO27001-2022: A.5.15 | KISA-ISMS-P-2023: 2.5.4, 2.10.2 | KISA-ISMS-P-2023-korean: 2.5.4, 2.10.2 | MITRE-ATTACK: T1078, T1110 | NIS2: 9.2.c.v, 11.6.2.a | NIST-800-171-Revision-2: 3_5_7 | ProwlerThreatScore-1.0: 1.1.8 | SecNumCloud-3.2: 9.5"", ""CATEGORIES"": ""identity-access"", ""DEPENDS_ON"": NaN, ""RELATED_TO"": NaN, ""NOTES"": NaN, ""PROWLER_VERSION"": ""5.42.0"", ""ADDITIONAL_URLS"": ""https://docs.aws.amazon.com/IAM/latest/UserGuide/id_credentials_passwords_account-policy.html"", ""ACCOUNT_OU_UID"": NaN, ""ACCOUNT_OU_NAME"": NaN}"
Prowler,prowler-aws-iam_password_policy_minimum_length_14-012092091624-ap-south-1-012092091624,arn:aws:iam:ap-south-1:012092091624:password-policy,012092091624,aws_02c9d4ffbd1bfecc,Cloud/IAM Configuration,IAM password policy requires passwords to be at least 14 characters long,medium,FAIL,"**IAM password policy** is assessed for the **minimum password length** setting, confirming it meets `>= 14` characters for IAM console users.",,,,,ineffective,ap-south-1,2026-09-16 18:14:43.448493,"Set the **minimum password length** to `>= 14` (prefer `16+`).
- Require mixed character types and prevent reuse
- Enforce **MFA** for all console users
- Prefer SSO over local IAM users
- Apply least privilege and monitor authentication events","{""AUTH_METHOD"": ""profile: None"", ""TIMESTAMP"": ""2026-09-16 18:14:43.448493"", ""ACCOUNT_UID"": 12092091624, ""ACCOUNT_NAME"": NaN, ""ACCOUNT_EMAIL"": NaN, ""ACCOUNT_ORGANIZATION_UID"": NaN, ""ACCOUNT_ORGANIZATION_NAME"": NaN, ""ACCOUNT_TAGS"": NaN, ""FINDING_UID"": ""prowler-aws-iam_password_policy_minimum_length_14-012092091624-ap-south-1-012092091624"", ""PROVIDER"": ""aws"", ""CHECK_ID"": ""iam_password_policy_minimum_length_14"", ""CHECK_TITLE"": ""IAM password policy requires passwords to be at least 14 characters long"", ""CHECK_TYPE"": ""Software and Configuration Checks/Industry and Regulatory Standards/CIS AWS Foundations Benchmark | Software and Configuration Checks/Industry and Regulatory Standards/AWS Foundational Security Best Practices"", ""STATUS"": ""FAIL"", ""STATUS_EXTENDED"": ""IAM password policy does not require minimum length of 14 characters."", ""MUTED"": false, ""SERVICE_NAME"": ""iam"", ""SUBSERVICE_NAME"": NaN, ""SEVERITY"": ""medium"", ""RESOURCE_TYPE"": ""AwsIamPolicy"", ""RESOURCE_UID"": ""arn:aws:iam:ap-south-1:012092091624:password-policy"", ""RESOURCE_NAME"": ""012092091624"", ""RESOURCE_DETAILS"": NaN, ""RESOURCE_TAGS"": NaN, ""PARTITION"": ""aws"", ""REGION"": ""ap-south-1"", ""DESCRIPTION"": ""**IAM password policy** is assessed for the **minimum password length** setting, confirming it meets `>= 14` characters for IAM console users."", ""RISK"": ""Low minimum length reduces entropy, easing **brute force** and **credential stuffing**. Compromised IAM users enable console access, unauthorized changes, and lateral movement, leading to data exposure (confidentiality) and tampering (integrity)."", ""RELATED_URL"": NaN, ""REMEDIATION_RECOMMENDATION_TEXT"": ""Set the **minimum password length** to `>= 14` (prefer `16+`).\r\n- Require mixed character types and prevent reuse\r\n- Enforce **MFA** for all console users\r\n- Prefer SSO over local IAM users\r\n- Apply least privilege and monitor authentication events"", ""REMEDIATION_RECOMMENDATION_URL"": ""https://hub.prowler.com/check/iam_password_policy_minimum_length_14"", ""REMEDIATION_CODE_NATIVEIAC"": ""```yaml\r\nResources:\r\n  <example_resource_name>:\r\n    Type: AWS::IAM::AccountPasswordPolicy\r\n    Properties:\r\n      MinimumPasswordLength: 14  # Critical: sets minimum password length to 14 to pass the check\r\n```"", ""REMEDIATION_CODE_TERRAFORM"": ""```hcl\r\nresource \""aws_iam_account_password_policy\"" \""<example_resource_name>\"" {\r\n  minimum_password_length = 14  # Critical: enforces minimum password length >=14\r\n}\r\n```"", ""REMEDIATION_CODE_CLI"": ""aws iam update-account-password-policy --minimum-password-length 14"", ""REMEDIATION_CODE_OTHER"": ""1. Sign in to the AWS Console and open IAM\r\n2. Go to Account settings > Password policy and click Edit\r\n3. Set Enforce minimum password length to 14\r\n4. Click Save changes (and confirm Set custom if prompted)"", ""COMPLIANCE"": ""AWS-AI-Security-Framework-1.0: AISF-IAM-06 | AWS-Foundational-Security-Best-Practices: IAM.7, IAM.10 | AWS-Foundational-Technical-Review: IAM-003 | AWS-Well-Architected-Framework-Security-Pillar: SEC02-BP01 | C5-2025: IAM-08.03B, PSS-07.01B | CCC-v2025.10: CCC.Core.CN05.AR02, CCC.IAM.CN05.AR01 | CISA: your-systems-3, your-surroundings-4 | CIS-1.4: 1.8 | CIS-1.5: 1.8 | CIS-2.0: 1.8 | CIS-3.0: 1.8 | CIS-4.0.1: 1.8 | CIS-5.0: 1.7 | CIS-6.0: 2.7 | CIS-7.0: 2.8 | ENS-RD2022: op.acc.6.r1.aws.iam.1 | FedRAMP-20x-KSI-Low-25.05C: ksi-iam | FedRAMP-Low-Revision-4: ac-2, ia-2 | FedRamp-Moderate-Revision-4: ac-2-1, ac-2-f, ac-2-j, ac-2-3, ac-5-c, ia-2, ia-5-1-a-d-e, ia-5-4 | FFIEC: d3-pc-am-b-6, d3-pc-am-b-7 | GDPR: article_25 | GxP-21-CFR-Part-11: 11.10-d, 11.10-g, 11.200, 11.300-b | HIPAA: 164_308_a_5_ii_d | ISO27001-2013: A.9.2.C, A.9.3.C, A.9.4.C | ISO27001-2022: A.5.15 | KISA-ISMS-P-2023: 2.5.4, 2.10.2 | KISA-ISMS-P-2023-korean: 2.5.4, 2.10.2 | MITRE-ATTACK: T1078, T1110 | NIS2: 9.2.c.v | NIST-800-171-Revision-2: 3_5_7 | NIST-800-53-Revision-5: ac_2_1, ac_2_3_a, ac_2_3_b, ac_2_3_c, ac_2_3_d, ac_2_3, ac_2_d_1, ac_3_3, ac_3_3_a, ac_3_3_b_1, ac_3_3_b_2, ac_3_3_b_3, ac_3_3_b_4, ac_3_3_b_5, ac_3_3_c, ac_3_4, ac_3_4_a, ac_3_4_b, ac_3_4_c, ac_3_4_d, ac_3_4_e, ac_3_8, ac_3_12_a, ac_3_13, ac_3_15_a, ac_3_15_b, ac_4_28, ac_7_4, ac_7_4_a, ac_24, cm_5_1_a, cm_6_a, cm_9_b, cm_12_b, ia_4_d, ia_5, ia_5_b, ia_5_c, ia_5_d, ia_5_f, ia_5_h, ia_5_1_f, ia_5_1_g, ia_5_1_h, ia_5_18_a, ia_5_18_b, ia_8_2_b, ma_4_c, sc_23_3 | ProwlerThreatScore-1.0: 1.1.4 | SecNumCloud-3.2: 9.5, 10.3"", ""CATEGORIES"": ""identity-access"", ""DEPENDS_ON"": NaN, ""RELATED_TO"": NaN, ""NOTES"": NaN, ""PROWLER_VERSION"": ""5.42.0"", ""ADDITIONAL_URLS"": ""https://docs.aws.amazon.com/config/latest/developerguide/iam-password-policy.html | https://docs.aws.amazon.com/IAM/latest/UserGuide/id_credentials_passwords_account-policy.html | https://docs.aws.amazon.com/sdk-for-ruby/v3/api/Aws/IAM/Resource.html"", ""ACCOUNT_OU_UID"": NaN, ""ACCOUNT_OU_NAME"": NaN}"
Prowler,prowler-aws-iam_password_policy_number-012092091624-ap-south-1-012092091624,arn:aws:iam:ap-south-1:012092091624:password-policy,012092091624,aws_02c9d4ffbd1bfecc,Cloud/IAM Configuration,IAM password policy requires at least one number,medium,FAIL,**IAM account password policy** requires at least one **numeric character** (`0-9`) in IAM user passwords,,,,,ineffective,ap-south-1,2026-09-16 18:14:43.448493,"Enforce the password policy option to `require at least one number`. Combine with strong length, mixed case, and symbols, and prevent reuse. Enable **MFA** for all users and prefer **federated access** to limit static credentials, supporting **defense in depth** against guessing attacks.","{""AUTH_METHOD"": ""profile: None"", ""TIMESTAMP"": ""2026-09-16 18:14:43.448493"", ""ACCOUNT_UID"": 12092091624, ""ACCOUNT_NAME"": NaN, ""ACCOUNT_EMAIL"": NaN, ""ACCOUNT_ORGANIZATION_UID"": NaN, ""ACCOUNT_ORGANIZATION_NAME"": NaN, ""ACCOUNT_TAGS"": NaN, ""FINDING_UID"": ""prowler-aws-iam_password_policy_number-012092091624-ap-south-1-012092091624"", ""PROVIDER"": ""aws"", ""CHECK_ID"": ""iam_password_policy_number"", ""CHECK_TITLE"": ""IAM password policy requires at least one number"", ""CHECK_TYPE"": ""Software and Configuration Checks/AWS Security Best Practices | Software and Configuration Checks/Industry and Regulatory Standards/AWS Foundational Security Best Practices | Software and Configuration Checks/Industry and Regulatory Standards/CIS AWS Foundations Benchmark"", ""STATUS"": ""FAIL"", ""STATUS_EXTENDED"": ""IAM password policy does not require at least one number."", ""MUTED"": false, ""SERVICE_NAME"": ""iam"", ""SUBSERVICE_NAME"": NaN, ""SEVERITY"": ""medium"", ""RESOURCE_TYPE"": ""AwsIamPolicy"", ""RESOURCE_UID"": ""arn:aws:iam:ap-south-1:012092091624:password-policy"", ""RESOURCE_NAME"": ""012092091624"", ""RESOURCE_DETAILS"": NaN, ""RESOURCE_TAGS"": NaN, ""PARTITION"": ""aws"", ""REGION"": ""ap-south-1"", ""DESCRIPTION"": ""**IAM account password policy** requires at least one **numeric character** (`0-9`) in IAM user passwords"", ""RISK"": ""Passwords without numbers have lower entropy, making **brute-force** and **credential-stuffing** more effective. A compromised IAM user can gain console access, enabling data exposure (**confidentiality**), configuration changes (**integrity**), and resource abuse or deletion (**availability**)."", ""RELATED_URL"": NaN, ""REMEDIATION_RECOMMENDATION_TEXT"": ""Enforce the password policy option to `require at least one number`. Combine with strong length, mixed case, and symbols, and prevent reuse. Enable **MFA** for all users and prefer **federated access** to limit static credentials, supporting **defense in depth** against guessing attacks."", ""REMEDIATION_RECOMMENDATION_URL"": ""https://hub.prowler.com/check/iam_password_policy_number"", ""REMEDIATION_CODE_NATIVEIAC"": ""```yaml\r\n# CloudFormation: Enforce at least one number in IAM user passwords\r\nResources:\r\n  <example_resource_name>:\r\n    Type: AWS::IAM::AccountPasswordPolicy\r\n    Properties:\r\n      RequireNumbers: true  # Critical: requires at least one number in passwords\r\n```"", ""REMEDIATION_CODE_TERRAFORM"": ""```hcl\r\n# Enforce at least one number in IAM user passwords\r\nresource \""aws_iam_account_password_policy\"" \""<example_resource_name>\"" {\r\n  require_numbers = true  # Critical: requires at least one number in passwords\r\n}\r\n```"", ""REMEDIATION_CODE_CLI"": ""aws iam update-account-password-policy --require-numbers"", ""REMEDIATION_CODE_OTHER"": ""1. Open the AWS Management Console and go to IAM\r\n2. In the left menu, click Account settings\r\n3. In Password policy, click Edit\r\n4. Check Require at least one number\r\n5. Click Save changes and confirm Set custom"", ""COMPLIANCE"": ""AWS-AI-Security-Framework-1.0: AISF-IAM-06 | AWS-Foundational-Security-Best-Practices: IAM.7, IAM.10 | AWS-Foundational-Technical-Review: IAM-003 | AWS-Well-Architected-Framework-Security-Pillar: SEC02-BP01 | C5-2025: IAM-08.03B, IAM-08.05B, PSS-07.01B | CCC-v2025.10: CCC.Core.CN05.AR02, CCC.IAM.CN05.AR01 | CISA: your-systems-3, your-surroundings-4 | ENS-RD2022: op.acc.6.r1.aws.iam.1 | FedRAMP-20x-KSI-Low-25.05C: ksi-iam | FFIEC: d3-pc-am-b-6, d3-pc-am-b-7 | GDPR: article_25 | GxP-21-CFR-Part-11: 11.10-d, 11.10-g, 11.200, 11.300-b | HIPAA: 164_308_a_5_ii_d | ISO27001-2013: A.9.2.D, A.9.3.D, A.9.4.D | ISO27001-2022: A.5.15 | KISA-ISMS-P-2023: 2.5.4, 2.10.2 | KISA-ISMS-P-2023-korean: 2.5.4, 2.10.2 | MITRE-ATTACK: T1078, T1110 | NIS2: 9.2.c.v | NIST-800-171-Revision-2: 3_5_7 | ProwlerThreatScore-1.0: 1.1.6 | SecNumCloud-3.2: 9.5, 10.3"", ""CATEGORIES"": ""identity-access"", ""DEPENDS_ON"": NaN, ""RELATED_TO"": NaN, ""NOTES"": NaN, ""PROWLER_VERSION"": ""5.42.0"", ""ADDITIONAL_URLS"": ""https://docs.aws.amazon.com/IAM/latest/UserGuide/id_credentials_passwords_account-policy.html"", ""ACCOUNT_OU_UID"": NaN, ""ACCOUNT_OU_NAME"": NaN}"
Prowler,prowler-aws-iam_password_policy_reuse_24-012092091624-ap-south-1-012092091624,arn:aws:iam:ap-south-1:012092091624:password-policy,012092091624,aws_02c9d4ffbd1bfecc,Cloud/IAM Configuration,IAM password policy prevents reuse of the last 24 passwords,medium,FAIL,**IAM account password policy** uses **password reuse prevention** set to `24` remembered passwords (maximum history) for IAM users,,,,,ineffective,ap-south-1,2026-09-16 18:14:43.448493,"Set the password policy to remember `24` previous passwords to block reuse. Combine with **MFA**, strong length and complexity, and avoid rotation practices that encourage predictable patterns. Apply **least privilege** and monitor authentication events as part of **defense in depth**.","{""AUTH_METHOD"": ""profile: None"", ""TIMESTAMP"": ""2026-09-16 18:14:43.448493"", ""ACCOUNT_UID"": 12092091624, ""ACCOUNT_NAME"": NaN, ""ACCOUNT_EMAIL"": NaN, ""ACCOUNT_ORGANIZATION_UID"": NaN, ""ACCOUNT_ORGANIZATION_NAME"": NaN, ""ACCOUNT_TAGS"": NaN, ""FINDING_UID"": ""prowler-aws-iam_password_policy_reuse_24-012092091624-ap-south-1-012092091624"", ""PROVIDER"": ""aws"", ""CHECK_ID"": ""iam_password_policy_reuse_24"", ""CHECK_TITLE"": ""IAM password policy prevents reuse of the last 24 passwords"", ""CHECK_TYPE"": ""Software and Configuration Checks/AWS Security Best Practices | Software and Configuration Checks/Industry and Regulatory Standards/AWS Foundational Security Best Practices | Software and Configuration Checks/Industry and Regulatory Standards/CIS AWS Foundations Benchmark"", ""STATUS"": ""FAIL"", ""STATUS_EXTENDED"": ""IAM password policy reuse prevention is less than 24 or not set."", ""MUTED"": false, ""SERVICE_NAME"": ""iam"", ""SUBSERVICE_NAME"": NaN, ""SEVERITY"": ""medium"", ""RESOURCE_TYPE"": ""AwsIamPolicy"", ""RESOURCE_UID"": ""arn:aws:iam:ap-south-1:012092091624:password-policy"", ""RESOURCE_NAME"": ""012092091624"", ""RESOURCE_DETAILS"": NaN, ""RESOURCE_TAGS"": NaN, ""PARTITION"": ""aws"", ""REGION"": ""ap-south-1"", ""DESCRIPTION"": ""**IAM account password policy** uses **password reuse prevention** set to `24` remembered passwords (maximum history) for IAM users"", ""RISK"": ""If fewer than `24` passwords are remembered, users can cycle back to recent secrets, undermining rotation. Attackers with previously exposed passwords can regain console access after a change, reducing **confidentiality** and **integrity** and increasing success of credential-stuffing with known credentials."", ""RELATED_URL"": NaN, ""REMEDIATION_RECOMMENDATION_TEXT"": ""Set the password policy to remember `24` previous passwords to block reuse. Combine with **MFA**, strong length and complexity, and avoid rotation practices that encourage predictable patterns. Apply **least privilege** and monitor authentication events as part of **defense in depth**."", ""REMEDIATION_RECOMMENDATION_URL"": ""https://hub.prowler.com/check/iam_password_policy_reuse_24"", ""REMEDIATION_CODE_NATIVEIAC"": ""```yaml\r\nResources:\r\n  <example_resource_name>:\r\n    Type: AWS::IAM::AccountPasswordPolicy\r\n    Properties:\r\n      PasswordReusePrevention: 24  # Critical: prevents reuse of the last 24 passwords\r\n```"", ""REMEDIATION_CODE_TERRAFORM"": ""```hcl\r\nresource \""aws_iam_account_password_policy\"" \""<example_resource_name>\"" {\r\n  password_reuse_prevention = 24  # Critical: require last 24 passwords cannot be reused\r\n}\r\n```"", ""REMEDIATION_CODE_CLI"": ""aws iam update-account-password-policy --password-reuse-prevention 24"", ""REMEDIATION_CODE_OTHER"": ""1. Open the AWS Management Console and go to IAM\r\n2. In the left menu, select Account settings\r\n3. In Password policy, click Edit\r\n4. Select Custom (if not already)\r\n5. Set Prevent password reuse to 24\r\n6. Click Save changes"", ""COMPLIANCE"": ""AWS-AI-Security-Framework-1.0: AISF-IAM-06 | AWS-Foundational-Security-Best-Practices: IAM.7, IAM.10 | AWS-Foundational-Technical-Review: IAM-003 | AWS-Well-Architected-Framework-Security-Pillar: SEC02-BP01 | C5-2025: IAM-01.03B, IAM-03.02B, IAM-03.03B, IAM-03.01AS, IAM-08.03B, IAM-08.05B, IAM-08.07B, PSS-07.01B | CCC-v2025.10: CCC.Core.CN05.AR02, CCC.IAM.CN05.AR01 | CIS-1.4: 1.9 | CIS-1.5: 1.9 | CIS-2.0: 1.9 | CIS-3.0: 1.9 | CIS-4.0.1: 1.9 | CIS-5.0: 1.8 | CIS-6.0: 2.8 | CIS-7.0: 2.9 | ENS-RD2022: op.acc.6.r1.aws.iam.1 | FedRAMP-20x-KSI-Low-25.05C: ksi-iam | GDPR: article_25 | HIPAA: 164_308_a_4_ii_c, 164_308_a_5_ii_d, 164_312_d | ISO27001-2013: A.9.2.B, A.9.3.B, A.9.4.B | ISO27001-2022: A.5.15 | KISA-ISMS-P-2023: 2.5.4, 2.10.2 | KISA-ISMS-P-2023-korean: 2.5.4, 2.10.2 | MITRE-ATTACK: T1078, T1110 | NIS2: 9.2.c.v | NIST-800-171-Revision-2: 3_5_5, 3_5_6, 3_5_7, 3_5_8 | NIST-800-53-Revision-4: ac_2_1, ac_2, ia_2, ia_5_1, ia_5_4 | NIST-CSF-1.1: ac_1 | PCI-3.2.1: 8.1, 8.1.4, 8.2, 8.2.3, 8.2.3.a, 8.2.3.b, 8.2.4, 8.2.4.a, 8.2.4.b, 8.2.5, 8.2.5.a, 8.2.5.b | ProwlerThreatScore-1.0: 1.1.5 | RBI-Cyber-Security-Framework: annex_i_7_2 | SecNumCloud-3.2: 9.5"", ""CATEGORIES"": ""identity-access"", ""DEPENDS_ON"": NaN, ""RELATED_TO"": NaN, ""NOTES"": NaN, ""PROWLER_VERSION"": ""5.42.0"", ""ADDITIONAL_URLS"": ""https://docs.aws.amazon.com/IAM/latest/UserGuide/id_credentials_passwords_account-policy.html"", ""ACCOUNT_OU_UID"": NaN, ""ACCOUNT_OU_NAME"": NaN}"
Prowler,prowler-aws-iam_password_policy_symbol-012092091624-ap-south-1-012092091624,arn:aws:iam:ap-south-1:012092091624:password-policy,012092091624,aws_02c9d4ffbd1bfecc,Cloud/IAM Configuration,IAM password policy requires at least one symbol,medium,FAIL,**IAM account password policy** includes the `Require at least one non-alphanumeric character` rule for IAM user passwords,,,,,ineffective,ap-south-1,2026-09-16 18:14:43.448493,"Enforce the `Require at least one non-alphanumeric character` rule in the **IAM password policy**, alongside strong minimum length, mixed character sets, and password reuse prevention. Apply **MFA** for all human users and uphold **least privilege** to limit impact. *Consider periodic rotation based on risk.*","{""AUTH_METHOD"": ""profile: None"", ""TIMESTAMP"": ""2026-09-16 18:14:43.448493"", ""ACCOUNT_UID"": 12092091624, ""ACCOUNT_NAME"": NaN, ""ACCOUNT_EMAIL"": NaN, ""ACCOUNT_ORGANIZATION_UID"": NaN, ""ACCOUNT_ORGANIZATION_NAME"": NaN, ""ACCOUNT_TAGS"": NaN, ""FINDING_UID"": ""prowler-aws-iam_password_policy_symbol-012092091624-ap-south-1-012092091624"", ""PROVIDER"": ""aws"", ""CHECK_ID"": ""iam_password_policy_symbol"", ""CHECK_TITLE"": ""IAM password policy requires at least one symbol"", ""CHECK_TYPE"": ""Software and Configuration Checks/AWS Security Best Practices | Software and Configuration Checks/Industry and Regulatory Standards/AWS Foundational Security Best Practices | Software and Configuration Checks/Industry and Regulatory Standards/CIS AWS Foundations Benchmark | TTPs/Credential Access"", ""STATUS"": ""FAIL"", ""STATUS_EXTENDED"": ""IAM password policy does not require at least one symbol."", ""MUTED"": false, ""SERVICE_NAME"": ""iam"", ""SUBSERVICE_NAME"": NaN, ""SEVERITY"": ""medium"", ""RESOURCE_TYPE"": ""AwsIamPolicy"", ""RESOURCE_UID"": ""arn:aws:iam:ap-south-1:012092091624:password-policy"", ""RESOURCE_NAME"": ""012092091624"", ""RESOURCE_DETAILS"": NaN, ""RESOURCE_TAGS"": NaN, ""PARTITION"": ""aws"", ""REGION"": ""ap-south-1"", ""DESCRIPTION"": ""**IAM account password policy** includes the `Require at least one non-alphanumeric character` rule for IAM user passwords"", ""RISK"": ""Missing a **symbol requirement** lowers password entropy, increasing success of **brute force** and **credential stuffing** against console logins. A compromised IAM user can gain unauthorized access and modify resources, threatening **confidentiality** and **integrity** across the account."", ""RELATED_URL"": NaN, ""REMEDIATION_RECOMMENDATION_TEXT"": ""Enforce the `Require at least one non-alphanumeric character` rule in the **IAM password policy**, alongside strong minimum length, mixed character sets, and password reuse prevention. Apply **MFA** for all human users and uphold **least privilege** to limit impact. *Consider periodic rotation based on risk.*"", ""REMEDIATION_RECOMMENDATION_URL"": ""https://hub.prowler.com/check/iam_password_policy_symbol"", ""REMEDIATION_CODE_NATIVEIAC"": ""```yaml\r\nResources:\r\n  <example_resource_name>:\r\n    Type: AWS::IAM::AccountPasswordPolicy\r\n    Properties:\r\n      RequireSymbols: true  # Critical: requires at least one symbol in passwords\r\n```"", ""REMEDIATION_CODE_TERRAFORM"": ""```hcl\r\nresource \""aws_iam_account_password_policy\"" \""<example_resource_name>\"" {\r\n  require_symbols = true  # Critical: require at least one symbol in passwords\r\n}\r\n```"", ""REMEDIATION_CODE_CLI"": ""aws iam update-account-password-policy --require-symbols"", ""REMEDIATION_CODE_OTHER"": ""1. In the AWS console, open IAM\r\n2. Go to Account settings\r\n3. Click Edit in the Password policy section\r\n4. Check \""Require at least one non-alphanumeric character (symbol)\""\r\n5. Click Save changes"", ""COMPLIANCE"": ""AWS-AI-Security-Framework-1.0: AISF-IAM-06 | AWS-Foundational-Security-Best-Practices: IAM.7, IAM.10 | AWS-Foundational-Technical-Review: IAM-003 | AWS-Well-Architected-Framework-Security-Pillar: SEC02-BP01 | C5-2025: IAM-08.03B, PSS-07.01B | CCC-v2025.10: CCC.Core.CN05.AR02, CCC.IAM.CN05.AR01 | CISA: your-systems-3, your-surroundings-4 | ENS-RD2022: op.acc.6.r1.aws.iam.1 | FedRAMP-20x-KSI-Low-25.05C: ksi-iam | FFIEC: d3-pc-am-b-6, d3-pc-am-b-7 | GDPR: article_25 | GxP-21-CFR-Part-11: 11.10-d, 11.10-g, 11.200, 11.300-b | HIPAA: 164_308_a_5_ii_d | ISO27001-2013: A.9.2.E, A.9.3.E, A.9.4.E | ISO27001-2022: A.5.15 | KISA-ISMS-P-2023: 2.5.4, 2.10.2 | KISA-ISMS-P-2023-korean: 2.5.4, 2.10.2 | MITRE-ATTACK: T1078, T1110 | NIS2: 9.2.c.v | NIST-800-171-Revision-2: 3_5_7 | ProwlerThreatScore-1.0: 1.1.7 | SecNumCloud-3.2: 9.5, 10.3"", ""CATEGORIES"": ""identity-access"", ""DEPENDS_ON"": NaN, ""RELATED_TO"": NaN, ""NOTES"": NaN, ""PROWLER_VERSION"": ""5.42.0"", ""ADDITIONAL_URLS"": ""https://docs.aws.amazon.com/IAM/latest/UserGuide/id_credentials_passwords_account-policy.html"", ""ACCOUNT_OU_UID"": NaN, ""ACCOUNT_OU_NAME"": NaN}"
Prowler,prowler-aws-iam_password_policy_uppercase-012092091624-ap-south-1-012092091624,arn:aws:iam:ap-south-1:012092091624:password-policy,012092091624,aws_02c9d4ffbd1bfecc,Cloud/IAM Configuration,IAM password policy requires at least one uppercase letter,medium,FAIL,"**IAM account password policy** enforces the presence of **at least one uppercase letter** (`A-Z`) in IAM user passwords.

*This evaluates whether the uppercase complexity rule is enabled for console passwords.*",,,,,ineffective,ap-south-1,2026-09-16 18:14:43.448493,"Enable the uppercase rule within a **strong password policy** that also requires length, lowercase, numbers, and symbols. Pair with **MFA** and **least privilege** to reduce blast radius. Regularly review policy effectiveness and prefer **federated SSO** to minimize long-lived IAM passwords.","{""AUTH_METHOD"": ""profile: None"", ""TIMESTAMP"": ""2026-09-16 18:14:43.448493"", ""ACCOUNT_UID"": 12092091624, ""ACCOUNT_NAME"": NaN, ""ACCOUNT_EMAIL"": NaN, ""ACCOUNT_ORGANIZATION_UID"": NaN, ""ACCOUNT_ORGANIZATION_NAME"": NaN, ""ACCOUNT_TAGS"": NaN, ""FINDING_UID"": ""prowler-aws-iam_password_policy_uppercase-012092091624-ap-south-1-012092091624"", ""PROVIDER"": ""aws"", ""CHECK_ID"": ""iam_password_policy_uppercase"", ""CHECK_TITLE"": ""IAM password policy requires at least one uppercase letter"", ""CHECK_TYPE"": ""Software and Configuration Checks/AWS Security Best Practices | Software and Configuration Checks/Industry and Regulatory Standards/AWS Foundational Security Best Practices | Software and Configuration Checks/Industry and Regulatory Standards/CIS AWS Foundations Benchmark | Software and Configuration Checks/Industry and Regulatory Standards/NIST 800-53 Controls (USA) | Software and Configuration Checks/Industry and Regulatory Standards/PCI-DSS"", ""STATUS"": ""FAIL"", ""STATUS_EXTENDED"": ""IAM password policy does not require at least one uppercase letter."", ""MUTED"": false, ""SERVICE_NAME"": ""iam"", ""SUBSERVICE_NAME"": NaN, ""SEVERITY"": ""medium"", ""RESOURCE_TYPE"": ""AwsIamPolicy"", ""RESOURCE_UID"": ""arn:aws:iam:ap-south-1:012092091624:password-policy"", ""RESOURCE_NAME"": ""012092091624"", ""RESOURCE_DETAILS"": NaN, ""RESOURCE_TAGS"": NaN, ""PARTITION"": ""aws"", ""REGION"": ""ap-south-1"", ""DESCRIPTION"": ""**IAM account password policy** enforces the presence of **at least one uppercase letter** (`A-Z`) in IAM user passwords.\r\n\r\n*This evaluates whether the uppercase complexity rule is enabled for console passwords.*"", ""RISK"": ""Without an uppercase requirement, passwords have lower entropy, enabling **brute force**, **credential stuffing**, and **offline cracking**. Compromised IAM users can access the console, threatening **confidentiality** (data exposure), **integrity** (unauthorized changes), and **availability** (resource deletion)."", ""RELATED_URL"": NaN, ""REMEDIATION_RECOMMENDATION_TEXT"": ""Enable the uppercase rule within a **strong password policy** that also requires length, lowercase, numbers, and symbols. Pair with **MFA** and **least privilege** to reduce blast radius. Regularly review policy effectiveness and prefer **federated SSO** to minimize long-lived IAM passwords."", ""REMEDIATION_RECOMMENDATION_URL"": ""https://hub.prowler.com/check/iam_password_policy_uppercase"", ""REMEDIATION_CODE_NATIVEIAC"": ""```yaml\r\nResources:\r\n  <example_resource_name>:\r\n    Type: AWS::IAM::AccountPasswordPolicy\r\n    Properties:\r\n      RequireUppercaseCharacters: true  # Critical: enforce at least one uppercase letter\r\n```"", ""REMEDIATION_CODE_TERRAFORM"": ""```hcl\r\nresource \""aws_iam_account_password_policy\"" \""<example_resource_name>\"" {\r\n  require_uppercase_characters = true  # Critical: enforce at least one uppercase letter\r\n}\r\n```"", ""REMEDIATION_CODE_CLI"": ""aws iam update-account-password-policy --require-uppercase-characters"", ""REMEDIATION_CODE_OTHER"": ""1. In the AWS Console, go to IAM\r\n2. Open Account settings > Password policy > Edit\r\n3. Check \""Require at least one uppercase letter (A-Z)\""\r\n4. Click Save changes"", ""COMPLIANCE"": ""AWS-AI-Security-Framework-1.0: AISF-IAM-06 | AWS-Foundational-Security-Best-Practices: IAM.7, IAM.10 | AWS-Foundational-Technical-Review: IAM-003 | AWS-Well-Architected-Framework-Security-Pillar: SEC02-BP01 | C5-2025: IAM-08.03B, IAM-08.05B, PSS-07.01B | CCC-v2025.10: CCC.Core.CN05.AR02, CCC.IAM.CN05.AR01 | CISA: your-systems-3, your-surroundings-4 | ENS-RD2022: op.acc.6.r1.aws.iam.1 | FedRAMP-20x-KSI-Low-25.05C: ksi-iam | FFIEC: d3-pc-am-b-6, d3-pc-am-b-7 | GDPR: article_25 | GxP-21-CFR-Part-11: 11.10-d, 11.10-g, 11.200, 11.300-b | HIPAA: 164_308_a_5_ii_d | ISO27001-2013: A.9.2.G, A.9.3.G, A.9.4.G | ISO27001-2022: A.5.15 | KISA-ISMS-P-2023: 2.5.4, 2.10.2 | KISA-ISMS-P-2023-korean: 2.5.4, 2.10.2 | MITRE-ATTACK: T1078, T1110 | NIS2: 9.2.c.v | NIST-800-171-Revision-2: 3_5_7 | ProwlerThreatScore-1.0: 1.1.9 | SecNumCloud-3.2: 9.5"", ""CATEGORIES"": ""identity-access"", ""DEPENDS_ON"": NaN, ""RELATED_TO"": NaN, ""NOTES"": NaN, ""PROWLER_VERSION"": ""5.42.0"", ""ADDITIONAL_URLS"": ""https://docs.aws.amazon.com/IAM/latest/UserGuide/id_credentials_passwords_account-policy.html"", ""ACCOUNT_OU_UID"": NaN, ""ACCOUNT_OU_NAME"": NaN}"
Prowler,prowler-aws-iam_policy_attached_only_to_group_or_roles-012092091624-ap-south-1-BedrockAPIKey-z90x/AmazonBedrockLimitedAccess,arn:aws:iam::012092091624:user/BedrockAPIKey-z90x,BedrockAPIKey-z90x/AmazonBedrockLimitedAccess,aws_5f74cb79eab06b88,Cloud/IAM Configuration,IAM user has no inline or attached policies,low,FAIL,**IAM users** have identity-based policies attached directly (managed or inline) instead of inheriting permissions via **groups** or **roles**.,,,,,ineffective,ap-south-1,2026-09-16 18:14:43.448493,"Assign permissions to **groups** (humans) and **roles** (workloads); avoid user-attached policies. Enforce **least privilege**, prefer federation and temporary credentials, and use tags or **permissions boundaries** to constrain scope. Review regularly to remove direct user policies and right-size access.","{""AUTH_METHOD"": ""profile: None"", ""TIMESTAMP"": ""2026-09-16 18:14:43.448493"", ""ACCOUNT_UID"": 12092091624, ""ACCOUNT_NAME"": NaN, ""ACCOUNT_EMAIL"": NaN, ""ACCOUNT_ORGANIZATION_UID"": NaN, ""ACCOUNT_ORGANIZATION_NAME"": NaN, ""ACCOUNT_TAGS"": NaN, ""FINDING_UID"": ""prowler-aws-iam_policy_attached_only_to_group_or_roles-012092091624-ap-south-1-BedrockAPIKey-z90x/AmazonBedrockLimitedAccess"", ""PROVIDER"": ""aws"", ""CHECK_ID"": ""iam_policy_attached_only_to_group_or_roles"", ""CHECK_TITLE"": ""IAM user has no inline or attached policies"", ""CHECK_TYPE"": ""Software and Configuration Checks/AWS Security Best Practices | Software and Configuration Checks/Industry and Regulatory Standards/AWS Foundational Security Best Practices | Software and Configuration Checks/Industry and Regulatory Standards/CIS AWS Foundations Benchmark"", ""STATUS"": ""FAIL"", ""STATUS_EXTENDED"": ""User BedrockAPIKey-z90x has the policy AmazonBedrockLimitedAccess attached."", ""MUTED"": false, ""SERVICE_NAME"": ""iam"", ""SUBSERVICE_NAME"": NaN, ""SEVERITY"": ""low"", ""RESOURCE_TYPE"": ""AwsIamUser"", ""RESOURCE_UID"": ""arn:aws:iam::012092091624:user/BedrockAPIKey-z90x"", ""RESOURCE_NAME"": ""BedrockAPIKey-z90x/AmazonBedrockLimitedAccess"", ""RESOURCE_DETAILS"": NaN, ""RESOURCE_TAGS"": NaN, ""PARTITION"": ""aws"", ""REGION"": ""ap-south-1"", ""DESCRIPTION"": ""**IAM users** have identity-based policies attached directly (managed or inline) instead of inheriting permissions via **groups** or **roles**."", ""RISK"": ""Directly attached user policies hinder centralized control and cause privilege creep. If a user is compromised, excessive rights enable data exposure, resource tampering, and lateral movement, harming **confidentiality** and **integrity**. Revocation is error-prone, weakening **separation of duties** and auditability."", ""RELATED_URL"": NaN, ""REMEDIATION_RECOMMENDATION_TEXT"": ""Assign permissions to **groups** (humans) and **roles** (workloads); avoid user-attached policies. Enforce **least privilege**, prefer federation and temporary credentials, and use tags or **permissions boundaries** to constrain scope. Review regularly to remove direct user policies and right-size access."", ""REMEDIATION_RECOMMENDATION_URL"": ""https://hub.prowler.com/check/iam_policy_attached_only_to_group_or_roles"", ""REMEDIATION_CODE_NATIVEIAC"": ""```yaml\r\n# CloudFormation: ensure IAM user has no policies\r\nResources:\r\n  <example_resource_name>:\r\n    Type: AWS::IAM::User\r\n    Properties:\r\n      UserName: <example_resource_name>\r\n      ManagedPolicyArns: []  # CRITICAL: empty list detaches all managed (attached) policies\r\n      Policies: []           # CRITICAL: empty list removes all inline policies\r\n```"", ""REMEDIATION_CODE_TERRAFORM"": NaN, ""REMEDIATION_CODE_CLI"": NaN, ""REMEDIATION_CODE_OTHER"": ""1. In AWS Console, go to IAM > Users and select the target user\r\n2. Open the Permissions tab\r\n3. Under Permissions policies, remove each attached policy\r\n4. Under Inline policies, delete each inline policy\r\n5. Confirm changes; the user should show no inline or attached policies"", ""COMPLIANCE"": ""ASD-Essential-Eight-Nov 2023: E8-4.4 | AWS-Account-Security-Onboarding: Predefine IAM Roles | AWS-AI-Security-Framework-1.0: AISF-IAM-02 | AWS-Foundational-Technical-Review: IAM-006, IAM-0012 | AWS-Well-Architected-Framework-Security-Pillar: SEC02-BP06 | C5-2025: IAM-01.01B, IAM-01.04B, PSS-09.01AC | CCC-v2025.10: CCC.Core.CN05.AR01, CCC.Core.CN05.AR04, CCC.Core.CN05.AR06 | CIS-1.4: 1.15 | CIS-1.5: 1.15 | CIS-2.0: 1.15 | CIS-3.0: 1.15 | CIS-4.0.1: 1.15 | CIS-5.0: 1.14 | CIS-6.0: 2.14 | CIS-7.0: 2.13 | ENS-RD2022: op.exp.8.r4.aws.ct.8, op.exp.8.r4.aws.ct.1 | FedRAMP-20x-KSI-Low-25.05C: ksi-iam, ksi-iam-07 | FedRAMP-Low-Revision-4: ac-2, ac-3 | FedRamp-Moderate-Revision-4: ac-2-1, ac-2-f, ac-2-j, ac-3, ac-5-c, sc-2 | FFIEC: d3-pc-am-b-1, d3-pc-im-b-7 | GxP-21-CFR-Part-11: 11.10-d, 11.10-g | ISO27001-2013: A.9.2.I, A.9.4.I | ISO27001-2022: A.5.15 | KISA-ISMS-P-2023: 2.5.1, 2.5.6, 2.10.2 | KISA-ISMS-P-2023-korean: 2.5.1, 2.5.6, 2.10.2 | NIS2: 1.2.1, 2.1.2.f, 11.2.2.a | NIST-800-171-Revision-2: 3_4_6 | NIST-800-53-Revision-4: ac_6 | NIST-800-53-Revision-5: ac_2_1, ac_2_6, ac_2_i_2, ac_3, ac_3_3, ac_3_3_a, ac_3_3_b_1, ac_3_3_b_2, ac_3_3_b_3, ac_3_3_b_4, ac_3_3_b_5, ac_3_3_c, ac_3_4, ac_3_4_a, ac_3_4_b, ac_3_4_c, ac_3_4_d, ac_3_4_e, ac_3_7, ac_3_8, ac_3_12_a, ac_3_13, ac_3_15_a, ac_3_15_b, ac_4_28, ac_6, ac_6_3, ac_24, cm_5_1_a, cm_6_a, cm_9_b, mp_2, sc_23_3 | NIST-CSF-2.0: rr_1, rr_2, po_1, am_6, ac_1, ac_4, ac_6, ac_7, ip_1 | PCI-4.0: 7.2.1.12, 7.2.1.13, 7.2.2.12, 7.2.2.13, 7.2.5.8, 7.2.5.9, 7.3.1.8, 7.3.1.9, 7.3.2.8, 7.3.2.9, 7.3.3.8, 7.3.3.9, 8.2.1.3, 8.2.2.5, 8.2.4.3, 8.2.5.3, 8.2.7.8, 8.2.7.9, 8.2.8.10, 8.2.8.11, 8.3.11.3, 8.3.4.8, 8.3.4.9 | ProwlerThreatScore-1.0: 1.2.1, 1.2.2 | RBI-Cyber-Security-Framework: annex_i_7_1 | SecNumCloud-3.2: 9.1 | SOC2: cc_1_3"", ""CATEGORIES"": ""identity-access"", ""DEPENDS_ON"": NaN, ""RELATED_TO"": NaN, ""NOTES"": ""CAF Security Epic: IAM"", ""PROWLER_VERSION"": ""5.42.0"", ""ADDITIONAL_URLS"": ""https://docs.aws.amazon.com/securityhub/latest/userguide/iam-controls.html | https://docs.aws.amazon.com/IAM/latest/UserGuide/best-practices.html"", ""ACCOUNT_OU_UID"": NaN, ""ACCOUNT_OU_NAME"": NaN}"
Prowler,prowler-aws-iam_policy_attached_only_to_group_or_roles-012092091624-ap-south-1-ProwlerUser/SecurityAudit,arn:aws:iam::012092091624:user/ProwlerUser,ProwlerUser/SecurityAudit,aws_03a34f0addac2237,Cloud/IAM Configuration,IAM user has no inline or attached policies,low,FAIL,**IAM users** have identity-based policies attached directly (managed or inline) instead of inheriting permissions via **groups** or **roles**.,,,,,ineffective,ap-south-1,2026-09-16 18:14:43.448493,"Assign permissions to **groups** (humans) and **roles** (workloads); avoid user-attached policies. Enforce **least privilege**, prefer federation and temporary credentials, and use tags or **permissions boundaries** to constrain scope. Review regularly to remove direct user policies and right-size access.","{""AUTH_METHOD"": ""profile: None"", ""TIMESTAMP"": ""2026-09-16 18:14:43.448493"", ""ACCOUNT_UID"": 12092091624, ""ACCOUNT_NAME"": NaN, ""ACCOUNT_EMAIL"": NaN, ""ACCOUNT_ORGANIZATION_UID"": NaN, ""ACCOUNT_ORGANIZATION_NAME"": NaN, ""ACCOUNT_TAGS"": NaN, ""FINDING_UID"": ""prowler-aws-iam_policy_attached_only_to_group_or_roles-012092091624-ap-south-1-ProwlerUser/SecurityAudit"", ""PROVIDER"": ""aws"", ""CHECK_ID"": ""iam_policy_attached_only_to_group_or_roles"", ""CHECK_TITLE"": ""IAM user has no inline or attached policies"", ""CHECK_TYPE"": ""Software and Configuration Checks/AWS Security Best Practices | Software and Configuration Checks/Industry and Regulatory Standards/AWS Foundational Security Best Practices | Software and Configuration Checks/Industry and Regulatory Standards/CIS AWS Foundations Benchmark"", ""STATUS"": ""FAIL"", ""STATUS_EXTENDED"": ""User ProwlerUser has the policy SecurityAudit attached."", ""MUTED"": false, ""SERVICE_NAME"": ""iam"", ""SUBSERVICE_NAME"": NaN, ""SEVERITY"": ""low"", ""RESOURCE_TYPE"": ""AwsIamUser"", ""RESOURCE_UID"": ""arn:aws:iam::012092091624:user/ProwlerUser"", ""RESOURCE_NAME"": ""ProwlerUser/SecurityAudit"", ""RESOURCE_DETAILS"": NaN, ""RESOURCE_TAGS"": ""AKIAQFUF6VTUPW6NS5HX=CyberFinGuard Prowler | AKIAQFUF6VTUPNFKUEFD=CyberFinGuard Prowler | AKIAQFUF6VTUJRVR7VHD=AWS security audit user for Prowler"", ""PARTITION"": ""aws"", ""REGION"": ""ap-south-1"", ""DESCRIPTION"": ""**IAM users** have identity-based policies attached directly (managed or inline) instead of inheriting permissions via **groups** or **roles**."", ""RISK"": ""Directly attached user policies hinder centralized control and cause privilege creep. If a user is compromised, excessive rights enable data exposure, resource tampering, and lateral movement, harming **confidentiality** and **integrity**. Revocation is error-prone, weakening **separation of duties** and auditability."", ""RELATED_URL"": NaN, ""REMEDIATION_RECOMMENDATION_TEXT"": ""Assign permissions to **groups** (humans) and **roles** (workloads); avoid user-attached policies. Enforce **least privilege**, prefer federation and temporary credentials, and use tags or **permissions boundaries** to constrain scope. Review regularly to remove direct user policies and right-size access."", ""REMEDIATION_RECOMMENDATION_URL"": ""https://hub.prowler.com/check/iam_policy_attached_only_to_group_or_roles"", ""REMEDIATION_CODE_NATIVEIAC"": ""```yaml\r\n# CloudFormation: ensure IAM user has no policies\r\nResources:\r\n  <example_resource_name>:\r\n    Type: AWS::IAM::User\r\n    Properties:\r\n      UserName: <example_resource_name>\r\n      ManagedPolicyArns: []  # CRITICAL: empty list detaches all managed (attached) policies\r\n      Policies: []           # CRITICAL: empty list removes all inline policies\r\n```"", ""REMEDIATION_CODE_TERRAFORM"": NaN, ""REMEDIATION_CODE_CLI"": NaN, ""REMEDIATION_CODE_OTHER"": ""1. In AWS Console, go to IAM > Users and select the target user\r\n2. Open the Permissions tab\r\n3. Under Permissions policies, remove each attached policy\r\n4. Under Inline policies, delete each inline policy\r\n5. Confirm changes; the user should show no inline or attached policies"", ""COMPLIANCE"": ""ASD-Essential-Eight-Nov 2023: E8-4.4 | AWS-Account-Security-Onboarding: Predefine IAM Roles | AWS-AI-Security-Framework-1.0: AISF-IAM-02 | AWS-Foundational-Technical-Review: IAM-006, IAM-0012 | AWS-Well-Architected-Framework-Security-Pillar: SEC02-BP06 | C5-2025: IAM-01.01B, IAM-01.04B, PSS-09.01AC | CCC-v2025.10: CCC.Core.CN05.AR01, CCC.Core.CN05.AR04, CCC.Core.CN05.AR06 | CIS-1.4: 1.15 | CIS-1.5: 1.15 | CIS-2.0: 1.15 | CIS-3.0: 1.15 | CIS-4.0.1: 1.15 | CIS-5.0: 1.14 | CIS-6.0: 2.14 | CIS-7.0: 2.13 | ENS-RD2022: op.exp.8.r4.aws.ct.8, op.exp.8.r4.aws.ct.1 | FedRAMP-20x-KSI-Low-25.05C: ksi-iam, ksi-iam-07 | FedRAMP-Low-Revision-4: ac-2, ac-3 | FedRamp-Moderate-Revision-4: ac-2-1, ac-2-f, ac-2-j, ac-3, ac-5-c, sc-2 | FFIEC: d3-pc-am-b-1, d3-pc-im-b-7 | GxP-21-CFR-Part-11: 11.10-d, 11.10-g | ISO27001-2013: A.9.2.I, A.9.4.I | ISO27001-2022: A.5.15 | KISA-ISMS-P-2023: 2.5.1, 2.5.6, 2.10.2 | KISA-ISMS-P-2023-korean: 2.5.1, 2.5.6, 2.10.2 | NIS2: 1.2.1, 2.1.2.f, 11.2.2.a | NIST-800-171-Revision-2: 3_4_6 | NIST-800-53-Revision-4: ac_6 | NIST-800-53-Revision-5: ac_2_1, ac_2_6, ac_2_i_2, ac_3, ac_3_3, ac_3_3_a, ac_3_3_b_1, ac_3_3_b_2, ac_3_3_b_3, ac_3_3_b_4, ac_3_3_b_5, ac_3_3_c, ac_3_4, ac_3_4_a, ac_3_4_b, ac_3_4_c, ac_3_4_d, ac_3_4_e, ac_3_7, ac_3_8, ac_3_12_a, ac_3_13, ac_3_15_a, ac_3_15_b, ac_4_28, ac_6, ac_6_3, ac_24, cm_5_1_a, cm_6_a, cm_9_b, mp_2, sc_23_3 | NIST-CSF-2.0: rr_1, rr_2, po_1, am_6, ac_1, ac_4, ac_6, ac_7, ip_1 | PCI-4.0: 7.2.1.12, 7.2.1.13, 7.2.2.12, 7.2.2.13, 7.2.5.8, 7.2.5.9, 7.3.1.8, 7.3.1.9, 7.3.2.8, 7.3.2.9, 7.3.3.8, 7.3.3.9, 8.2.1.3, 8.2.2.5, 8.2.4.3, 8.2.5.3, 8.2.7.8, 8.2.7.9, 8.2.8.10, 8.2.8.11, 8.3.11.3, 8.3.4.8, 8.3.4.9 | ProwlerThreatScore-1.0: 1.2.1, 1.2.2 | RBI-Cyber-Security-Framework: annex_i_7_1 | SecNumCloud-3.2: 9.1 | SOC2: cc_1_3"", ""CATEGORIES"": ""identity-access"", ""DEPENDS_ON"": NaN, ""RELATED_TO"": NaN, ""NOTES"": ""CAF Security Epic: IAM"", ""PROWLER_VERSION"": ""5.42.0"", ""ADDITIONAL_URLS"": ""https://docs.aws.amazon.com/securityhub/latest/userguide/iam-controls.html | https://docs.aws.amazon.com/IAM/latest/UserGuide/best-practices.html"", ""ACCOUNT_OU_UID"": NaN, ""ACCOUNT_OU_NAME"": NaN}"
Prowler,prowler-aws-iam_policy_cloudshell_admin_not_attached-012092091624-ap-south-1-012092091624,arn:aws:iam::aws:policy/AWSCloudShellFullAccess,012092091624,aws_5f28c5543c45b3c5,Cloud/IAM Configuration,"No IAM users, groups, or roles have the AWSCloudShellFullAccess policy attached",medium,PASS,"**IAM identities** with the AWS managed policy `AWSCloudShellFullAccess` attached are identified across users, groups, and roles.

This indicates principals are granted `cloudshell:*` on `*`, enabling full CloudShell features, including environment startup and file transfer.",,,,,effective,ap-south-1,2026-09-16 18:14:43.448493,"Detach `AWSCloudShellFullAccess` from identities.

Apply **least privilege**: permit CloudShell only when necessary via narrowly scoped permissions, restricted roles, short-lived sessions, and approvals. Prefer controlled alternatives (local CLI, bastion, or Session Manager). Enforce **separation of duties** and monitor usage.","{""AUTH_METHOD"": ""profile: None"", ""TIMESTAMP"": ""2026-09-16 18:14:43.448493"", ""ACCOUNT_UID"": 12092091624, ""ACCOUNT_NAME"": NaN, ""ACCOUNT_EMAIL"": NaN, ""ACCOUNT_ORGANIZATION_UID"": NaN, ""ACCOUNT_ORGANIZATION_NAME"": NaN, ""ACCOUNT_TAGS"": NaN, ""FINDING_UID"": ""prowler-aws-iam_policy_cloudshell_admin_not_attached-012092091624-ap-south-1-012092091624"", ""PROVIDER"": ""aws"", ""CHECK_ID"": ""iam_policy_cloudshell_admin_not_attached"", ""CHECK_TITLE"": ""No IAM users, groups, or roles have the AWSCloudShellFullAccess policy attached"", ""CHECK_TYPE"": ""Software and Configuration Checks/AWS Security Best Practices"", ""STATUS"": ""PASS"", ""STATUS_EXTENDED"": ""AWS CloudShellFullAccess policy is not attached to any IAM entity."", ""MUTED"": false, ""SERVICE_NAME"": ""iam"", ""SUBSERVICE_NAME"": NaN, ""SEVERITY"": ""medium"", ""RESOURCE_TYPE"": ""AwsIamPolicy"", ""RESOURCE_UID"": ""arn:aws:iam::aws:policy/AWSCloudShellFullAccess"", ""RESOURCE_NAME"": ""012092091624"", ""RESOURCE_DETAILS"": NaN, ""RESOURCE_TAGS"": NaN, ""PARTITION"": ""aws"", ""REGION"": ""ap-south-1"", ""DESCRIPTION"": ""**IAM identities** with the AWS managed policy `AWSCloudShellFullAccess` attached are identified across users, groups, and roles.\r\n\r\nThis indicates principals are granted `cloudshell:*` on `*`, enabling full CloudShell features, including environment startup and file transfer."", ""RISK"": ""Granting `cloudshell:*` enables an interactive shell with Internet egress and file upload/download, degrading **confidentiality** and **integrity**.\r\n\r\nCompromised principals can exfiltrate data, stage tooling with sudo, persist artifacts in CloudShell, and operate from AWS IP space to bypass endpoint controls."", ""RELATED_URL"": NaN, ""REMEDIATION_RECOMMENDATION_TEXT"": ""Detach `AWSCloudShellFullAccess` from identities.\r\n\r\nApply **least privilege**: permit CloudShell only when necessary via narrowly scoped permissions, restricted roles, short-lived sessions, and approvals. Prefer controlled alternatives (local CLI, bastion, or Session Manager). Enforce **separation of duties** and monitor usage."", ""REMEDIATION_RECOMMENDATION_URL"": ""https://hub.prowler.com/check/iam_policy_cloudshell_admin_not_attached"", ""REMEDIATION_CODE_NATIVEIAC"": ""```yaml\r\n# CloudFormation: ensure AWSCloudShellFullAccess is NOT attached to the IAM user\r\nResources:\r\n  <example_resource_name>:\r\n    Type: AWS::IAM::User\r\n    Properties:\r\n      ManagedPolicyArns: []  # Critical: empty list ensures AWSCloudShellFullAccess is not attached\r\n```"", ""REMEDIATION_CODE_TERRAFORM"": ""```hcl\r\n# Terraform: ensure AWSCloudShellFullAccess is NOT attached\r\nresource \""aws_iam_user_policy_attachment\"" \""<example_resource_name>\"" {\r\n  count      = 0  # Critical: prevents creation, ensuring the policy is detached/not attached\r\n  user       = \""<example_resource_name>\""\r\n  policy_arn = \""arn:aws:iam::aws:policy/AWSCloudShellFullAccess\""  # Denied policy\r\n}\r\n```"", ""REMEDIATION_CODE_CLI"": NaN, ""REMEDIATION_CODE_OTHER"": ""1. In the AWS console, go to IAM > Policies\r\n2. Search for AWSCloudShellFullAccess and open it\r\n3. Select the Entities attached tab\r\n4. Select all Users, Groups, and Roles listed\r\n5. Click Detach and confirm"", ""COMPLIANCE"": ""C5-2025: OIS-02.01B, SP-01.04B, HR-01.01B, IAM-01.01B, IAM-01.04B, IAM-06.01B | CIS-2.0: 1.22 | CIS-4.0.1: 1.22 | CIS-5.0: 1.21 | CIS-6.0: 2.21 | CIS-7.0: 2.20 | KISA-ISMS-P-2023: 2.5.1, 2.5.5, 2.5.6, 2.10.2 | KISA-ISMS-P-2023-korean: 2.5.1, 2.5.5, 2.5.6, 2.10.2 | NIS2: 1.2.1 | PCI-4.0: 7.2.1.14, 7.2.1.15, 7.2.1.16, 7.2.2.14, 7.2.2.15, 7.2.2.16, 7.2.3.7, 7.2.5.10, 7.2.5.11, 7.2.5.12, 7.3.1.10, 7.3.1.11, 7.3.1.12, 7.3.2.10, 7.3.2.11, 7.3.2.12, 7.3.3.10, 7.3.3.11, 7.3.3.12, 8.2.7.10, 8.2.7.11, 8.2.7.12, 8.2.8.12, 8.2.8.13, 8.2.8.14, 8.3.4.10, 8.3.4.11, 8.3.4.12 | ProwlerThreatScore-1.0: 1.3.2"", ""CATEGORIES"": ""identity-access"", ""DEPENDS_ON"": NaN, ""RELATED_TO"": NaN, ""NOTES"": NaN, ""PROWLER_VERSION"": ""5.42.0"", ""ADDITIONAL_URLS"": ""https://docs.aws.amazon.com/securityhub/latest/userguide/iam-controls.html#iam-27 | https://www.trendmicro.com/trendaivisiononecloudriskmanagement/knowledge-base/aws/IAM/unapproved-iam-policy-in-use.html | https://docs.aws.amazon.com/config/latest/developerguide/iam-policy-blacklisted-check.html | https://docs.aws.amazon.com/IAM/latest/UserGuide/access_policies_manage-attach-detach.html | https://icompaas.freshdesk.com/support/solutions/articles/62000233099-1-22-restrict-access-to-awscloudshellfullaccess-manual-"", ""ACCOUNT_OU_UID"": NaN, ""ACCOUNT_OU_NAME"": NaN}"
Prowler,prowler-aws-iam_role_access_not_stale_to_bedrock-012092091624-ap-south-1-AWSServiceRoleForSupport,arn:aws:iam::012092091624:role/aws-service-role/support.amazonaws.com/AWSServiceRoleForSupport,AWSServiceRoleForSupport,aws_00f3f36cdca15735,Cloud/IAM Configuration,Regular Bedrock access ensures IAM roles retain only actively used permissions,medium,FAIL,"IAM roles granted **Bedrock** permissions are evaluated for recent service usage.

Roles whose last Bedrock access exceeds the configured threshold (default **60 days**) or that have **never** accessed Bedrock are flagged, indicating stale permissions that should be reviewed.",,,,,ineffective,ap-south-1,2026-09-16 18:14:43.448493,"Apply the **principle of least privilege** by regularly reviewing IAM Access Advisor data and revoking Bedrock permissions that are no longer actively used.

Establish a periodic access review process and automate alerts for stale permissions to maintain a minimal attack surface.","{""AUTH_METHOD"": ""profile: None"", ""TIMESTAMP"": ""2026-09-16 18:14:43.448493"", ""ACCOUNT_UID"": 12092091624, ""ACCOUNT_NAME"": NaN, ""ACCOUNT_EMAIL"": NaN, ""ACCOUNT_ORGANIZATION_UID"": NaN, ""ACCOUNT_ORGANIZATION_NAME"": NaN, ""ACCOUNT_TAGS"": NaN, ""FINDING_UID"": ""prowler-aws-iam_role_access_not_stale_to_bedrock-012092091624-ap-south-1-AWSServiceRoleForSupport"", ""PROVIDER"": ""aws"", ""CHECK_ID"": ""iam_role_access_not_stale_to_bedrock"", ""CHECK_TITLE"": ""Regular Bedrock access ensures IAM roles retain only actively used permissions"", ""CHECK_TYPE"": ""Software and Configuration Checks/AWS Security Best Practices"", ""STATUS"": ""FAIL"", ""STATUS_EXTENDED"": ""IAM Role AWSServiceRoleForSupport has Bedrock permissions but has never used them."", ""MUTED"": false, ""SERVICE_NAME"": ""iam"", ""SUBSERVICE_NAME"": NaN, ""SEVERITY"": ""medium"", ""RESOURCE_TYPE"": ""AwsIamRole"", ""RESOURCE_UID"": ""arn:aws:iam::012092091624:role/aws-service-role/support.amazonaws.com/AWSServiceRoleForSupport"", ""RESOURCE_NAME"": ""AWSServiceRoleForSupport"", ""RESOURCE_DETAILS"": NaN, ""RESOURCE_TAGS"": NaN, ""PARTITION"": ""aws"", ""REGION"": ""ap-south-1"", ""DESCRIPTION"": ""IAM roles granted **Bedrock** permissions are evaluated for recent service usage.\r\n\r\nRoles whose last Bedrock access exceeds the configured threshold (default **60 days**) or that have **never** accessed Bedrock are flagged, indicating stale permissions that should be reviewed."", ""RISK"": ""Stale Bedrock permissions widen the **blast radius** of a credential compromise.\r\n\r\nAn attacker who assumes a role with unused Bedrock permissions can invoke foundation models, exfiltrate data through model responses, or incur significant costs — all without triggering expected usage patterns."", ""RELATED_URL"": NaN, ""REMEDIATION_RECOMMENDATION_TEXT"": ""Apply the **principle of least privilege** by regularly reviewing IAM Access Advisor data and revoking Bedrock permissions that are no longer actively used.\r\n\r\nEstablish a periodic access review process and automate alerts for stale permissions to maintain a minimal attack surface."", ""REMEDIATION_RECOMMENDATION_URL"": ""https://hub.prowler.com/check/iam_role_access_not_stale_to_bedrock"", ""REMEDIATION_CODE_NATIVEIAC"": NaN, ""REMEDIATION_CODE_TERRAFORM"": NaN, ""REMEDIATION_CODE_CLI"": NaN, ""REMEDIATION_CODE_OTHER"": ""1. Open the IAM console and select the role\r\n2. Review the **Access Advisor** tab to confirm Bedrock has not been accessed recently\r\n3. Remove or detach any policies granting Bedrock permissions that are no longer needed\r\n4. If the role still requires Bedrock access, verify usage and reduce scope to least privilege"", ""COMPLIANCE"": ""AWS-AI-Security-Framework-1.0: AISF-IAM-05 | C5-2025: IAM-03.02B, IAM-10.01B | ENS-RD2022: op.acc.6.r7.aws.iam.1 | FedRAMP-20x-KSI-Low-25.05C: ksi-iam, ksi-iam-07 | FedRAMP-Low-Revision-4: ac-2 | FedRamp-Moderate-Revision-4: ac-2-1, ac-2-f, ac-2-j, ac-2-3, ac-6 | ISO27001-2013: A.9.2.M | ISO27001-2022: A.5.15 | MITRE-ATTACK: T1078 | NIS2: 11.5.4 | NIST-800-171-Revision-2: 3_1_1, 3_1_2, 3_1_5, 3_5_6 | NIST-800-53-Revision-4: ac_2_1, ac_2_3, ac_2, ac_6 | NIST-800-53-Revision-5: ac_2_1, ac_2_3_a, ac_2_3_b, ac_2_3_c, ac_2_3_d, ac_2_3, ac_2_g, ac_2_j, ac_3_8, ac_6 | NIST-CSF-1.1: ac_1, ac_4 | NIST-CSF-2.0: ac_1 | PCI-3.2.1: 8.1.4 | SecNumCloud-3.2: 9.2, 9.4"", ""CATEGORIES"": ""identity-access | gen-ai"", ""DEPENDS_ON"": NaN, ""RELATED_TO"": ""bedrock_api_key_no_administrative_privileges | bedrock_api_key_no_long_term_credentials"", ""NOTES"": ""The staleness threshold is configurable via the `max_unused_bedrock_access_days` audit config key (default: 60 days)."", ""PROWLER_VERSION"": ""5.42.0"", ""ADDITIONAL_URLS"": ""https://docs.aws.amazon.com/IAM/latest/UserGuide/access_policies_access-advisor.html | https://docs.aws.amazon.com/bedrock/latest/userguide/security-iam.html | https://docs.aws.amazon.com/IAM/latest/UserGuide/best-practices.html#remove-credentials"", ""ACCOUNT_OU_UID"": NaN, ""ACCOUNT_OU_NAME"": NaN}"
Prowler,prowler-aws-iam_root_hardware_mfa_enabled-012092091624-ap-south-1-<root_account>,arn:aws:iam::012092091624:mfa,<root_account>,aws_39d9846692953b3f,Cloud/IAM Configuration,Root account has a hardware MFA device enabled,critical,FAIL,"**AWS root user** credentials are assessed for **MFA status** and device type. The check detects whether MFA is absent or implemented with a **virtual device** instead of **hardware MFA** on the root user, and notes when centralized root credential management is in effect.",,,,,ineffective,ap-south-1,2026-09-16 18:14:43.448493,"Require a **hardware MFA token** for the root user and remove any virtual MFA. Apply **least privilege**: avoid using root, disable access keys, and eliminate long-term credentials. In organizations, **centralize root management**. Keep a controlled break-glass process with strict recovery checks and continuous monitoring.","{""AUTH_METHOD"": ""profile: None"", ""TIMESTAMP"": ""2026-09-16 18:14:43.448493"", ""ACCOUNT_UID"": 12092091624, ""ACCOUNT_NAME"": NaN, ""ACCOUNT_EMAIL"": NaN, ""ACCOUNT_ORGANIZATION_UID"": NaN, ""ACCOUNT_ORGANIZATION_NAME"": NaN, ""ACCOUNT_TAGS"": NaN, ""FINDING_UID"": ""prowler-aws-iam_root_hardware_mfa_enabled-012092091624-ap-south-1-<root_account>"", ""PROVIDER"": ""aws"", ""CHECK_ID"": ""iam_root_hardware_mfa_enabled"", ""CHECK_TITLE"": ""Root account has a hardware MFA device enabled"", ""CHECK_TYPE"": ""Software and Configuration Checks/AWS Security Best Practices | Software and Configuration Checks/Industry and Regulatory Standards/AWS Foundational Security Best Practices | Software and Configuration Checks/Industry and Regulatory Standards/CIS AWS Foundations Benchmark"", ""STATUS"": ""FAIL"", ""STATUS_EXTENDED"": ""MFA is not enabled for root account."", ""MUTED"": false, ""SERVICE_NAME"": ""iam"", ""SUBSERVICE_NAME"": NaN, ""SEVERITY"": ""critical"", ""RESOURCE_TYPE"": ""AwsIamUser"", ""RESOURCE_UID"": ""arn:aws:iam::012092091624:mfa"", ""RESOURCE_NAME"": ""<root_account>"", ""RESOURCE_DETAILS"": NaN, ""RESOURCE_TAGS"": NaN, ""PARTITION"": ""aws"", ""REGION"": ""ap-south-1"", ""DESCRIPTION"": ""**AWS root user** credentials are assessed for **MFA status** and device type. The check detects whether MFA is absent or implemented with a **virtual device** instead of **hardware MFA** on the root user, and notes when centralized root credential management is in effect."", ""RISK"": ""Without **hardware MFA** on the root user:\r\n- No MFA: stolen password/keys enable full account takeover.\r\n- Virtual MFA: device compromise or backup restoration weakens second-factor assurance.\r\nAn attacker could delete resources, change policies, and disable logging, harming **confidentiality**, **integrity**, and **availability**."", ""RELATED_URL"": NaN, ""REMEDIATION_RECOMMENDATION_TEXT"": ""Require a **hardware MFA token** for the root user and remove any virtual MFA. Apply **least privilege**: avoid using root, disable access keys, and eliminate long-term credentials. In organizations, **centralize root management**. Keep a controlled break-glass process with strict recovery checks and continuous monitoring."", ""REMEDIATION_RECOMMENDATION_URL"": ""https://hub.prowler.com/check/iam_root_hardware_mfa_enabled"", ""REMEDIATION_CODE_NATIVEIAC"": NaN, ""REMEDIATION_CODE_TERRAFORM"": NaN, ""REMEDIATION_CODE_CLI"": NaN, ""REMEDIATION_CODE_OTHER"": ""1. Sign in to the AWS Management Console as the root user\r\n2. Open My Security Credentials: https://console.aws.amazon.com/iam/home?#/security_credentials\r\n3. In the Multi-factor authentication (MFA) section, choose Activate/Assign MFA\r\n4. Select a hardware option (Security key or Hardware TOTP token) and complete the prompts (for TOTP: enter the device serial and two consecutive codes)\r\n5. After the hardware MFA is added, locate any Virtual MFA device listed for root and Deactivate/Remove it\r\n6. Confirm only the hardware MFA remains assigned"", ""COMPLIANCE"": ""ASD-Essential-Eight-Nov 2023: E8-3.1, E8-3.7 | AWS-Account-Security-Onboarding: Root user - distribution email + MFA | AWS-AI-Security-Framework-1.0: AISF-IAM-01 | AWS-Audit-Manager-Control-Tower-Guardrails: 3.0.3 | AWS-Foundational-Security-Best-Practices: IAM.6 | AWS-Foundational-Technical-Review: ARC-003, IAM-001, IAM-0012 | AWS-Well-Architected-Framework-Security-Pillar: SEC01-BP02 | C5-2025: OPS-16.01B, IAM-08.05B, IAM-09.02B, IAM-09.01AC, PSS-05.01B, PSS-07.02B | CCC-v2025.10: CCC.Core.CN03.AR01, CCC.Core.CN03.AR03, CCC.Core.CN05.AR02, CCC.Core.CN05.AR06 | CISA: your-systems-3, your-surroundings-2 | CIS-1.4: 1.6 | CIS-1.5: 1.6 | CIS-2.0: 1.6 | CIS-3.0: 1.6 | CIS-4.0.1: 1.6 | CIS-5.0: 1.5 | CIS-6.0: 2.5 | CIS-7.0: 2.6 | ENS-RD2022: op.acc.6.r4.aws.iam.1 | FedRAMP-20x-KSI-Low-25.05C: ksi-iam | FedRAMP-Low-Revision-4: ac-2, ia-2 | FedRamp-Moderate-Revision-4: ac-2-1, ac-2-f, ia-2-1-2, ia-2-1 | FFIEC: d3-pc-am-b-15, d3-pc-am-b-3, d3-pc-am-b-6 | GDPR: article_25 | GxP-21-CFR-Part-11: 11.10-d, 11.10-g, 11.200 | HIPAA: 164_308_a_3_ii_a, 164_312_d | KISA-ISMS-P-2023: 2.5.3, 2.5.5, 2.10.2 | KISA-ISMS-P-2023-korean: 2.5.3, 2.5.5, 2.10.2 | MITRE-ATTACK: T1078, T1098, T1556, T1550, T1110, T1040 | NIS2: 11.6.1, 11.7.2 | NIST-800-171-Revision-2: 3_1_1, 3_1_2, 3_5_3 | NIST-800-53-Revision-4: ia_2_1, ia_2_11 | NIST-800-53-Revision-5: ac_2_1, ac_3_2, ac_3_3, ac_3_3_a, ac_3_3_b_1, ac_3_3_b_2, ac_3_3_b_3, ac_3_3_b_4, ac_3_3_b_5, ac_3_3_c, ac_3_4, ac_3_4_a, ac_3_4_b, ac_3_4_c, ac_3_4_d, ac_3_4_e, ac_3_8, ac_3_12_a, ac_3_13, ac_3_15_a, ac_3_15_b, ac_4_28, ac_7_4, ac_7_4_a, ac_24, cm_5_1_a, cm_6_a, cm_9_b, ia_2_1, ia_2_2, ia_2_6, ia_2_6_a, ia_2_8, sc_23_3 | NIST-CSF-1.1: ac_3, ac_7 | PCI-4.0: 8.4.1.3, 8.4.2.3, 8.4.3.3 | ProwlerThreatScore-1.0: 1.1.2 | SecNumCloud-3.2: 9.6"", ""CATEGORIES"": ""identity-access"", ""DEPENDS_ON"": NaN, ""RELATED_TO"": NaN, ""NOTES"": NaN, ""PROWLER_VERSION"": ""5.42.0"", ""ADDITIONAL_URLS"": ""https://www.trendmicro.com/trendaivisiononecloudriskmanagement/knowledge-base/aws/IAM/root-hardware-mfa.html | https://docs.aws.amazon.com/IAM/latest/UserGuide/id_root-user.html#id_root-user_manage_mfa"", ""ACCOUNT_OU_UID"": NaN, ""ACCOUNT_OU_NAME"": NaN}"
Prowler,prowler-aws-iam_root_mfa_enabled-012092091624-ap-south-1-<root_account>,arn:aws:iam::012092091624:root,<root_account>,aws_78ca40ff6af6627b,Cloud/IAM Configuration,Root account has MFA enabled,critical,FAIL,"**AWS root user** with active credentials is assessed for **MFA activation**. The evaluation considers whether the root identity has a password or access keys and whether **MFA is enabled**.

*If centralized root access is enabled in Organizations, the presence of individual root credentials is also noted.*",,,,,ineffective,ap-south-1,2026-09-16 18:14:43.448493,"Enable **MFA** for the root user, preferably **hardware-based** or a dedicated, managed device. Remove root access keys and avoid using root for daily tasks. Apply **least privilege** with IAM Identity Center for admins, and use Organizations to **centralize root access** and eliminate long-lived root credentials.","{""AUTH_METHOD"": ""profile: None"", ""TIMESTAMP"": ""2026-09-16 18:14:43.448493"", ""ACCOUNT_UID"": 12092091624, ""ACCOUNT_NAME"": NaN, ""ACCOUNT_EMAIL"": NaN, ""ACCOUNT_ORGANIZATION_UID"": NaN, ""ACCOUNT_ORGANIZATION_NAME"": NaN, ""ACCOUNT_TAGS"": NaN, ""FINDING_UID"": ""prowler-aws-iam_root_mfa_enabled-012092091624-ap-south-1-<root_account>"", ""PROVIDER"": ""aws"", ""CHECK_ID"": ""iam_root_mfa_enabled"", ""CHECK_TITLE"": ""Root account has MFA enabled"", ""CHECK_TYPE"": ""Software and Configuration Checks/AWS Security Best Practices | Software and Configuration Checks/Industry and Regulatory Standards/AWS Foundational Security Best Practices | Software and Configuration Checks/Industry and Regulatory Standards/CIS AWS Foundations Benchmark"", ""STATUS"": ""FAIL"", ""STATUS_EXTENDED"": ""MFA is not enabled for root account."", ""MUTED"": false, ""SERVICE_NAME"": ""iam"", ""SUBSERVICE_NAME"": NaN, ""SEVERITY"": ""critical"", ""RESOURCE_TYPE"": ""AwsIamUser"", ""RESOURCE_UID"": ""arn:aws:iam::012092091624:root"", ""RESOURCE_NAME"": ""<root_account>"", ""RESOURCE_DETAILS"": NaN, ""RESOURCE_TAGS"": NaN, ""PARTITION"": ""aws"", ""REGION"": ""ap-south-1"", ""DESCRIPTION"": ""**AWS root user** with active credentials is assessed for **MFA activation**. The evaluation considers whether the root identity has a password or access keys and whether **MFA is enabled**.\r\n\r\n*If centralized root access is enabled in Organizations, the presence of individual root credentials is also noted.*"", ""RISK"": ""Without **MFA**, compromise of the root password or access keys can lead to full **account takeover**. An attacker with root can disable protections, steal or delete data, change billing, and create persistent admins, undermining confidentiality, integrity, and availability."", ""RELATED_URL"": NaN, ""REMEDIATION_RECOMMENDATION_TEXT"": ""Enable **MFA** for the root user, preferably **hardware-based** or a dedicated, managed device. Remove root access keys and avoid using root for daily tasks. Apply **least privilege** with IAM Identity Center for admins, and use Organizations to **centralize root access** and eliminate long-lived root credentials."", ""REMEDIATION_RECOMMENDATION_URL"": ""https://hub.prowler.com/check/iam_root_mfa_enabled"", ""REMEDIATION_CODE_NATIVEIAC"": NaN, ""REMEDIATION_CODE_TERRAFORM"": NaN, ""REMEDIATION_CODE_CLI"": NaN, ""REMEDIATION_CODE_OTHER"": ""1. Sign in to the AWS Management Console as the root user (choose \""Sign in as root user\"" and enter the account email)\r\n2. Open the account menu (top right) and click \""Security credentials\""\r\n3. In \""Multi-factor authentication (MFA)\"", choose \""Assign MFA device\"" (or \""Activate MFA\"")\r\n4. Select \""Authenticator app\"" and click \""Next\""\r\n5. Scan the QR code with your authenticator app and enter two consecutive MFA codes\r\n6. Click \""Add MFA\"" (or \""Assign MFA\"") to complete"", ""COMPLIANCE"": ""ASD-Essential-Eight-Nov 2023: E8-3.1 | AWS-Account-Security-Onboarding: Root user - distribution email + MFA | AWS-AI-Security-Framework-1.0: AISF-IAM-01 | AWS-Audit-Manager-Control-Tower-Guardrails: 3.0.1, 3.0.2, 3.0.3 | AWS-Foundational-Security-Best-Practices: IAM.9 | AWS-Foundational-Technical-Review: ARC-003, IAM-001, IAM-0012 | AWS-Well-Architected-Framework-Security-Pillar: SEC01-BP02 | C5-2025: OPS-16.01B, IAM-04.06B, IAM-06.09B, IAM-08.05B, IAM-09.02B, IAM-09.01AC, PSS-05.01B, PSS-05.02B, PSS-07.02B | CCC-v2025.10: CCC.Core.CN03.AR01, CCC.Core.CN03.AR03, CCC.Core.CN05.AR02, CCC.Core.CN05.AR06 | CISA: your-systems-3, your-surroundings-2, booting-up-thing-to-do-first-2 | CIS-1.4: 1.5 | CIS-1.5: 1.5 | CIS-2.0: 1.5 | CIS-3.0: 1.5 | CIS-4.0.1: 1.5 | CIS-5.0: 1.4 | CIS-6.0: 2.4 | CIS-7.0: 2.5 | ENS-RD2022: op.acc.6.r2.aws.iam.1 | FedRAMP-20x-KSI-Low-25.05C: ksi-iam | FedRAMP-Low-Revision-4: ac-2, ia-2 | FedRamp-Moderate-Revision-4: ac-2-1, ac-2-f, ac-2-j, ia-2-1-2, ia-2-1 | FFIEC: d3-pc-am-b-15, d3-pc-am-b-3, d3-pc-am-b-6 | GDPR: article_25 | GxP-21-CFR-Part-11: 11.10-d, 11.10-g, 11.200 | HIPAA: 164_308_a_3_ii_a, 164_312_d | ISO27001-2013: A.9.2.K, A.9.4.K | ISO27001-2022: A.5.15, A.5.17, A.8.5 | KISA-ISMS-P-2023: 2.5.3, 2.5.5, 2.10.2 | KISA-ISMS-P-2023-korean: 2.5.3, 2.5.5, 2.10.2 | MITRE-ATTACK: T1078, T1098, T1556, T1550, T1110, T1040 | NIS2: 11.3.2.a, 11.6.1, 11.7.2 | NIST-800-171-Revision-2: 3_1_1, 3_1_2, 3_5_2, 3_5_3 | NIST-800-53-Revision-4: ac_2, ia_2_1, ia_2_11 | NIST-800-53-Revision-5: ac_2_1, ac_3_2, ac_3_3, ac_3_3_a, ac_3_3_b_1, ac_3_3_b_2, ac_3_3_b_3, ac_3_3_b_4, ac_3_3_b_5, ac_3_3_c, ac_3_4, ac_3_4_a, ac_3_4_b, ac_3_4_c, ac_3_4_d, ac_3_4_e, ac_3_8, ac_3_12_a, ac_3_13, ac_3_15_a, ac_3_15_b, ac_4_28, ac_7_4, ac_7_4_a, ac_24, cm_6_a, cm_9_b, ia_2_1, ia_2_2, ia_2_6, ia_2_6_a, ia_2_8, sc_23_3 | NIST-CSF-1.1: ac_3, ac_7 | NIST-CSF-2.0: rr_1, po_4, ac_1, ac_6, ac_7, ip_1 | PCI-4.0: 8.4.1.4, 8.4.2.4, 8.4.3.4 | ProwlerThreatScore-1.0: 1.1.1 | SecNumCloud-3.2: 9.5"", ""CATEGORIES"": ""identity-access"", ""DEPENDS_ON"": NaN, ""RELATED_TO"": NaN, ""NOTES"": NaN, ""PROWLER_VERSION"": ""5.42.0"", ""ADDITIONAL_URLS"": ""https://docs.aws.amazon.com/IAM/latest/UserGuide/id_root-user.html#id_root-user_manage_mfa"", ""ACCOUNT_OU_UID"": NaN, ""ACCOUNT_OU_NAME"": NaN}"
Prowler,prowler-aws-iam_rotate_access_key_90_days-012092091624-ap-south-1-<root_account>,arn:aws:iam::012092091624:root,<root_account>,aws_78ca40ff6af6627b,Cloud/IAM Configuration,IAM user does not have active access keys older than 90 days,medium,PASS,"**IAM user access keys** are assessed via the credential report. For each active key, the `last_rotated` timestamp is compared to `90 days`; keys exceeding this age are identified. Users without keys or with only recent rotations are noted.",,,,,effective,ap-south-1,2026-09-16 18:14:43.448493,"Apply **least privilege** and limit static credentials:
- Rotate active access keys at or before `90 days`
- Prefer **IAM roles** with short-lived tokens
- Maintain only one active key during rotation; delete the old one
- Monitor `last_used` and remove dormant keys
- Automate alerts and periodic reviews of key age","{""AUTH_METHOD"": ""profile: None"", ""TIMESTAMP"": ""2026-09-16 18:14:43.448493"", ""ACCOUNT_UID"": 12092091624, ""ACCOUNT_NAME"": NaN, ""ACCOUNT_EMAIL"": NaN, ""ACCOUNT_ORGANIZATION_UID"": NaN, ""ACCOUNT_ORGANIZATION_NAME"": NaN, ""ACCOUNT_TAGS"": NaN, ""FINDING_UID"": ""prowler-aws-iam_rotate_access_key_90_days-012092091624-ap-south-1-<root_account>"", ""PROVIDER"": ""aws"", ""CHECK_ID"": ""iam_rotate_access_key_90_days"", ""CHECK_TITLE"": ""IAM user does not have active access keys older than 90 days"", ""CHECK_TYPE"": ""Software and Configuration Checks/AWS Security Best Practices | Software and Configuration Checks/Industry and Regulatory Standards/AWS Foundational Security Best Practices | Software and Configuration Checks/Industry and Regulatory Standards/CIS AWS Foundations Benchmark"", ""STATUS"": ""PASS"", ""STATUS_EXTENDED"": ""User <root_account> does not have access keys."", ""MUTED"": false, ""SERVICE_NAME"": ""iam"", ""SUBSERVICE_NAME"": NaN, ""SEVERITY"": ""medium"", ""RESOURCE_TYPE"": ""AwsIamUser"", ""RESOURCE_UID"": ""arn:aws:iam::012092091624:root"", ""RESOURCE_NAME"": ""<root_account>"", ""RESOURCE_DETAILS"": NaN, ""RESOURCE_TAGS"": NaN, ""PARTITION"": ""aws"", ""REGION"": ""ap-south-1"", ""DESCRIPTION"": ""**IAM user access keys** are assessed via the credential report. For each active key, the `last_rotated` timestamp is compared to `90 days`; keys exceeding this age are identified. Users without keys or with only recent rotations are noted."", ""RISK"": ""Long-lived access keys widen the attack window. If a key is leaked in code, logs, or tooling, lack of rotation keeps it valid for abuse, enabling unauthorized API calls, data exfiltration, and tampering. This degrades **confidentiality** and **integrity** and can impact **availability** and cost through destructive or excessive operations."", ""RELATED_URL"": NaN, ""REMEDIATION_RECOMMENDATION_TEXT"": ""Apply **least privilege** and limit static credentials:\r\n- Rotate active access keys at or before `90 days`\r\n- Prefer **IAM roles** with short-lived tokens\r\n- Maintain only one active key during rotation; delete the old one\r\n- Monitor `last_used` and remove dormant keys\r\n- Automate alerts and periodic reviews of key age"", ""REMEDIATION_RECOMMENDATION_URL"": ""https://hub.prowler.com/check/iam_rotate_access_key_90_days"", ""REMEDIATION_CODE_NATIVEIAC"": NaN, ""REMEDIATION_CODE_TERRAFORM"": ""```hcl\r\nresource \""aws_iam_access_key\"" \""<example_resource_name>\"" {\r\n  user   = \""<example_resource_name>\""\r\n  status = \""Inactive\"" # Critical: disables the access key to ensure no active key is older than 90 days\r\n}\r\n```"", ""REMEDIATION_CODE_CLI"": ""aws iam update-access-key --user-name <USER_NAME> --access-key-id <ACCESS_KEY_ID> --status Inactive"", ""REMEDIATION_CODE_OTHER"": ""1. Open the IAM console and go to Users\r\n2. Select the affected user\r\n3. Open the Security credentials tab\r\n4. Under Access keys, find any key older than 90 days\r\n5. Click Actions > Deactivate (or Delete) for that key\r\n6. Repeat for any other active keys older than 90 days"", ""COMPLIANCE"": ""AWS-AI-Security-Framework-1.0: AISF-IAM-03 | AWS-Foundational-Security-Best-Practices: IAM.3 | AWS-Foundational-Technical-Review: IAM-002, IAM-0012 | AWS-Well-Architected-Framework-Security-Pillar: SEC02-BP02, SEC02-BP05 | C5-2025: IAM-10.01B, CRY-03.01B, CRY-09.02B | CCC-v2025.10: CCC.IAM.CN06.AR01 | CISA: your-systems-3 | CIS-1.4: 1.14 | CIS-1.5: 1.14 | CIS-2.0: 1.14 | CIS-3.0: 1.14 | CIS-4.0.1: 1.14 | CIS-5.0: 1.13 | CIS-6.0: 2.13 | CIS-7.0: 2.12 | ENS-RD2022: op.acc.6.aws.iam.2, op.acc.6.aws.iam.3 | FedRAMP-20x-KSI-Low-25.05C: ksi-iam, ksi-iam-07 | FedRAMP-Low-Revision-4: ac-2 | FedRamp-Moderate-Revision-4: ac-2-1, ac-2-f, ac-2-j | FFIEC: d3-pc-am-b-6 | GDPR: article_25 | GxP-21-CFR-Part-11: 11.10-d, 11.10-g, 11.200, 11.300-b | HIPAA: 164_308_a_3_ii_c, 164_308_a_4_ii_c, 164_308_a_5_ii_d | ISO27001-2013: A.9.2.L, A.9.3.I, A.9.4.L | ISO27001-2022: A.5.15 | KISA-ISMS-P-2023: 2.7.2, 2.10.2 | KISA-ISMS-P-2023-korean: 2.7.2, 2.10.2 | MITRE-ATTACK: T1078, T1550, T1110 | NIS2: 1.1.1.d, 1.1.2, 2.1.4, 2.3.1, 3.1.3, 6.2.4, 9.2.c, 9.2.c.xii, 11.6.2.c | NIST-800-53-Revision-4: ac_2_1, ac_2 | NIST-800-53-Revision-5: ac_2_1, ac_3_3, ac_3_3_a, ac_3_3_b_1, ac_3_3_b_2, ac_3_3_b_3, ac_3_3_b_4, ac_3_3_b_5, ac_3_3_c, ac_3_4, ac_3_4_a, ac_3_4_b, ac_3_4_c, ac_3_4_d, ac_3_4_e, ac_3_8, ac_3_12_a, ac_3_13, ac_3_15_a, ac_3_15_b, ac_4_28, ac_24, cm_5_1_a, cm_6_a, cm_9_b, sc_23_3 | NIST-CSF-1.1: ac_1 | NIST-CSF-2.0: ac_6 | PCI-4.0: 8.3.10.1.1, 8.3.5.1, 8.3.7.1, 8.3.9.1, 8.6.3.1 | ProwlerThreatScore-1.0: 1.1.11 | SecNumCloud-3.2: 9.4"", ""CATEGORIES"": ""secrets"", ""DEPENDS_ON"": NaN, ""RELATED_TO"": NaN, ""NOTES"": NaN, ""PROWLER_VERSION"": ""5.42.0"", ""ADDITIONAL_URLS"": ""https://docs.aws.amazon.com/IAM/latest/UserGuide/id_credentials_getting-report.html | https://www.trendmicro.com/trendaivisiononecloudriskmanagement/knowledge-base/aws/IAM/access-keys-rotated-90-days.html"", ""ACCOUNT_OU_UID"": NaN, ""ACCOUNT_OU_NAME"": NaN}"
Prowler,prowler-aws-iam_rotate_access_key_90_days-012092091624-ap-south-1-BedrockAPIKey-z90x,arn:aws:iam::012092091624:user/BedrockAPIKey-z90x,BedrockAPIKey-z90x,aws_5f74cb79eab06b88,Cloud/IAM Configuration,IAM user does not have active access keys older than 90 days,medium,PASS,"**IAM user access keys** are assessed via the credential report. For each active key, the `last_rotated` timestamp is compared to `90 days`; keys exceeding this age are identified. Users without keys or with only recent rotations are noted.",,,,,effective,ap-south-1,2026-09-16 18:14:43.448493,"Apply **least privilege** and limit static credentials:
- Rotate active access keys at or before `90 days`
- Prefer **IAM roles** with short-lived tokens
- Maintain only one active key during rotation; delete the old one
- Monitor `last_used` and remove dormant keys
- Automate alerts and periodic reviews of key age","{""AUTH_METHOD"": ""profile: None"", ""TIMESTAMP"": ""2026-09-16 18:14:43.448493"", ""ACCOUNT_UID"": 12092091624, ""ACCOUNT_NAME"": NaN, ""ACCOUNT_EMAIL"": NaN, ""ACCOUNT_ORGANIZATION_UID"": NaN, ""ACCOUNT_ORGANIZATION_NAME"": NaN, ""ACCOUNT_TAGS"": NaN, ""FINDING_UID"": ""prowler-aws-iam_rotate_access_key_90_days-012092091624-ap-south-1-BedrockAPIKey-z90x"", ""PROVIDER"": ""aws"", ""CHECK_ID"": ""iam_rotate_access_key_90_days"", ""CHECK_TITLE"": ""IAM user does not have active access keys older than 90 days"", ""CHECK_TYPE"": ""Software and Configuration Checks/AWS Security Best Practices | Software and Configuration Checks/Industry and Regulatory Standards/AWS Foundational Security Best Practices | Software and Configuration Checks/Industry and Regulatory Standards/CIS AWS Foundations Benchmark"", ""STATUS"": ""PASS"", ""STATUS_EXTENDED"": ""User BedrockAPIKey-z90x does not have access keys."", ""MUTED"": false, ""SERVICE_NAME"": ""iam"", ""SUBSERVICE_NAME"": NaN, ""SEVERITY"": ""medium"", ""RESOURCE_TYPE"": ""AwsIamUser"", ""RESOURCE_UID"": ""arn:aws:iam::012092091624:user/BedrockAPIKey-z90x"", ""RESOURCE_NAME"": ""BedrockAPIKey-z90x"", ""RESOURCE_DETAILS"": NaN, ""RESOURCE_TAGS"": NaN, ""PARTITION"": ""aws"", ""REGION"": ""ap-south-1"", ""DESCRIPTION"": ""**IAM user access keys** are assessed via the credential report. For each active key, the `last_rotated` timestamp is compared to `90 days`; keys exceeding this age are identified. Users without keys or with only recent rotations are noted."", ""RISK"": ""Long-lived access keys widen the attack window. If a key is leaked in code, logs, or tooling, lack of rotation keeps it valid for abuse, enabling unauthorized API calls, data exfiltration, and tampering. This degrades **confidentiality** and **integrity** and can impact **availability** and cost through destructive or excessive operations."", ""RELATED_URL"": NaN, ""REMEDIATION_RECOMMENDATION_TEXT"": ""Apply **least privilege** and limit static credentials:\r\n- Rotate active access keys at or before `90 days`\r\n- Prefer **IAM roles** with short-lived tokens\r\n- Maintain only one active key during rotation; delete the old one\r\n- Monitor `last_used` and remove dormant keys\r\n- Automate alerts and periodic reviews of key age"", ""REMEDIATION_RECOMMENDATION_URL"": ""https://hub.prowler.com/check/iam_rotate_access_key_90_days"", ""REMEDIATION_CODE_NATIVEIAC"": NaN, ""REMEDIATION_CODE_TERRAFORM"": ""```hcl\r\nresource \""aws_iam_access_key\"" \""<example_resource_name>\"" {\r\n  user   = \""<example_resource_name>\""\r\n  status = \""Inactive\"" # Critical: disables the access key to ensure no active key is older than 90 days\r\n}\r\n```"", ""REMEDIATION_CODE_CLI"": ""aws iam update-access-key --user-name <USER_NAME> --access-key-id <ACCESS_KEY_ID> --status Inactive"", ""REMEDIATION_CODE_OTHER"": ""1. Open the IAM console and go to Users\r\n2. Select the affected user\r\n3. Open the Security credentials tab\r\n4. Under Access keys, find any key older than 90 days\r\n5. Click Actions > Deactivate (or Delete) for that key\r\n6. Repeat for any other active keys older than 90 days"", ""COMPLIANCE"": ""AWS-AI-Security-Framework-1.0: AISF-IAM-03 | AWS-Foundational-Security-Best-Practices: IAM.3 | AWS-Foundational-Technical-Review: IAM-002, IAM-0012 | AWS-Well-Architected-Framework-Security-Pillar: SEC02-BP02, SEC02-BP05 | C5-2025: IAM-10.01B, CRY-03.01B, CRY-09.02B | CCC-v2025.10: CCC.IAM.CN06.AR01 | CISA: your-systems-3 | CIS-1.4: 1.14 | CIS-1.5: 1.14 | CIS-2.0: 1.14 | CIS-3.0: 1.14 | CIS-4.0.1: 1.14 | CIS-5.0: 1.13 | CIS-6.0: 2.13 | CIS-7.0: 2.12 | ENS-RD2022: op.acc.6.aws.iam.2, op.acc.6.aws.iam.3 | FedRAMP-20x-KSI-Low-25.05C: ksi-iam, ksi-iam-07 | FedRAMP-Low-Revision-4: ac-2 | FedRamp-Moderate-Revision-4: ac-2-1, ac-2-f, ac-2-j | FFIEC: d3-pc-am-b-6 | GDPR: article_25 | GxP-21-CFR-Part-11: 11.10-d, 11.10-g, 11.200, 11.300-b | HIPAA: 164_308_a_3_ii_c, 164_308_a_4_ii_c, 164_308_a_5_ii_d | ISO27001-2013: A.9.2.L, A.9.3.I, A.9.4.L | ISO27001-2022: A.5.15 | KISA-ISMS-P-2023: 2.7.2, 2.10.2 | KISA-ISMS-P-2023-korean: 2.7.2, 2.10.2 | MITRE-ATTACK: T1078, T1550, T1110 | NIS2: 1.1.1.d, 1.1.2, 2.1.4, 2.3.1, 3.1.3, 6.2.4, 9.2.c, 9.2.c.xii, 11.6.2.c | NIST-800-53-Revision-4: ac_2_1, ac_2 | NIST-800-53-Revision-5: ac_2_1, ac_3_3, ac_3_3_a, ac_3_3_b_1, ac_3_3_b_2, ac_3_3_b_3, ac_3_3_b_4, ac_3_3_b_5, ac_3_3_c, ac_3_4, ac_3_4_a, ac_3_4_b, ac_3_4_c, ac_3_4_d, ac_3_4_e, ac_3_8, ac_3_12_a, ac_3_13, ac_3_15_a, ac_3_15_b, ac_4_28, ac_24, cm_5_1_a, cm_6_a, cm_9_b, sc_23_3 | NIST-CSF-1.1: ac_1 | NIST-CSF-2.0: ac_6 | PCI-4.0: 8.3.10.1.1, 8.3.5.1, 8.3.7.1, 8.3.9.1, 8.6.3.1 | ProwlerThreatScore-1.0: 1.1.11 | SecNumCloud-3.2: 9.4"", ""CATEGORIES"": ""secrets"", ""DEPENDS_ON"": NaN, ""RELATED_TO"": NaN, ""NOTES"": NaN, ""PROWLER_VERSION"": ""5.42.0"", ""ADDITIONAL_URLS"": ""https://docs.aws.amazon.com/IAM/latest/UserGuide/id_credentials_getting-report.html | https://www.trendmicro.com/trendaivisiononecloudriskmanagement/knowledge-base/aws/IAM/access-keys-rotated-90-days.html"", ""ACCOUNT_OU_UID"": NaN, ""ACCOUNT_OU_NAME"": NaN}"
Prowler,prowler-aws-iam_rotate_access_key_90_days-012092091624-ap-south-1-ProwlerUser,arn:aws:iam::012092091624:user/ProwlerUser,ProwlerUser,aws_03a34f0addac2237,Cloud/IAM Configuration,IAM user does not have active access keys older than 90 days,medium,PASS,"**IAM user access keys** are assessed via the credential report. For each active key, the `last_rotated` timestamp is compared to `90 days`; keys exceeding this age are identified. Users without keys or with only recent rotations are noted.",,,,,effective,ap-south-1,2026-09-16 18:14:43.448493,"Apply **least privilege** and limit static credentials:
- Rotate active access keys at or before `90 days`
- Prefer **IAM roles** with short-lived tokens
- Maintain only one active key during rotation; delete the old one
- Monitor `last_used` and remove dormant keys
- Automate alerts and periodic reviews of key age","{""AUTH_METHOD"": ""profile: None"", ""TIMESTAMP"": ""2026-09-16 18:14:43.448493"", ""ACCOUNT_UID"": 12092091624, ""ACCOUNT_NAME"": NaN, ""ACCOUNT_EMAIL"": NaN, ""ACCOUNT_ORGANIZATION_UID"": NaN, ""ACCOUNT_ORGANIZATION_NAME"": NaN, ""ACCOUNT_TAGS"": NaN, ""FINDING_UID"": ""prowler-aws-iam_rotate_access_key_90_days-012092091624-ap-south-1-ProwlerUser"", ""PROVIDER"": ""aws"", ""CHECK_ID"": ""iam_rotate_access_key_90_days"", ""CHECK_TITLE"": ""IAM user does not have active access keys older than 90 days"", ""CHECK_TYPE"": ""Software and Configuration Checks/AWS Security Best Practices | Software and Configuration Checks/Industry and Regulatory Standards/AWS Foundational Security Best Practices | Software and Configuration Checks/Industry and Regulatory Standards/CIS AWS Foundations Benchmark"", ""STATUS"": ""PASS"", ""STATUS_EXTENDED"": ""User ProwlerUser does not have access keys older than 90 days."", ""MUTED"": false, ""SERVICE_NAME"": ""iam"", ""SUBSERVICE_NAME"": NaN, ""SEVERITY"": ""medium"", ""RESOURCE_TYPE"": ""AwsIamUser"", ""RESOURCE_UID"": ""arn:aws:iam::012092091624:user/ProwlerUser"", ""RESOURCE_NAME"": ""ProwlerUser"", ""RESOURCE_DETAILS"": NaN, ""RESOURCE_TAGS"": ""AKIAQFUF6VTUPW6NS5HX=CyberFinGuard Prowler | AKIAQFUF6VTUPNFKUEFD=CyberFinGuard Prowler | AKIAQFUF6VTUJRVR7VHD=AWS security audit user for Prowler"", ""PARTITION"": ""aws"", ""REGION"": ""ap-south-1"", ""DESCRIPTION"": ""**IAM user access keys** are assessed via the credential report. For each active key, the `last_rotated` timestamp is compared to `90 days`; keys exceeding this age are identified. Users without keys or with only recent rotations are noted."", ""RISK"": ""Long-lived access keys widen the attack window. If a key is leaked in code, logs, or tooling, lack of rotation keeps it valid for abuse, enabling unauthorized API calls, data exfiltration, and tampering. This degrades **confidentiality** and **integrity** and can impact **availability** and cost through destructive or excessive operations."", ""RELATED_URL"": NaN, ""REMEDIATION_RECOMMENDATION_TEXT"": ""Apply **least privilege** and limit static credentials:\r\n- Rotate active access keys at or before `90 days`\r\n- Prefer **IAM roles** with short-lived tokens\r\n- Maintain only one active key during rotation; delete the old one\r\n- Monitor `last_used` and remove dormant keys\r\n- Automate alerts and periodic reviews of key age"", ""REMEDIATION_RECOMMENDATION_URL"": ""https://hub.prowler.com/check/iam_rotate_access_key_90_days"", ""REMEDIATION_CODE_NATIVEIAC"": NaN, ""REMEDIATION_CODE_TERRAFORM"": ""```hcl\r\nresource \""aws_iam_access_key\"" \""<example_resource_name>\"" {\r\n  user   = \""<example_resource_name>\""\r\n  status = \""Inactive\"" # Critical: disables the access key to ensure no active key is older than 90 days\r\n}\r\n```"", ""REMEDIATION_CODE_CLI"": ""aws iam update-access-key --user-name <USER_NAME> --access-key-id <ACCESS_KEY_ID> --status Inactive"", ""REMEDIATION_CODE_OTHER"": ""1. Open the IAM console and go to Users\r\n2. Select the affected user\r\n3. Open the Security credentials tab\r\n4. Under Access keys, find any key older than 90 days\r\n5. Click Actions > Deactivate (or Delete) for that key\r\n6. Repeat for any other active keys older than 90 days"", ""COMPLIANCE"": ""AWS-AI-Security-Framework-1.0: AISF-IAM-03 | AWS-Foundational-Security-Best-Practices: IAM.3 | AWS-Foundational-Technical-Review: IAM-002, IAM-0012 | AWS-Well-Architected-Framework-Security-Pillar: SEC02-BP02, SEC02-BP05 | C5-2025: IAM-10.01B, CRY-03.01B, CRY-09.02B | CCC-v2025.10: CCC.IAM.CN06.AR01 | CISA: your-systems-3 | CIS-1.4: 1.14 | CIS-1.5: 1.14 | CIS-2.0: 1.14 | CIS-3.0: 1.14 | CIS-4.0.1: 1.14 | CIS-5.0: 1.13 | CIS-6.0: 2.13 | CIS-7.0: 2.12 | ENS-RD2022: op.acc.6.aws.iam.2, op.acc.6.aws.iam.3 | FedRAMP-20x-KSI-Low-25.05C: ksi-iam, ksi-iam-07 | FedRAMP-Low-Revision-4: ac-2 | FedRamp-Moderate-Revision-4: ac-2-1, ac-2-f, ac-2-j | FFIEC: d3-pc-am-b-6 | GDPR: article_25 | GxP-21-CFR-Part-11: 11.10-d, 11.10-g, 11.200, 11.300-b | HIPAA: 164_308_a_3_ii_c, 164_308_a_4_ii_c, 164_308_a_5_ii_d | ISO27001-2013: A.9.2.L, A.9.3.I, A.9.4.L | ISO27001-2022: A.5.15 | KISA-ISMS-P-2023: 2.7.2, 2.10.2 | KISA-ISMS-P-2023-korean: 2.7.2, 2.10.2 | MITRE-ATTACK: T1078, T1550, T1110 | NIS2: 1.1.1.d, 1.1.2, 2.1.4, 2.3.1, 3.1.3, 6.2.4, 9.2.c, 9.2.c.xii, 11.6.2.c | NIST-800-53-Revision-4: ac_2_1, ac_2 | NIST-800-53-Revision-5: ac_2_1, ac_3_3, ac_3_3_a, ac_3_3_b_1, ac_3_3_b_2, ac_3_3_b_3, ac_3_3_b_4, ac_3_3_b_5, ac_3_3_c, ac_3_4, ac_3_4_a, ac_3_4_b, ac_3_4_c, ac_3_4_d, ac_3_4_e, ac_3_8, ac_3_12_a, ac_3_13, ac_3_15_a, ac_3_15_b, ac_4_28, ac_24, cm_5_1_a, cm_6_a, cm_9_b, sc_23_3 | NIST-CSF-1.1: ac_1 | NIST-CSF-2.0: ac_6 | PCI-4.0: 8.3.10.1.1, 8.3.5.1, 8.3.7.1, 8.3.9.1, 8.6.3.1 | ProwlerThreatScore-1.0: 1.1.11 | SecNumCloud-3.2: 9.4"", ""CATEGORIES"": ""secrets"", ""DEPENDS_ON"": NaN, ""RELATED_TO"": NaN, ""NOTES"": NaN, ""PROWLER_VERSION"": ""5.42.0"", ""ADDITIONAL_URLS"": ""https://docs.aws.amazon.com/IAM/latest/UserGuide/id_credentials_getting-report.html | https://www.trendmicro.com/trendaivisiononecloudriskmanagement/knowledge-base/aws/IAM/access-keys-rotated-90-days.html"", ""ACCOUNT_OU_UID"": NaN, ""ACCOUNT_OU_NAME"": NaN}"
Prowler,prowler-aws-iam_securityaudit_role_created-012092091624-ap-south-1-SecurityAudit,arn:aws:iam::aws:policy/SecurityAudit,SecurityAudit,aws_ecbfb9d76baaf68f,Cloud/IAM Configuration,At least one IAM role has the SecurityAudit AWS managed policy attached,low,FAIL,**IAM roles** with the AWS managed `SecurityAudit` policy (`arn:aws:iam::aws:policy/SecurityAudit`) are identified. The focus is on whether a role exists that grants read-only visibility into security-relevant configuration across AWS services.,,,,,ineffective,ap-south-1,2026-09-16 18:14:43.448493,"Establish a dedicated **audit role** and attach the AWS managed `SecurityAudit` policy. Enforce **least privilege** and **separation of duties**: restrict who can assume it, require **MFA**, monitor usage, and avoid write permissions. Prefer **federated access** and regularly review and rotate access.","{""AUTH_METHOD"": ""profile: None"", ""TIMESTAMP"": ""2026-09-16 18:14:43.448493"", ""ACCOUNT_UID"": 12092091624, ""ACCOUNT_NAME"": NaN, ""ACCOUNT_EMAIL"": NaN, ""ACCOUNT_ORGANIZATION_UID"": NaN, ""ACCOUNT_ORGANIZATION_NAME"": NaN, ""ACCOUNT_TAGS"": NaN, ""FINDING_UID"": ""prowler-aws-iam_securityaudit_role_created-012092091624-ap-south-1-SecurityAudit"", ""PROVIDER"": ""aws"", ""CHECK_ID"": ""iam_securityaudit_role_created"", ""CHECK_TITLE"": ""At least one IAM role has the SecurityAudit AWS managed policy attached"", ""CHECK_TYPE"": ""Software and Configuration Checks/AWS Security Best Practices | Software and Configuration Checks/Industry and Regulatory Standards/AWS Foundational Security Best Practices | Software and Configuration Checks/Industry and Regulatory Standards/CIS AWS Foundations Benchmark"", ""STATUS"": ""FAIL"", ""STATUS_EXTENDED"": ""SecurityAudit policy is not attached to any role."", ""MUTED"": false, ""SERVICE_NAME"": ""iam"", ""SUBSERVICE_NAME"": NaN, ""SEVERITY"": ""low"", ""RESOURCE_TYPE"": ""AwsIamPolicy"", ""RESOURCE_UID"": ""arn:aws:iam::aws:policy/SecurityAudit"", ""RESOURCE_NAME"": ""SecurityAudit"", ""RESOURCE_DETAILS"": NaN, ""RESOURCE_TAGS"": NaN, ""PARTITION"": ""aws"", ""REGION"": ""ap-south-1"", ""DESCRIPTION"": ""**IAM roles** with the AWS managed `SecurityAudit` policy (`arn:aws:iam::aws:policy/SecurityAudit`) are identified. The focus is on whether a role exists that grants read-only visibility into security-relevant configuration across AWS services."", ""RISK"": ""Without a dedicated **read-only audit role**, security teams lack safe visibility into configs and logs, enabling **undetected misconfigurations**, slower incident triage, and reliance on over-privileged access. This erodes **confidentiality** and **integrity** by letting exposure persist unnoticed."", ""RELATED_URL"": NaN, ""REMEDIATION_RECOMMENDATION_TEXT"": ""Establish a dedicated **audit role** and attach the AWS managed `SecurityAudit` policy. Enforce **least privilege** and **separation of duties**: restrict who can assume it, require **MFA**, monitor usage, and avoid write permissions. Prefer **federated access** and regularly review and rotate access."", ""REMEDIATION_RECOMMENDATION_URL"": ""https://hub.prowler.com/check/iam_securityaudit_role_created"", ""REMEDIATION_CODE_NATIVEIAC"": ""```yaml\r\n# CloudFormation: create a minimal IAM role with SecurityAudit attached\r\nResources:\r\n  <example_resource_name>:\r\n    Type: AWS::IAM::Role\r\n    Properties:\r\n      AssumeRolePolicyDocument:\r\n        Version: '2012-10-17'\r\n        Statement:\r\n          - Effect: Allow\r\n            Principal:\r\n              AWS: arn:aws:iam::<example_account_id>:root\r\n            Action: sts:AssumeRole\r\n      ManagedPolicyArns:\r\n        - arn:aws:iam::aws:policy/SecurityAudit  # CRITICAL: attaches the AWS managed SecurityAudit policy to this role, satisfying the check\r\n```"", ""REMEDIATION_CODE_TERRAFORM"": ""```hcl\r\n# Minimal IAM role plus attachment of the AWS managed SecurityAudit policy\r\nresource \""aws_iam_role\"" \""example\"" {\r\n  name               = \""<example_resource_name>\""\r\n  assume_role_policy = <<POLICY\r\n{\r\n  \""Version\"": \""2012-10-17\"",\r\n  \""Statement\"": [\r\n    {\r\n      \""Effect\"": \""Allow\"",\r\n      \""Principal\"": { \""AWS\"": \""arn:aws:iam::<example_account_id>:root\"" },\r\n      \""Action\"": \""sts:AssumeRole\""\r\n    }\r\n  ]\r\n}\r\nPOLICY\r\n}\r\n\r\nresource \""aws_iam_role_policy_attachment\"" \""security_audit\"" {\r\n  role       = aws_iam_role.example.name\r\n  policy_arn = \""arn:aws:iam::aws:policy/SecurityAudit\"" # CRITICAL: attaches SecurityAudit to the role to pass the check\r\n}\r\n```"", ""REMEDIATION_CODE_CLI"": ""aws iam attach-role-policy --role-name <example_resource_name> --policy-arn arn:aws:iam::aws:policy/SecurityAudit"", ""REMEDIATION_CODE_OTHER"": ""1. In the AWS Console, go to IAM > Roles\r\n2. Open any existing role that is appropriate for read-only security auditing\r\n3. Click \""Add permissions\"" > \""Attach policies\""\r\n4. Search for \""SecurityAudit\"", check the box for the AWS managed policy named SecurityAudit\r\n5. Click \""Add permissions\"" to attach the policy (the account now has at least one role with SecurityAudit attached)"", ""COMPLIANCE"": ""C5-2025: OIS-02.01B, OIS-02.02B, OIS-04.01B, HR-04.01B, IAM-01.01B, IAM-01.04B, IAM-05.02B, IAM-06.06B, DEV-15.01B, SIM-01.02B, SIM-01.03B, COM-02.02B, COM-03.02B, INQ-02.01B, PSS-09.01AC | ENS-RD2022: op.acc.3.r2.aws.iam.1 | ISO27001-2022: A.5.3 | KISA-ISMS-P-2023: 2.5.1, 2.5.5, 2.5.6, 2.10.2 | KISA-ISMS-P-2023-korean: 2.5.1, 2.5.5, 2.5.6, 2.10.2 | NIS2: 1.2.4, 2.1.1, 2.1.2.a, 2.1.2.e, 2.1.2.f, 2.2.1, 2.3.1, 3.1.2.c, 3.1.3, 6.2.2.a, 7.2.d, 7.2.e, 7.2.f"", ""CATEGORIES"": ""identity-access"", ""DEPENDS_ON"": NaN, ""RELATED_TO"": NaN, ""NOTES"": NaN, ""PROWLER_VERSION"": ""5.42.0"", ""ADDITIONAL_URLS"": ""https://docs.aws.amazon.com/aws-managed-policy/latest/reference/SecurityAudit.html | https://docs.aws.amazon.com/IAM/latest/UserGuide/access_policies_job-functions.html#jf_security-auditor | https://docs.aws.amazon.com/IAM/latest/UserGuide/iam_example_iam_AttachRolePolicy_section.html"", ""ACCOUNT_OU_UID"": NaN, ""ACCOUNT_OU_NAME"": NaN}"
Prowler,prowler-aws-iam_support_role_created-012092091624-ap-south-1-012092091624,arn:aws:iam::aws:policy/AWSSupportAccess,012092091624,aws_f08ecb819c5af700,Cloud/IAM Configuration,At least one IAM role has the AWSSupportAccess managed policy attached,low,FAIL,"Presence of an **IAM role** that has the AWS managed `AWSSupportAccess` policy attached, designating a support role for interacting with **AWS Support Center** and related tooling.",,,,,ineffective,ap-south-1,2026-09-16 18:14:43.448493,"Create a dedicated IAM role for AWS Support with `AWSSupportAccess` and:
- Restrict who can assume it; require MFA and time-bound access
- Enforce **least privilege** and **separation of duties**
- Monitor usage via audit logs and review assignments regularly","{""AUTH_METHOD"": ""profile: None"", ""TIMESTAMP"": ""2026-09-16 18:14:43.448493"", ""ACCOUNT_UID"": 12092091624, ""ACCOUNT_NAME"": NaN, ""ACCOUNT_EMAIL"": NaN, ""ACCOUNT_ORGANIZATION_UID"": NaN, ""ACCOUNT_ORGANIZATION_NAME"": NaN, ""ACCOUNT_TAGS"": NaN, ""FINDING_UID"": ""prowler-aws-iam_support_role_created-012092091624-ap-south-1-012092091624"", ""PROVIDER"": ""aws"", ""CHECK_ID"": ""iam_support_role_created"", ""CHECK_TITLE"": ""At least one IAM role has the AWSSupportAccess managed policy attached"", ""CHECK_TYPE"": ""Software and Configuration Checks/Industry and Regulatory Standards/CIS AWS Foundations Benchmark"", ""STATUS"": ""FAIL"", ""STATUS_EXTENDED"": ""AWS Support Access policy is not attached to any role."", ""MUTED"": false, ""SERVICE_NAME"": ""iam"", ""SUBSERVICE_NAME"": NaN, ""SEVERITY"": ""low"", ""RESOURCE_TYPE"": ""AwsIamRole"", ""RESOURCE_UID"": ""arn:aws:iam::aws:policy/AWSSupportAccess"", ""RESOURCE_NAME"": ""012092091624"", ""RESOURCE_DETAILS"": NaN, ""RESOURCE_TAGS"": NaN, ""PARTITION"": ""aws"", ""REGION"": ""ap-south-1"", ""DESCRIPTION"": ""Presence of an **IAM role** that has the AWS managed `AWSSupportAccess` policy attached, designating a support role for interacting with **AWS Support Center** and related tooling."", ""RISK"": ""Without a dedicated support role:\r\n- Case creation and escalation can be delayed, prolonging outages (**availability**)\r\n- Teams may use admin/root, increasing blast radius (**confidentiality/integrity**)\r\n- Audit trails of support actions are weaker, hindering investigations"", ""RELATED_URL"": NaN, ""REMEDIATION_RECOMMENDATION_TEXT"": ""Create a dedicated IAM role for AWS Support with `AWSSupportAccess` and:\r\n- Restrict who can assume it; require MFA and time-bound access\r\n- Enforce **least privilege** and **separation of duties**\r\n- Monitor usage via audit logs and review assignments regularly"", ""REMEDIATION_RECOMMENDATION_URL"": ""https://hub.prowler.com/check/iam_support_role_created"", ""REMEDIATION_CODE_NATIVEIAC"": ""```yaml\r\n# CloudFormation: create a role with AWS Support access\r\nResources:\r\n  ExampleRole:\r\n    Type: AWS::IAM::Role\r\n    Properties:\r\n      AssumeRolePolicyDocument:\r\n        Version: '2012-10-17'\r\n        Statement:\r\n          - Effect: Allow\r\n            Principal:\r\n              AWS: arn:aws:iam::<example_account_id>:user/<example_resource_name>\r\n            Action: sts:AssumeRole\r\n      ManagedPolicyArns:\r\n        - arn:aws:iam::aws:policy/AWSSupportAccess  # Critical: attaches AWS Support access so at least one role has this policy (PASS)\r\n```"", ""REMEDIATION_CODE_TERRAFORM"": ""```hcl\r\n# IAM role with AWS Support access\r\nresource \""aws_iam_role\"" \""example_resource_name\"" {\r\n  name               = \""example_resource_name\""\r\n  assume_role_policy = jsonencode({\r\n    Version   = \""2012-10-17\"",\r\n    Statement = [{\r\n      Effect    = \""Allow\"",\r\n      Principal = { AWS = \""arn:aws:iam::<example_account_id>:user/<example_resource_name>\"" },\r\n      Action    = \""sts:AssumeRole\""\r\n    }]\r\n  })\r\n\r\n  managed_policy_arns = [\r\n    \""arn:aws:iam::aws:policy/AWSSupportAccess\""  # Critical: ensures this role has AWSSupportAccess (PASS)\r\n  ]\r\n}\r\n```"", ""REMEDIATION_CODE_CLI"": ""aws iam attach-role-policy --role-name <example_resource_name> --policy-arn arn:aws:iam::aws:policy/AWSSupportAccess"", ""REMEDIATION_CODE_OTHER"": ""1. In the AWS console, go to IAM > Roles\r\n2. Select any existing role you can use for support access\r\n3. Click Add permissions (or Attach policies)\r\n4. Search for \""AWSSupportAccess\"" and select it\r\n5. Click Attach policies to save\r\n\r\nThis immediately ensures at least one role has the AWSSupportAccess managed policy (PASS)."", ""COMPLIANCE"": ""AWS-Account-Security-Onboarding: Predefine IAM Roles | AWS-Well-Architected-Framework-Security-Pillar: SEC10-BP01 | C5-2025: OIS-02.01B, OIS-02.02B, HR-04.01B, OPS-13.02B, OPS-13.03AC, OPS-17.02B, OPS-24.01B, OPS-24.02B, IAM-01.01B, IAM-01.04B, IAM-06.06B, DEV-15.01B, SSO-05.06B, SIM-01.02B, SIM-01.03B | CIS-1.4: 1.17 | CIS-1.5: 1.17 | CIS-2.0: 1.17 | CIS-3.0: 1.17 | CIS-4.0.1: 1.17 | CIS-5.0: 1.16 | CIS-6.0: 2.16 | CIS-7.0: 2.15 | ENS-RD2022: op.acc.3.r1.aws.iam.1 | GDPR: article_25 | KISA-ISMS-P-2023: 2.5.1, 2.5.5, 2.5.6, 2.10.2, 2.11.1 | KISA-ISMS-P-2023-korean: 2.5.1, 2.5.5, 2.5.6, 2.10.2, 2.11.1 | NIS2: 2.1.1, 2.1.2.a, 2.2.1, 3.1.2.d, 4.3.2.a, 5.1.7.b | ProwlerThreatScore-1.0: 1.2.3"", ""CATEGORIES"": ""identity-access"", ""DEPENDS_ON"": NaN, ""RELATED_TO"": NaN, ""NOTES"": ""CAF Security Epic: IAM"", ""PROWLER_VERSION"": ""5.42.0"", ""ADDITIONAL_URLS"": ""https://docs.aws.amazon.com/awssupport/latest/user/using-service-linked-roles-sup.html | https://www.trendmicro.com/trendaivisiononecloudriskmanagement/knowledge-base/aws/IAM/support-role.html | https://icompaas.freshdesk.com/support/solutions/articles/62000081064-ensure-a-support-role-has-been-created-to-manage-incidents-with-aws-support | https://docs.aws.amazon.com/aws-managed-policy/latest/reference/AWSSupportAccess.html"", ""ACCOUNT_OU_UID"": NaN, ""ACCOUNT_OU_NAME"": NaN}"
Prowler,prowler-aws-iam_user_access_not_stale_to_bedrock-012092091624-ap-south-1-BedrockAPIKey-z90x,arn:aws:iam::012092091624:user/BedrockAPIKey-z90x,BedrockAPIKey-z90x,aws_5f74cb79eab06b88,Cloud/IAM Configuration,Regular Bedrock access ensures IAM users retain only actively used permissions,medium,FAIL,"IAM users granted **Bedrock** permissions are evaluated for recent service usage.

Users whose last Bedrock access exceeds the configured threshold (default **60 days**) or that have **never** accessed Bedrock are flagged, indicating stale permissions that should be reviewed.",,,,,ineffective,ap-south-1,2026-09-16 18:14:43.448493,"Apply the **principle of least privilege** by regularly reviewing IAM Access Advisor data and revoking Bedrock permissions that are no longer actively used.

Establish a periodic access review process and automate alerts for stale permissions to maintain a minimal attack surface.","{""AUTH_METHOD"": ""profile: None"", ""TIMESTAMP"": ""2026-09-16 18:14:43.448493"", ""ACCOUNT_UID"": 12092091624, ""ACCOUNT_NAME"": NaN, ""ACCOUNT_EMAIL"": NaN, ""ACCOUNT_ORGANIZATION_UID"": NaN, ""ACCOUNT_ORGANIZATION_NAME"": NaN, ""ACCOUNT_TAGS"": NaN, ""FINDING_UID"": ""prowler-aws-iam_user_access_not_stale_to_bedrock-012092091624-ap-south-1-BedrockAPIKey-z90x"", ""PROVIDER"": ""aws"", ""CHECK_ID"": ""iam_user_access_not_stale_to_bedrock"", ""CHECK_TITLE"": ""Regular Bedrock access ensures IAM users retain only actively used permissions"", ""CHECK_TYPE"": ""Software and Configuration Checks/AWS Security Best Practices"", ""STATUS"": ""FAIL"", ""STATUS_EXTENDED"": ""IAM User BedrockAPIKey-z90x has Bedrock permissions but has never used them."", ""MUTED"": false, ""SERVICE_NAME"": ""iam"", ""SUBSERVICE_NAME"": NaN, ""SEVERITY"": ""medium"", ""RESOURCE_TYPE"": ""AwsIamUser"", ""RESOURCE_UID"": ""arn:aws:iam::012092091624:user/BedrockAPIKey-z90x"", ""RESOURCE_NAME"": ""BedrockAPIKey-z90x"", ""RESOURCE_DETAILS"": NaN, ""RESOURCE_TAGS"": NaN, ""PARTITION"": ""aws"", ""REGION"": ""ap-south-1"", ""DESCRIPTION"": ""IAM users granted **Bedrock** permissions are evaluated for recent service usage.\r\n\r\nUsers whose last Bedrock access exceeds the configured threshold (default **60 days**) or that have **never** accessed Bedrock are flagged, indicating stale permissions that should be reviewed."", ""RISK"": ""Stale Bedrock permissions widen the **blast radius** of a credential compromise.\r\n\r\nAn attacker who gains access to a user with unused Bedrock permissions can invoke foundation models, exfiltrate data through model responses, or incur significant costs — all without triggering expected usage patterns."", ""RELATED_URL"": NaN, ""REMEDIATION_RECOMMENDATION_TEXT"": ""Apply the **principle of least privilege** by regularly reviewing IAM Access Advisor data and revoking Bedrock permissions that are no longer actively used.\r\n\r\nEstablish a periodic access review process and automate alerts for stale permissions to maintain a minimal attack surface."", ""REMEDIATION_RECOMMENDATION_URL"": ""https://hub.prowler.com/check/iam_user_access_not_stale_to_bedrock"", ""REMEDIATION_CODE_NATIVEIAC"": NaN, ""REMEDIATION_CODE_TERRAFORM"": NaN, ""REMEDIATION_CODE_CLI"": NaN, ""REMEDIATION_CODE_OTHER"": ""1. Open the IAM console and select the user\r\n2. Review the **Access Advisor** tab to confirm Bedrock has not been accessed recently\r\n3. Remove or detach any policies granting Bedrock permissions that are no longer needed\r\n4. If the user still requires Bedrock access, verify usage and reduce scope to least privilege"", ""COMPLIANCE"": ""AWS-AI-Security-Framework-1.0: AISF-IAM-05 | C5-2025: IAM-03.02B, IAM-10.01B | ENS-RD2022: op.acc.6.r7.aws.iam.1 | FedRAMP-20x-KSI-Low-25.05C: ksi-iam, ksi-iam-07 | FedRAMP-Low-Revision-4: ac-2 | FedRamp-Moderate-Revision-4: ac-2-1, ac-2-f, ac-2-j, ac-2-3, ac-6 | ISO27001-2013: A.9.2.M | ISO27001-2022: A.5.15 | MITRE-ATTACK: T1078 | NIS2: 11.5.4 | NIST-800-171-Revision-2: 3_1_1, 3_1_2, 3_1_5, 3_5_6 | NIST-800-53-Revision-4: ac_2_1, ac_2_3, ac_2, ac_6 | NIST-800-53-Revision-5: ac_2_1, ac_2_3_a, ac_2_3_b, ac_2_3_c, ac_2_3_d, ac_2_3, ac_2_g, ac_2_j, ac_3_8, ac_6 | NIST-CSF-1.1: ac_1, ac_4 | NIST-CSF-2.0: ac_1 | PCI-3.2.1: 8.1.4 | SecNumCloud-3.2: 9.2, 9.4"", ""CATEGORIES"": ""identity-access | gen-ai"", ""DEPENDS_ON"": NaN, ""RELATED_TO"": ""bedrock_api_key_no_administrative_privileges | bedrock_api_key_no_long_term_credentials"", ""NOTES"": ""The staleness threshold is configurable via the `max_unused_bedrock_access_days` audit config key (default: 60 days)."", ""PROWLER_VERSION"": ""5.42.0"", ""ADDITIONAL_URLS"": ""https://docs.aws.amazon.com/IAM/latest/UserGuide/access_policies_access-advisor.html | https://docs.aws.amazon.com/bedrock/latest/userguide/security-iam.html | https://docs.aws.amazon.com/IAM/latest/UserGuide/best-practices.html#remove-credentials"", ""ACCOUNT_OU_UID"": NaN, ""ACCOUNT_OU_NAME"": NaN}"
Prowler,prowler-aws-iam_user_access_not_stale_to_bedrock-012092091624-ap-south-1-ProwlerUser,arn:aws:iam::012092091624:user/ProwlerUser,ProwlerUser,aws_03a34f0addac2237,Cloud/IAM Configuration,Regular Bedrock access ensures IAM users retain only actively used permissions,medium,FAIL,"IAM users granted **Bedrock** permissions are evaluated for recent service usage.

Users whose last Bedrock access exceeds the configured threshold (default **60 days**) or that have **never** accessed Bedrock are flagged, indicating stale permissions that should be reviewed.",,,,,ineffective,ap-south-1,2026-09-16 18:14:43.448493,"Apply the **principle of least privilege** by regularly reviewing IAM Access Advisor data and revoking Bedrock permissions that are no longer actively used.

Establish a periodic access review process and automate alerts for stale permissions to maintain a minimal attack surface.","{""AUTH_METHOD"": ""profile: None"", ""TIMESTAMP"": ""2026-09-16 18:14:43.448493"", ""ACCOUNT_UID"": 12092091624, ""ACCOUNT_NAME"": NaN, ""ACCOUNT_EMAIL"": NaN, ""ACCOUNT_ORGANIZATION_UID"": NaN, ""ACCOUNT_ORGANIZATION_NAME"": NaN, ""ACCOUNT_TAGS"": NaN, ""FINDING_UID"": ""prowler-aws-iam_user_access_not_stale_to_bedrock-012092091624-ap-south-1-ProwlerUser"", ""PROVIDER"": ""aws"", ""CHECK_ID"": ""iam_user_access_not_stale_to_bedrock"", ""CHECK_TITLE"": ""Regular Bedrock access ensures IAM users retain only actively used permissions"", ""CHECK_TYPE"": ""Software and Configuration Checks/AWS Security Best Practices"", ""STATUS"": ""FAIL"", ""STATUS_EXTENDED"": ""IAM User ProwlerUser has Bedrock permissions but has never used them."", ""MUTED"": false, ""SERVICE_NAME"": ""iam"", ""SUBSERVICE_NAME"": NaN, ""SEVERITY"": ""medium"", ""RESOURCE_TYPE"": ""AwsIamUser"", ""RESOURCE_UID"": ""arn:aws:iam::012092091624:user/ProwlerUser"", ""RESOURCE_NAME"": ""ProwlerUser"", ""RESOURCE_DETAILS"": NaN, ""RESOURCE_TAGS"": ""AKIAQFUF6VTUPW6NS5HX=CyberFinGuard Prowler | AKIAQFUF6VTUPNFKUEFD=CyberFinGuard Prowler | AKIAQFUF6VTUJRVR7VHD=AWS security audit user for Prowler"", ""PARTITION"": ""aws"", ""REGION"": ""ap-south-1"", ""DESCRIPTION"": ""IAM users granted **Bedrock** permissions are evaluated for recent service usage.\r\n\r\nUsers whose last Bedrock access exceeds the configured threshold (default **60 days**) or that have **never** accessed Bedrock are flagged, indicating stale permissions that should be reviewed."", ""RISK"": ""Stale Bedrock permissions widen the **blast radius** of a credential compromise.\r\n\r\nAn attacker who gains access to a user with unused Bedrock permissions can invoke foundation models, exfiltrate data through model responses, or incur significant costs — all without triggering expected usage patterns."", ""RELATED_URL"": NaN, ""REMEDIATION_RECOMMENDATION_TEXT"": ""Apply the **principle of least privilege** by regularly reviewing IAM Access Advisor data and revoking Bedrock permissions that are no longer actively used.\r\n\r\nEstablish a periodic access review process and automate alerts for stale permissions to maintain a minimal attack surface."", ""REMEDIATION_RECOMMENDATION_URL"": ""https://hub.prowler.com/check/iam_user_access_not_stale_to_bedrock"", ""REMEDIATION_CODE_NATIVEIAC"": NaN, ""REMEDIATION_CODE_TERRAFORM"": NaN, ""REMEDIATION_CODE_CLI"": NaN, ""REMEDIATION_CODE_OTHER"": ""1. Open the IAM console and select the user\r\n2. Review the **Access Advisor** tab to confirm Bedrock has not been accessed recently\r\n3. Remove or detach any policies granting Bedrock permissions that are no longer needed\r\n4. If the user still requires Bedrock access, verify usage and reduce scope to least privilege"", ""COMPLIANCE"": ""AWS-AI-Security-Framework-1.0: AISF-IAM-05 | C5-2025: IAM-03.02B, IAM-10.01B | ENS-RD2022: op.acc.6.r7.aws.iam.1 | FedRAMP-20x-KSI-Low-25.05C: ksi-iam, ksi-iam-07 | FedRAMP-Low-Revision-4: ac-2 | FedRamp-Moderate-Revision-4: ac-2-1, ac-2-f, ac-2-j, ac-2-3, ac-6 | ISO27001-2013: A.9.2.M | ISO27001-2022: A.5.15 | MITRE-ATTACK: T1078 | NIS2: 11.5.4 | NIST-800-171-Revision-2: 3_1_1, 3_1_2, 3_1_5, 3_5_6 | NIST-800-53-Revision-4: ac_2_1, ac_2_3, ac_2, ac_6 | NIST-800-53-Revision-5: ac_2_1, ac_2_3_a, ac_2_3_b, ac_2_3_c, ac_2_3_d, ac_2_3, ac_2_g, ac_2_j, ac_3_8, ac_6 | NIST-CSF-1.1: ac_1, ac_4 | NIST-CSF-2.0: ac_1 | PCI-3.2.1: 8.1.4 | SecNumCloud-3.2: 9.2, 9.4"", ""CATEGORIES"": ""identity-access | gen-ai"", ""DEPENDS_ON"": NaN, ""RELATED_TO"": ""bedrock_api_key_no_administrative_privileges | bedrock_api_key_no_long_term_credentials"", ""NOTES"": ""The staleness threshold is configurable via the `max_unused_bedrock_access_days` audit config key (default: 60 days)."", ""PROWLER_VERSION"": ""5.42.0"", ""ADDITIONAL_URLS"": ""https://docs.aws.amazon.com/IAM/latest/UserGuide/access_policies_access-advisor.html | https://docs.aws.amazon.com/bedrock/latest/userguide/security-iam.html | https://docs.aws.amazon.com/IAM/latest/UserGuide/best-practices.html#remove-credentials"", ""ACCOUNT_OU_UID"": NaN, ""ACCOUNT_OU_NAME"": NaN}"
Prowler,prowler-aws-iam_user_access_not_stale_to_sagemaker-012092091624-ap-south-1-ProwlerUser,arn:aws:iam::012092091624:user/ProwlerUser,ProwlerUser,aws_03a34f0addac2237,Cloud/IAM Configuration,Regular SageMaker access ensures IAM users retain only actively used permissions,medium,FAIL,"IAM users granted **SageMaker** permissions are evaluated for recent service usage.

Users whose last SageMaker access exceeds the configured threshold (default **90 days**) or that have **never** accessed SageMaker are flagged, indicating stale permissions that should be reviewed.",,,,,ineffective,ap-south-1,2026-09-16 18:14:43.448493,"Apply the **principle of least privilege** by regularly reviewing IAM Access Advisor data and revoking SageMaker permissions that are no longer actively used.

Establish a periodic access review process and automate alerts for stale permissions to maintain a minimal attack surface.","{""AUTH_METHOD"": ""profile: None"", ""TIMESTAMP"": ""2026-09-16 18:14:43.448493"", ""ACCOUNT_UID"": 12092091624, ""ACCOUNT_NAME"": NaN, ""ACCOUNT_EMAIL"": NaN, ""ACCOUNT_ORGANIZATION_UID"": NaN, ""ACCOUNT_ORGANIZATION_NAME"": NaN, ""ACCOUNT_TAGS"": NaN, ""FINDING_UID"": ""prowler-aws-iam_user_access_not_stale_to_sagemaker-012092091624-ap-south-1-ProwlerUser"", ""PROVIDER"": ""aws"", ""CHECK_ID"": ""iam_user_access_not_stale_to_sagemaker"", ""CHECK_TITLE"": ""Regular SageMaker access ensures IAM users retain only actively used permissions"", ""CHECK_TYPE"": ""Software and Configuration Checks/AWS Security Best Practices"", ""STATUS"": ""FAIL"", ""STATUS_EXTENDED"": ""IAM User ProwlerUser has SageMaker permissions but has never used them."", ""MUTED"": false, ""SERVICE_NAME"": ""iam"", ""SUBSERVICE_NAME"": NaN, ""SEVERITY"": ""medium"", ""RESOURCE_TYPE"": ""AwsIamUser"", ""RESOURCE_UID"": ""arn:aws:iam::012092091624:user/ProwlerUser"", ""RESOURCE_NAME"": ""ProwlerUser"", ""RESOURCE_DETAILS"": NaN, ""RESOURCE_TAGS"": ""AKIAQFUF6VTUPW6NS5HX=CyberFinGuard Prowler | AKIAQFUF6VTUPNFKUEFD=CyberFinGuard Prowler | AKIAQFUF6VTUJRVR7VHD=AWS security audit user for Prowler"", ""PARTITION"": ""aws"", ""REGION"": ""ap-south-1"", ""DESCRIPTION"": ""IAM users granted **SageMaker** permissions are evaluated for recent service usage.\r\n\r\nUsers whose last SageMaker access exceeds the configured threshold (default **90 days**) or that have **never** accessed SageMaker are flagged, indicating stale permissions that should be reviewed."", ""RISK"": ""Stale SageMaker permissions widen the **blast radius** of a credential compromise.\r\n\r\nAn attacker who gains access to a user with unused SageMaker permissions can access ML training data, models, endpoints, and notebooks — all without triggering expected usage patterns. Removing or scoping down stale permissions enforces least privilege and limits blast radius."", ""RELATED_URL"": NaN, ""REMEDIATION_RECOMMENDATION_TEXT"": ""Apply the **principle of least privilege** by regularly reviewing IAM Access Advisor data and revoking SageMaker permissions that are no longer actively used.\r\n\r\nEstablish a periodic access review process and automate alerts for stale permissions to maintain a minimal attack surface."", ""REMEDIATION_RECOMMENDATION_URL"": ""https://hub.prowler.com/check/iam_user_access_not_stale_to_sagemaker"", ""REMEDIATION_CODE_NATIVEIAC"": NaN, ""REMEDIATION_CODE_TERRAFORM"": NaN, ""REMEDIATION_CODE_CLI"": NaN, ""REMEDIATION_CODE_OTHER"": ""1. Open the IAM console and select the user\r\n2. Review the **Access Advisor** tab to confirm SageMaker has not been accessed recently\r\n3. Remove or detach any policies granting SageMaker permissions that are no longer needed\r\n4. If the user still requires SageMaker access, verify usage and reduce scope to least privilege"", ""COMPLIANCE"": ""C5-2025: IAM-03.02B, IAM-10.01B | ENS-RD2022: op.acc.6.r7.aws.iam.1 | FedRAMP-20x-KSI-Low-25.05C: ksi-iam, ksi-iam-07 | FedRAMP-Low-Revision-4: ac-2 | FedRamp-Moderate-Revision-4: ac-2-1, ac-2-f, ac-2-j, ac-2-3, ac-6 | ISO27001-2013: A.9.2.M | ISO27001-2022: A.5.15 | MITRE-ATTACK: T1078 | NIS2: 11.5.4 | NIST-800-171-Revision-2: 3_1_1, 3_1_2, 3_1_5, 3_5_6 | NIST-800-53-Revision-4: ac_2_1, ac_2_3, ac_2, ac_6 | NIST-800-53-Revision-5: ac_2_1, ac_2_3_a, ac_2_3_b, ac_2_3_c, ac_2_3_d, ac_2_3, ac_2_g, ac_2_j, ac_3_8, ac_6 | NIST-CSF-1.1: ac_1, ac_4 | NIST-CSF-2.0: ac_1 | PCI-3.2.1: 8.1.4 | SecNumCloud-3.2: 9.2, 9.4"", ""CATEGORIES"": ""identity-access"", ""DEPENDS_ON"": NaN, ""RELATED_TO"": ""iam_user_access_not_stale_to_bedrock"", ""NOTES"": ""The staleness threshold is configurable via the `max_unused_sagemaker_access_days` audit config key (default: 90 days)."", ""PROWLER_VERSION"": ""5.42.0"", ""ADDITIONAL_URLS"": ""https://docs.aws.amazon.com/IAM/latest/UserGuide/access_policies_access-advisor.html | https://docs.aws.amazon.com/sagemaker/latest/dg/security-iam.html | https://docs.aws.amazon.com/IAM/latest/UserGuide/best-practices.html#remove-credentials"", ""ACCOUNT_OU_UID"": NaN, ""ACCOUNT_OU_NAME"": NaN}"
Prowler,prowler-aws-iam_user_accesskey_unused-012092091624-ap-south-1-<root_account>,arn:aws:iam::012092091624:root,<root_account>,aws_78ca40ff6af6627b,Cloud/IAM Configuration,IAM user does not have unused access keys older than 45 days,medium,PASS,"**IAM users** are evaluated for **active access keys** whose `last-used` timestamp exceeds `max_unused_access_keys_days` (default `45`). Users without access keys, or whose keys were used within this window, are reported separately.",,,,,effective,ap-south-1,2026-09-16 18:14:43.448493,"Disable or delete **unused access keys** promptly and prefer **IAM roles** with temporary credentials. Enforce **least privilege**, rotation, and time-bounded access. Monitor `last-used` metadata and automate deactivation of idle keys. Use federation/SSO to avoid long-lived user keys.","{""AUTH_METHOD"": ""profile: None"", ""TIMESTAMP"": ""2026-09-16 18:14:43.448493"", ""ACCOUNT_UID"": 12092091624, ""ACCOUNT_NAME"": NaN, ""ACCOUNT_EMAIL"": NaN, ""ACCOUNT_ORGANIZATION_UID"": NaN, ""ACCOUNT_ORGANIZATION_NAME"": NaN, ""ACCOUNT_TAGS"": NaN, ""FINDING_UID"": ""prowler-aws-iam_user_accesskey_unused-012092091624-ap-south-1-<root_account>"", ""PROVIDER"": ""aws"", ""CHECK_ID"": ""iam_user_accesskey_unused"", ""CHECK_TITLE"": ""IAM user does not have unused access keys older than 45 days"", ""CHECK_TYPE"": ""Software and Configuration Checks/AWS Security Best Practices | Software and Configuration Checks/Industry and Regulatory Standards/AWS Foundational Security Best Practices | Software and Configuration Checks/Industry and Regulatory Standards/CIS AWS Foundations Benchmark"", ""STATUS"": ""PASS"", ""STATUS_EXTENDED"": ""User <root_account> does not have access keys."", ""MUTED"": false, ""SERVICE_NAME"": ""iam"", ""SUBSERVICE_NAME"": NaN, ""SEVERITY"": ""medium"", ""RESOURCE_TYPE"": ""AwsIamUser"", ""RESOURCE_UID"": ""arn:aws:iam::012092091624:root"", ""RESOURCE_NAME"": ""<root_account>"", ""RESOURCE_DETAILS"": NaN, ""RESOURCE_TAGS"": NaN, ""PARTITION"": ""aws"", ""REGION"": ""ap-south-1"", ""DESCRIPTION"": ""**IAM users** are evaluated for **active access keys** whose `last-used` timestamp exceeds `max_unused_access_keys_days` (default `45`). Users without access keys, or whose keys were used within this window, are reported separately."", ""RISK"": ""Active yet unused keys expand the attack surface. If leaked, adversaries gain API access for data exfiltration, unauthorized changes, and resource abuse, harming **confidentiality**, **integrity**, and **availability**. Stale credentials also enable persistence and unexpected cost spikes."", ""RELATED_URL"": NaN, ""REMEDIATION_RECOMMENDATION_TEXT"": ""Disable or delete **unused access keys** promptly and prefer **IAM roles** with temporary credentials. Enforce **least privilege**, rotation, and time-bounded access. Monitor `last-used` metadata and automate deactivation of idle keys. Use federation/SSO to avoid long-lived user keys."", ""REMEDIATION_RECOMMENDATION_URL"": ""https://hub.prowler.com/check/iam_user_accesskey_unused"", ""REMEDIATION_CODE_NATIVEIAC"": NaN, ""REMEDIATION_CODE_TERRAFORM"": NaN, ""REMEDIATION_CODE_CLI"": ""aws iam update-access-key --user-name <USER_NAME> --access-key-id <ACCESS_KEY_ID> --status Inactive"", ""REMEDIATION_CODE_OTHER"": ""1. Sign in to the AWS console and open IAM\r\n2. Go to Users, select the affected user\r\n3. Open the Security credentials tab > Access keys\r\n4. For any key with Last used > 45 days, choose Deactivate (or Delete)\r\n5. Repeat for any additional unused keys over 45 days for the user"", ""COMPLIANCE"": ""AWS-AI-Security-Framework-1.0: AISF-IAM-03 | AWS-Foundational-Security-Best-Practices: IAM.8, IAM.22, IAM.26 | AWS-Foundational-Technical-Review: IAM-002, IAM-0012 | C5-2025: IAM-03.02B, IAM-03.03B, IAM-03.01AS, IAM-05.04B, IAM-10.01B, CRY-03.01B | CCC-v2025.10: CCC.IAM.CN07.AR01, CCC.IAM.CN08.AR01 | CISA: your-systems-3 | CIS-1.4: 1.12 | CIS-1.5: 1.12 | CIS-2.0: 1.12 | CIS-3.0: 1.12 | CIS-4.0.1: 1.12 | CIS-5.0: 1.11 | CIS-6.0: 2.11 | CIS-7.0: 2.11 | ENS-RD2022: op.acc.6.aws.iam.2, op.acc.6.aws.iam.3, op.acc.6.r7.aws.iam.1 | FedRAMP-20x-KSI-Low-25.05C: ksi-iam, ksi-iam-07 | FedRAMP-Low-Revision-4: ac-2, ac-3 | FedRamp-Moderate-Revision-4: ac-2-1, ac-2-f, ac-2-j, ac-2-3, ac-3, ac-5-c, ac-6 | FFIEC: d3-pc-am-b-6 | GDPR: article_25 | GxP-21-CFR-Part-11: 11.10-d, 11.10-g, 11.300-b | HIPAA: 164_308_a_3_ii_b, 164_308_a_4_ii_c, 164_308_a_5_ii_d | ISO27001-2013: A.9.2.M, A.9.3.J, A.9.4.M | ISO27001-2022: A.5.15 | KISA-ISMS-P-2023: 2.7.2, 2.10.2 | KISA-ISMS-P-2023-korean: 2.7.2, 2.10.2 | MITRE-ATTACK: T1078, T1550, T1110 | NIS2: 11.5.4 | NIST-800-171-Revision-2: 3_1_1, 3_1_2, 3_1_4, 3_1_5, 3_5_6, 3_5_7, 3_5_8 | NIST-800-53-Revision-4: ac_2_1, ac_2_3, ac_2, ac_3, ac_6 | NIST-800-53-Revision-5: ac_2_1, ac_2_3_a, ac_2_3_b, ac_2_3_c, ac_2_3_d, ac_2_3, ac_2_6, ac_2_g, ac_2_j, ac_3, ac_3_3, ac_3_3_a, ac_3_3_b_1, ac_3_3_b_2, ac_3_3_b_3, ac_3_3_b_4, ac_3_3_b_5, ac_3_3_c, ac_3_4, ac_3_4_a, ac_3_4_b, ac_3_4_c, ac_3_4_d, ac_3_4_e, ac_3_7, ac_3_8, ac_3_12_a, ac_3_13, ac_3_15_a, ac_3_15_b, ac_4_28, ac_6, ac_24, cm_5_1_a, cm_6_a, cm_9_b, mp_2, sc_23_3 | NIST-CSF-1.1: ac_1, ac_4 | NIST-CSF-2.0: ac_1 | PCI-3.2.1: 8.1, 8.1.4 | PCI-4.0: 7.2.4.2, 7.2.5.1.2, 8.2.6.2, A3.4.1.10 | ProwlerThreatScore-1.0: 1.1.10 | SecNumCloud-3.2: 9.2, 9.4 | SOC2: cc_1_3"", ""CATEGORIES"": ""secrets"", ""DEPENDS_ON"": NaN, ""RELATED_TO"": NaN, ""NOTES"": NaN, ""PROWLER_VERSION"": ""5.42.0"", ""ADDITIONAL_URLS"": ""https://docs.aws.amazon.com/IAM/latest/UserGuide/id_credentials_finding-unused.html | https://docs.aws.amazon.com/securityhub/latest/userguide/iam-controls.html | https://www.trendmicro.com/trendaivisiononecloudriskmanagement-staging/knowledge-base/aws/IAM/access-keys-rotated-45-days.html"", ""ACCOUNT_OU_UID"": NaN, ""ACCOUNT_OU_NAME"": NaN}"
Prowler,prowler-aws-iam_user_accesskey_unused-012092091624-ap-south-1-BedrockAPIKey-z90x,arn:aws:iam::012092091624:user/BedrockAPIKey-z90x,BedrockAPIKey-z90x,aws_5f74cb79eab06b88,Cloud/IAM Configuration,IAM user does not have unused access keys older than 45 days,medium,PASS,"**IAM users** are evaluated for **active access keys** whose `last-used` timestamp exceeds `max_unused_access_keys_days` (default `45`). Users without access keys, or whose keys were used within this window, are reported separately.",,,,,effective,ap-south-1,2026-09-16 18:14:43.448493,"Disable or delete **unused access keys** promptly and prefer **IAM roles** with temporary credentials. Enforce **least privilege**, rotation, and time-bounded access. Monitor `last-used` metadata and automate deactivation of idle keys. Use federation/SSO to avoid long-lived user keys.","{""AUTH_METHOD"": ""profile: None"", ""TIMESTAMP"": ""2026-09-16 18:14:43.448493"", ""ACCOUNT_UID"": 12092091624, ""ACCOUNT_NAME"": NaN, ""ACCOUNT_EMAIL"": NaN, ""ACCOUNT_ORGANIZATION_UID"": NaN, ""ACCOUNT_ORGANIZATION_NAME"": NaN, ""ACCOUNT_TAGS"": NaN, ""FINDING_UID"": ""prowler-aws-iam_user_accesskey_unused-012092091624-ap-south-1-BedrockAPIKey-z90x"", ""PROVIDER"": ""aws"", ""CHECK_ID"": ""iam_user_accesskey_unused"", ""CHECK_TITLE"": ""IAM user does not have unused access keys older than 45 days"", ""CHECK_TYPE"": ""Software and Configuration Checks/AWS Security Best Practices | Software and Configuration Checks/Industry and Regulatory Standards/AWS Foundational Security Best Practices | Software and Configuration Checks/Industry and Regulatory Standards/CIS AWS Foundations Benchmark"", ""STATUS"": ""PASS"", ""STATUS_EXTENDED"": ""User BedrockAPIKey-z90x does not have access keys."", ""MUTED"": false, ""SERVICE_NAME"": ""iam"", ""SUBSERVICE_NAME"": NaN, ""SEVERITY"": ""medium"", ""RESOURCE_TYPE"": ""AwsIamUser"", ""RESOURCE_UID"": ""arn:aws:iam::012092091624:user/BedrockAPIKey-z90x"", ""RESOURCE_NAME"": ""BedrockAPIKey-z90x"", ""RESOURCE_DETAILS"": NaN, ""RESOURCE_TAGS"": NaN, ""PARTITION"": ""aws"", ""REGION"": ""ap-south-1"", ""DESCRIPTION"": ""**IAM users** are evaluated for **active access keys** whose `last-used` timestamp exceeds `max_unused_access_keys_days` (default `45`). Users without access keys, or whose keys were used within this window, are reported separately."", ""RISK"": ""Active yet unused keys expand the attack surface. If leaked, adversaries gain API access for data exfiltration, unauthorized changes, and resource abuse, harming **confidentiality**, **integrity**, and **availability**. Stale credentials also enable persistence and unexpected cost spikes."", ""RELATED_URL"": NaN, ""REMEDIATION_RECOMMENDATION_TEXT"": ""Disable or delete **unused access keys** promptly and prefer **IAM roles** with temporary credentials. Enforce **least privilege**, rotation, and time-bounded access. Monitor `last-used` metadata and automate deactivation of idle keys. Use federation/SSO to avoid long-lived user keys."", ""REMEDIATION_RECOMMENDATION_URL"": ""https://hub.prowler.com/check/iam_user_accesskey_unused"", ""REMEDIATION_CODE_NATIVEIAC"": NaN, ""REMEDIATION_CODE_TERRAFORM"": NaN, ""REMEDIATION_CODE_CLI"": ""aws iam update-access-key --user-name <USER_NAME> --access-key-id <ACCESS_KEY_ID> --status Inactive"", ""REMEDIATION_CODE_OTHER"": ""1. Sign in to the AWS console and open IAM\r\n2. Go to Users, select the affected user\r\n3. Open the Security credentials tab > Access keys\r\n4. For any key with Last used > 45 days, choose Deactivate (or Delete)\r\n5. Repeat for any additional unused keys over 45 days for the user"", ""COMPLIANCE"": ""AWS-AI-Security-Framework-1.0: AISF-IAM-03 | AWS-Foundational-Security-Best-Practices: IAM.8, IAM.22, IAM.26 | AWS-Foundational-Technical-Review: IAM-002, IAM-0012 | C5-2025: IAM-03.02B, IAM-03.03B, IAM-03.01AS, IAM-05.04B, IAM-10.01B, CRY-03.01B | CCC-v2025.10: CCC.IAM.CN07.AR01, CCC.IAM.CN08.AR01 | CISA: your-systems-3 | CIS-1.4: 1.12 | CIS-1.5: 1.12 | CIS-2.0: 1.12 | CIS-3.0: 1.12 | CIS-4.0.1: 1.12 | CIS-5.0: 1.11 | CIS-6.0: 2.11 | CIS-7.0: 2.11 | ENS-RD2022: op.acc.6.aws.iam.2, op.acc.6.aws.iam.3, op.acc.6.r7.aws.iam.1 | FedRAMP-20x-KSI-Low-25.05C: ksi-iam, ksi-iam-07 | FedRAMP-Low-Revision-4: ac-2, ac-3 | FedRamp-Moderate-Revision-4: ac-2-1, ac-2-f, ac-2-j, ac-2-3, ac-3, ac-5-c, ac-6 | FFIEC: d3-pc-am-b-6 | GDPR: article_25 | GxP-21-CFR-Part-11: 11.10-d, 11.10-g, 11.300-b | HIPAA: 164_308_a_3_ii_b, 164_308_a_4_ii_c, 164_308_a_5_ii_d | ISO27001-2013: A.9.2.M, A.9.3.J, A.9.4.M | ISO27001-2022: A.5.15 | KISA-ISMS-P-2023: 2.7.2, 2.10.2 | KISA-ISMS-P-2023-korean: 2.7.2, 2.10.2 | MITRE-ATTACK: T1078, T1550, T1110 | NIS2: 11.5.4 | NIST-800-171-Revision-2: 3_1_1, 3_1_2, 3_1_4, 3_1_5, 3_5_6, 3_5_7, 3_5_8 | NIST-800-53-Revision-4: ac_2_1, ac_2_3, ac_2, ac_3, ac_6 | NIST-800-53-Revision-5: ac_2_1, ac_2_3_a, ac_2_3_b, ac_2_3_c, ac_2_3_d, ac_2_3, ac_2_6, ac_2_g, ac_2_j, ac_3, ac_3_3, ac_3_3_a, ac_3_3_b_1, ac_3_3_b_2, ac_3_3_b_3, ac_3_3_b_4, ac_3_3_b_5, ac_3_3_c, ac_3_4, ac_3_4_a, ac_3_4_b, ac_3_4_c, ac_3_4_d, ac_3_4_e, ac_3_7, ac_3_8, ac_3_12_a, ac_3_13, ac_3_15_a, ac_3_15_b, ac_4_28, ac_6, ac_24, cm_5_1_a, cm_6_a, cm_9_b, mp_2, sc_23_3 | NIST-CSF-1.1: ac_1, ac_4 | NIST-CSF-2.0: ac_1 | PCI-3.2.1: 8.1, 8.1.4 | PCI-4.0: 7.2.4.2, 7.2.5.1.2, 8.2.6.2, A3.4.1.10 | ProwlerThreatScore-1.0: 1.1.10 | SecNumCloud-3.2: 9.2, 9.4 | SOC2: cc_1_3"", ""CATEGORIES"": ""secrets"", ""DEPENDS_ON"": NaN, ""RELATED_TO"": NaN, ""NOTES"": NaN, ""PROWLER_VERSION"": ""5.42.0"", ""ADDITIONAL_URLS"": ""https://docs.aws.amazon.com/IAM/latest/UserGuide/id_credentials_finding-unused.html | https://docs.aws.amazon.com/securityhub/latest/userguide/iam-controls.html | https://www.trendmicro.com/trendaivisiononecloudriskmanagement-staging/knowledge-base/aws/IAM/access-keys-rotated-45-days.html"", ""ACCOUNT_OU_UID"": NaN, ""ACCOUNT_OU_NAME"": NaN}"
Prowler,prowler-aws-iam_user_accesskey_unused-012092091624-ap-south-1-ProwlerUser,arn:aws:iam::012092091624:user/ProwlerUser,ProwlerUser,aws_03a34f0addac2237,Cloud/IAM Configuration,IAM user does not have unused access keys older than 45 days,medium,PASS,"**IAM users** are evaluated for **active access keys** whose `last-used` timestamp exceeds `max_unused_access_keys_days` (default `45`). Users without access keys, or whose keys were used within this window, are reported separately.",,,,,effective,ap-south-1,2026-09-16 18:14:43.448493,"Disable or delete **unused access keys** promptly and prefer **IAM roles** with temporary credentials. Enforce **least privilege**, rotation, and time-bounded access. Monitor `last-used` metadata and automate deactivation of idle keys. Use federation/SSO to avoid long-lived user keys.","{""AUTH_METHOD"": ""profile: None"", ""TIMESTAMP"": ""2026-09-16 18:14:43.448493"", ""ACCOUNT_UID"": 12092091624, ""ACCOUNT_NAME"": NaN, ""ACCOUNT_EMAIL"": NaN, ""ACCOUNT_ORGANIZATION_UID"": NaN, ""ACCOUNT_ORGANIZATION_NAME"": NaN, ""ACCOUNT_TAGS"": NaN, ""FINDING_UID"": ""prowler-aws-iam_user_accesskey_unused-012092091624-ap-south-1-ProwlerUser"", ""PROVIDER"": ""aws"", ""CHECK_ID"": ""iam_user_accesskey_unused"", ""CHECK_TITLE"": ""IAM user does not have unused access keys older than 45 days"", ""CHECK_TYPE"": ""Software and Configuration Checks/AWS Security Best Practices | Software and Configuration Checks/Industry and Regulatory Standards/AWS Foundational Security Best Practices | Software and Configuration Checks/Industry and Regulatory Standards/CIS AWS Foundations Benchmark"", ""STATUS"": ""PASS"", ""STATUS_EXTENDED"": ""User ProwlerUser does not have unused access keys for 45 days."", ""MUTED"": false, ""SERVICE_NAME"": ""iam"", ""SUBSERVICE_NAME"": NaN, ""SEVERITY"": ""medium"", ""RESOURCE_TYPE"": ""AwsIamUser"", ""RESOURCE_UID"": ""arn:aws:iam::012092091624:user/ProwlerUser"", ""RESOURCE_NAME"": ""ProwlerUser"", ""RESOURCE_DETAILS"": NaN, ""RESOURCE_TAGS"": ""AKIAQFUF6VTUPW6NS5HX=CyberFinGuard Prowler | AKIAQFUF6VTUPNFKUEFD=CyberFinGuard Prowler | AKIAQFUF6VTUJRVR7VHD=AWS security audit user for Prowler"", ""PARTITION"": ""aws"", ""REGION"": ""ap-south-1"", ""DESCRIPTION"": ""**IAM users** are evaluated for **active access keys** whose `last-used` timestamp exceeds `max_unused_access_keys_days` (default `45`). Users without access keys, or whose keys were used within this window, are reported separately."", ""RISK"": ""Active yet unused keys expand the attack surface. If leaked, adversaries gain API access for data exfiltration, unauthorized changes, and resource abuse, harming **confidentiality**, **integrity**, and **availability**. Stale credentials also enable persistence and unexpected cost spikes."", ""RELATED_URL"": NaN, ""REMEDIATION_RECOMMENDATION_TEXT"": ""Disable or delete **unused access keys** promptly and prefer **IAM roles** with temporary credentials. Enforce **least privilege**, rotation, and time-bounded access. Monitor `last-used` metadata and automate deactivation of idle keys. Use federation/SSO to avoid long-lived user keys."", ""REMEDIATION_RECOMMENDATION_URL"": ""https://hub.prowler.com/check/iam_user_accesskey_unused"", ""REMEDIATION_CODE_NATIVEIAC"": NaN, ""REMEDIATION_CODE_TERRAFORM"": NaN, ""REMEDIATION_CODE_CLI"": ""aws iam update-access-key --user-name <USER_NAME> --access-key-id <ACCESS_KEY_ID> --status Inactive"", ""REMEDIATION_CODE_OTHER"": ""1. Sign in to the AWS console and open IAM\r\n2. Go to Users, select the affected user\r\n3. Open the Security credentials tab > Access keys\r\n4. For any key with Last used > 45 days, choose Deactivate (or Delete)\r\n5. Repeat for any additional unused keys over 45 days for the user"", ""COMPLIANCE"": ""AWS-AI-Security-Framework-1.0: AISF-IAM-03 | AWS-Foundational-Security-Best-Practices: IAM.8, IAM.22, IAM.26 | AWS-Foundational-Technical-Review: IAM-002, IAM-0012 | C5-2025: IAM-03.02B, IAM-03.03B, IAM-03.01AS, IAM-05.04B, IAM-10.01B, CRY-03.01B | CCC-v2025.10: CCC.IAM.CN07.AR01, CCC.IAM.CN08.AR01 | CISA: your-systems-3 | CIS-1.4: 1.12 | CIS-1.5: 1.12 | CIS-2.0: 1.12 | CIS-3.0: 1.12 | CIS-4.0.1: 1.12 | CIS-5.0: 1.11 | CIS-6.0: 2.11 | CIS-7.0: 2.11 | ENS-RD2022: op.acc.6.aws.iam.2, op.acc.6.aws.iam.3, op.acc.6.r7.aws.iam.1 | FedRAMP-20x-KSI-Low-25.05C: ksi-iam, ksi-iam-07 | FedRAMP-Low-Revision-4: ac-2, ac-3 | FedRamp-Moderate-Revision-4: ac-2-1, ac-2-f, ac-2-j, ac-2-3, ac-3, ac-5-c, ac-6 | FFIEC: d3-pc-am-b-6 | GDPR: article_25 | GxP-21-CFR-Part-11: 11.10-d, 11.10-g, 11.300-b | HIPAA: 164_308_a_3_ii_b, 164_308_a_4_ii_c, 164_308_a_5_ii_d | ISO27001-2013: A.9.2.M, A.9.3.J, A.9.4.M | ISO27001-2022: A.5.15 | KISA-ISMS-P-2023: 2.7.2, 2.10.2 | KISA-ISMS-P-2023-korean: 2.7.2, 2.10.2 | MITRE-ATTACK: T1078, T1550, T1110 | NIS2: 11.5.4 | NIST-800-171-Revision-2: 3_1_1, 3_1_2, 3_1_4, 3_1_5, 3_5_6, 3_5_7, 3_5_8 | NIST-800-53-Revision-4: ac_2_1, ac_2_3, ac_2, ac_3, ac_6 | NIST-800-53-Revision-5: ac_2_1, ac_2_3_a, ac_2_3_b, ac_2_3_c, ac_2_3_d, ac_2_3, ac_2_6, ac_2_g, ac_2_j, ac_3, ac_3_3, ac_3_3_a, ac_3_3_b_1, ac_3_3_b_2, ac_3_3_b_3, ac_3_3_b_4, ac_3_3_b_5, ac_3_3_c, ac_3_4, ac_3_4_a, ac_3_4_b, ac_3_4_c, ac_3_4_d, ac_3_4_e, ac_3_7, ac_3_8, ac_3_12_a, ac_3_13, ac_3_15_a, ac_3_15_b, ac_4_28, ac_6, ac_24, cm_5_1_a, cm_6_a, cm_9_b, mp_2, sc_23_3 | NIST-CSF-1.1: ac_1, ac_4 | NIST-CSF-2.0: ac_1 | PCI-3.2.1: 8.1, 8.1.4 | PCI-4.0: 7.2.4.2, 7.2.5.1.2, 8.2.6.2, A3.4.1.10 | ProwlerThreatScore-1.0: 1.1.10 | SecNumCloud-3.2: 9.2, 9.4 | SOC2: cc_1_3"", ""CATEGORIES"": ""secrets"", ""DEPENDS_ON"": NaN, ""RELATED_TO"": NaN, ""NOTES"": NaN, ""PROWLER_VERSION"": ""5.42.0"", ""ADDITIONAL_URLS"": ""https://docs.aws.amazon.com/IAM/latest/UserGuide/id_credentials_finding-unused.html | https://docs.aws.amazon.com/securityhub/latest/userguide/iam-controls.html | https://www.trendmicro.com/trendaivisiononecloudriskmanagement-staging/knowledge-base/aws/IAM/access-keys-rotated-45-days.html"", ""ACCOUNT_OU_UID"": NaN, ""ACCOUNT_OU_NAME"": NaN}"
Prowler,prowler-aws-iam_user_administrator_access_policy-012092091624-ap-south-1-BedrockAPIKey-z90x,arn:aws:iam::012092091624:user/BedrockAPIKey-z90x,BedrockAPIKey-z90x,aws_5f74cb79eab06b88,Cloud/IAM Configuration,IAM user does not have AdministratorAccess policy attached,critical,PASS,**IAM users** are evaluated for a direct attachment of the AWS managed policy `AdministratorAccess`. The finding identifies identities where this policy appears among the user's attached policies.,,,,,effective,ap-south-1,2026-09-16 18:14:43.448493,"Remove direct `AdministratorAccess` from users.
- Apply **least privilege** with scoped policies
- Use **federation** and **roles** for temporary admin access
- Enforce **separation of duties** and approvals
- Add guardrails (SCPs, permissions boundaries)
- Require **MFA** and rotate any remaining long-lived credentials","{""AUTH_METHOD"": ""profile: None"", ""TIMESTAMP"": ""2026-09-16 18:14:43.448493"", ""ACCOUNT_UID"": 12092091624, ""ACCOUNT_NAME"": NaN, ""ACCOUNT_EMAIL"": NaN, ""ACCOUNT_ORGANIZATION_UID"": NaN, ""ACCOUNT_ORGANIZATION_NAME"": NaN, ""ACCOUNT_TAGS"": NaN, ""FINDING_UID"": ""prowler-aws-iam_user_administrator_access_policy-012092091624-ap-south-1-BedrockAPIKey-z90x"", ""PROVIDER"": ""aws"", ""CHECK_ID"": ""iam_user_administrator_access_policy"", ""CHECK_TITLE"": ""IAM user does not have AdministratorAccess policy attached"", ""CHECK_TYPE"": ""Software and Configuration Checks/Industry and Regulatory Standards/AWS Foundational Security Best Practices | Software and Configuration Checks/Industry and Regulatory Standards/CIS AWS Foundations Benchmark | TTPs/Privilege Escalation"", ""STATUS"": ""PASS"", ""STATUS_EXTENDED"": ""IAM User BedrockAPIKey-z90x does not have AdministratorAccess policy."", ""MUTED"": false, ""SERVICE_NAME"": ""iam"", ""SUBSERVICE_NAME"": NaN, ""SEVERITY"": ""critical"", ""RESOURCE_TYPE"": ""AwsIamUser"", ""RESOURCE_UID"": ""arn:aws:iam::012092091624:user/BedrockAPIKey-z90x"", ""RESOURCE_NAME"": ""BedrockAPIKey-z90x"", ""RESOURCE_DETAILS"": NaN, ""RESOURCE_TAGS"": NaN, ""PARTITION"": ""aws"", ""REGION"": ""ap-south-1"", ""DESCRIPTION"": ""**IAM users** are evaluated for a direct attachment of the AWS managed policy `AdministratorAccess`. The finding identifies identities where this policy appears among the user's attached policies."", ""RISK"": ""Assigning an IAM user full admin rights concentrates power in long-lived credentials. If compromised, attackers gain:\r\n- **Confidentiality**: read/export all data\r\n- **Integrity**: change configs, policies, code\r\n- **Availability**: delete resources, disrupt services\r\nAlso enables persistence and uncontrolled spend."", ""RELATED_URL"": NaN, ""REMEDIATION_RECOMMENDATION_TEXT"": ""Remove direct `AdministratorAccess` from users.\r\n- Apply **least privilege** with scoped policies\r\n- Use **federation** and **roles** for temporary admin access\r\n- Enforce **separation of duties** and approvals\r\n- Add guardrails (SCPs, permissions boundaries)\r\n- Require **MFA** and rotate any remaining long-lived credentials"", ""REMEDIATION_RECOMMENDATION_URL"": ""https://hub.prowler.com/check/iam_user_administrator_access_policy"", ""REMEDIATION_CODE_NATIVEIAC"": ""```yaml\r\n# CloudFormation: ensure IAM user does NOT have AdministratorAccess attached\r\nResources:\r\n  <example_resource_name>:\r\n    Type: AWS::IAM::User\r\n    Properties:\r\n      ManagedPolicyArns: []  # Critical: empty list ensures 'AdministratorAccess' is NOT attached to this user\r\n```"", ""REMEDIATION_CODE_TERRAFORM"": NaN, ""REMEDIATION_CODE_CLI"": ""aws iam detach-user-policy --user-name <username> --policy-arn arn:aws:iam::aws:policy/AdministratorAccess"", ""REMEDIATION_CODE_OTHER"": ""1. Sign in to the AWS Console and open IAM\r\n2. Go to Users and select the target user\r\n3. Open the Permissions tab\r\n4. In Attached policies (or Permissions policies), find AdministratorAccess\r\n5. Select it and click Detach policy (or Remove)\r\n6. Confirm to detach"", ""COMPLIANCE"": ""ASD-Essential-Eight-Nov 2023: E8-4.2 | AWS-AI-Security-Framework-1.0: AISF-IAM-02 | C5-2025: OIS-04.03B, SP-01.04B, HR-01.01B, IAM-01.01B, IAM-01.04B, IAM-10.01B | CCC-v2025.10: CCC.Core.CN05.AR01, CCC.Core.CN05.AR02 | KISA-ISMS-P-2023: 2.5.1, 2.5.5, 2.5.6, 2.10.2 | KISA-ISMS-P-2023-korean: 2.5.1, 2.5.5, 2.5.6, 2.10.2 | NIST-CSF-2.0: rr_1, rr_2, po_1, am_6, ac_4 | PCI-4.0: 7.2.1.19, 7.2.2.19, 7.2.5.13, 7.3.1.13, 7.3.2.13, 7.3.3.13, 8.2.7.13, 8.2.8.15, 8.3.4.13 | SecNumCloud-3.2: 9.3"", ""CATEGORIES"": ""identity-access"", ""DEPENDS_ON"": NaN, ""RELATED_TO"": NaN, ""NOTES"": NaN, ""PROWLER_VERSION"": ""5.42.0"", ""ADDITIONAL_URLS"": ""https://www.trendmicro.com/trendaivisiononecloudriskmanagement/knowledge-base/aws/IAM/admin-permissions.html | https://docs.aws.amazon.com/IAM/latest/UserGuide/id_users.html | https://docs.aws.amazon.com/IAM/latest/UserGuide/best-practices.html"", ""ACCOUNT_OU_UID"": NaN, ""ACCOUNT_OU_NAME"": NaN}"
Prowler,prowler-aws-iam_user_administrator_access_policy-012092091624-ap-south-1-ProwlerUser,arn:aws:iam::012092091624:user/ProwlerUser,ProwlerUser,aws_03a34f0addac2237,Cloud/IAM Configuration,IAM user does not have AdministratorAccess policy attached,critical,PASS,**IAM users** are evaluated for a direct attachment of the AWS managed policy `AdministratorAccess`. The finding identifies identities where this policy appears among the user's attached policies.,,,,,effective,ap-south-1,2026-09-16 18:14:43.448493,"Remove direct `AdministratorAccess` from users.
- Apply **least privilege** with scoped policies
- Use **federation** and **roles** for temporary admin access
- Enforce **separation of duties** and approvals
- Add guardrails (SCPs, permissions boundaries)
- Require **MFA** and rotate any remaining long-lived credentials","{""AUTH_METHOD"": ""profile: None"", ""TIMESTAMP"": ""2026-09-16 18:14:43.448493"", ""ACCOUNT_UID"": 12092091624, ""ACCOUNT_NAME"": NaN, ""ACCOUNT_EMAIL"": NaN, ""ACCOUNT_ORGANIZATION_UID"": NaN, ""ACCOUNT_ORGANIZATION_NAME"": NaN, ""ACCOUNT_TAGS"": NaN, ""FINDING_UID"": ""prowler-aws-iam_user_administrator_access_policy-012092091624-ap-south-1-ProwlerUser"", ""PROVIDER"": ""aws"", ""CHECK_ID"": ""iam_user_administrator_access_policy"", ""CHECK_TITLE"": ""IAM user does not have AdministratorAccess policy attached"", ""CHECK_TYPE"": ""Software and Configuration Checks/Industry and Regulatory Standards/AWS Foundational Security Best Practices | Software and Configuration Checks/Industry and Regulatory Standards/CIS AWS Foundations Benchmark | TTPs/Privilege Escalation"", ""STATUS"": ""PASS"", ""STATUS_EXTENDED"": ""IAM User ProwlerUser does not have AdministratorAccess policy."", ""MUTED"": false, ""SERVICE_NAME"": ""iam"", ""SUBSERVICE_NAME"": NaN, ""SEVERITY"": ""critical"", ""RESOURCE_TYPE"": ""AwsIamUser"", ""RESOURCE_UID"": ""arn:aws:iam::012092091624:user/ProwlerUser"", ""RESOURCE_NAME"": ""ProwlerUser"", ""RESOURCE_DETAILS"": NaN, ""RESOURCE_TAGS"": ""AKIAQFUF6VTUPW6NS5HX=CyberFinGuard Prowler | AKIAQFUF6VTUPNFKUEFD=CyberFinGuard Prowler | AKIAQFUF6VTUJRVR7VHD=AWS security audit user for Prowler"", ""PARTITION"": ""aws"", ""REGION"": ""ap-south-1"", ""DESCRIPTION"": ""**IAM users** are evaluated for a direct attachment of the AWS managed policy `AdministratorAccess`. The finding identifies identities where this policy appears among the user's attached policies."", ""RISK"": ""Assigning an IAM user full admin rights concentrates power in long-lived credentials. If compromised, attackers gain:\r\n- **Confidentiality**: read/export all data\r\n- **Integrity**: change configs, policies, code\r\n- **Availability**: delete resources, disrupt services\r\nAlso enables persistence and uncontrolled spend."", ""RELATED_URL"": NaN, ""REMEDIATION_RECOMMENDATION_TEXT"": ""Remove direct `AdministratorAccess` from users.\r\n- Apply **least privilege** with scoped policies\r\n- Use **federation** and **roles** for temporary admin access\r\n- Enforce **separation of duties** and approvals\r\n- Add guardrails (SCPs, permissions boundaries)\r\n- Require **MFA** and rotate any remaining long-lived credentials"", ""REMEDIATION_RECOMMENDATION_URL"": ""https://hub.prowler.com/check/iam_user_administrator_access_policy"", ""REMEDIATION_CODE_NATIVEIAC"": ""```yaml\r\n# CloudFormation: ensure IAM user does NOT have AdministratorAccess attached\r\nResources:\r\n  <example_resource_name>:\r\n    Type: AWS::IAM::User\r\n    Properties:\r\n      ManagedPolicyArns: []  # Critical: empty list ensures 'AdministratorAccess' is NOT attached to this user\r\n```"", ""REMEDIATION_CODE_TERRAFORM"": NaN, ""REMEDIATION_CODE_CLI"": ""aws iam detach-user-policy --user-name <username> --policy-arn arn:aws:iam::aws:policy/AdministratorAccess"", ""REMEDIATION_CODE_OTHER"": ""1. Sign in to the AWS Console and open IAM\r\n2. Go to Users and select the target user\r\n3. Open the Permissions tab\r\n4. In Attached policies (or Permissions policies), find AdministratorAccess\r\n5. Select it and click Detach policy (or Remove)\r\n6. Confirm to detach"", ""COMPLIANCE"": ""ASD-Essential-Eight-Nov 2023: E8-4.2 | AWS-AI-Security-Framework-1.0: AISF-IAM-02 | C5-2025: OIS-04.03B, SP-01.04B, HR-01.01B, IAM-01.01B, IAM-01.04B, IAM-10.01B | CCC-v2025.10: CCC.Core.CN05.AR01, CCC.Core.CN05.AR02 | KISA-ISMS-P-2023: 2.5.1, 2.5.5, 2.5.6, 2.10.2 | KISA-ISMS-P-2023-korean: 2.5.1, 2.5.5, 2.5.6, 2.10.2 | NIST-CSF-2.0: rr_1, rr_2, po_1, am_6, ac_4 | PCI-4.0: 7.2.1.19, 7.2.2.19, 7.2.5.13, 7.3.1.13, 7.3.2.13, 7.3.3.13, 8.2.7.13, 8.2.8.15, 8.3.4.13 | SecNumCloud-3.2: 9.3"", ""CATEGORIES"": ""identity-access"", ""DEPENDS_ON"": NaN, ""RELATED_TO"": NaN, ""NOTES"": NaN, ""PROWLER_VERSION"": ""5.42.0"", ""ADDITIONAL_URLS"": ""https://www.trendmicro.com/trendaivisiononecloudriskmanagement/knowledge-base/aws/IAM/admin-permissions.html | https://docs.aws.amazon.com/IAM/latest/UserGuide/id_users.html | https://docs.aws.amazon.com/IAM/latest/UserGuide/best-practices.html"", ""ACCOUNT_OU_UID"": NaN, ""ACCOUNT_OU_NAME"": NaN}"
Prowler,prowler-aws-iam_user_console_access_unused-012092091624-ap-south-1-BedrockAPIKey-z90x,arn:aws:iam::012092091624:user/BedrockAPIKey-z90x,BedrockAPIKey-z90x,aws_5f74cb79eab06b88,Cloud/IAM Configuration,"IAM user console access is disabled, used within the configured inactivity period, or never used",medium,PASS,"**IAM users** with console access are evaluated by `password_last_used`. Inactivity beyond `max_console_access_days` (default `45`) marks **stale console access**.

*Users without console access are excluded*.",,,,,effective,ap-south-1,2026-09-16 18:14:43.448493,"Remove or disable console passwords for users inactive beyond your window (e.g., `45` days). Prefer roles or federation over long-lived IAM users. Enforce **least privilege**, require **MFA** for remaining console users, and run periodic reviews and deprovisioning to prevent unused credentials.","{""AUTH_METHOD"": ""profile: None"", ""TIMESTAMP"": ""2026-09-16 18:14:43.448493"", ""ACCOUNT_UID"": 12092091624, ""ACCOUNT_NAME"": NaN, ""ACCOUNT_EMAIL"": NaN, ""ACCOUNT_ORGANIZATION_UID"": NaN, ""ACCOUNT_ORGANIZATION_NAME"": NaN, ""ACCOUNT_TAGS"": NaN, ""FINDING_UID"": ""prowler-aws-iam_user_console_access_unused-012092091624-ap-south-1-BedrockAPIKey-z90x"", ""PROVIDER"": ""aws"", ""CHECK_ID"": ""iam_user_console_access_unused"", ""CHECK_TITLE"": ""IAM user console access is disabled, used within the configured inactivity period, or never used"", ""CHECK_TYPE"": ""Software and Configuration Checks/AWS Security Best Practices | Software and Configuration Checks/Industry and Regulatory Standards/AWS Foundational Security Best Practices | Software and Configuration Checks/Industry and Regulatory Standards/CIS AWS Foundations Benchmark | TTPs/Initial Access"", ""STATUS"": ""PASS"", ""STATUS_EXTENDED"": ""User BedrockAPIKey-z90x does not have console access enabled or is unused."", ""MUTED"": false, ""SERVICE_NAME"": ""iam"", ""SUBSERVICE_NAME"": NaN, ""SEVERITY"": ""medium"", ""RESOURCE_TYPE"": ""AwsIamUser"", ""RESOURCE_UID"": ""arn:aws:iam::012092091624:user/BedrockAPIKey-z90x"", ""RESOURCE_NAME"": ""BedrockAPIKey-z90x"", ""RESOURCE_DETAILS"": NaN, ""RESOURCE_TAGS"": NaN, ""PARTITION"": ""aws"", ""REGION"": ""ap-south-1"", ""DESCRIPTION"": ""**IAM users** with console access are evaluated by `password_last_used`. Inactivity beyond `max_console_access_days` (default `45`) marks **stale console access**.\r\n\r\n*Users without console access are excluded*."", ""RISK"": ""**Dormant console credentials** stay valid and invite **password spraying**, **credential stuffing**, and breach reuse. Compromise yields interactive access for data discovery/exfiltration and unauthorized IAM or resource changes, degrading **confidentiality** and **integrity**, and risking **availability**."", ""RELATED_URL"": NaN, ""REMEDIATION_RECOMMENDATION_TEXT"": ""Remove or disable console passwords for users inactive beyond your window (e.g., `45` days). Prefer roles or federation over long-lived IAM users. Enforce **least privilege**, require **MFA** for remaining console users, and run periodic reviews and deprovisioning to prevent unused credentials."", ""REMEDIATION_RECOMMENDATION_URL"": ""https://hub.prowler.com/check/iam_user_console_access_unused"", ""REMEDIATION_CODE_NATIVEIAC"": ""```yaml\r\n# CloudFormation: IAM user without console access\r\nResources:\r\n  <example_resource_name>:\r\n    Type: AWS::IAM::User\r\n    Properties:\r\n      UserName: <example_resource_name>\r\n      # Critical: No LoginProfile property -> disables console access for the user\r\n```"", ""REMEDIATION_CODE_TERRAFORM"": ""```hcl\r\n# IAM user with console access disabled by not creating a login profile\r\nresource \""aws_iam_user\"" \""<example_resource_name>\"" {\r\n  name = \""<example_resource_name>\""\r\n  # Critical: Do not define aws_iam_user_login_profile for this user -> no console access\r\n}\r\n```"", ""REMEDIATION_CODE_CLI"": ""aws iam delete-login-profile --user-name <USER_NAME>"", ""REMEDIATION_CODE_OTHER"": ""1. Open the IAM console and go to Users\r\n2. Select the user\r\n3. Open the Security credentials tab\r\n4. Click Manage console access\r\n5. Select Disable console access and Save"", ""COMPLIANCE"": ""AWS-AI-Security-Framework-1.0: AISF-IAM-03 | AWS-Foundational-Security-Best-Practices: IAM.8, IAM.22, IAM.26 | C5-2025: OPS-05.02AC, IAM-03.02B, IAM-03.03B, IAM-03.01AS, IAM-05.04B, IAM-10.01B | CCC-v2025.10: CCC.IAM.CN07.AR01, CCC.IAM.CN08.AR01 | CISA: your-systems-3 | CIS-1.4: 1.12 | CIS-1.5: 1.12 | CIS-2.0: 1.12 | CIS-3.0: 1.12 | CIS-4.0.1: 1.12 | CIS-5.0: 1.11 | CIS-6.0: 2.11 | CIS-7.0: 2.11 | ENS-RD2022: op.acc.6.aws.iam.2, op.acc.6.aws.iam.3, op.acc.6.r7.aws.iam.1 | FedRAMP-20x-KSI-Low-25.05C: ksi-iam, ksi-iam-07 | FedRAMP-Low-Revision-4: ac-2, ac-3 | FedRamp-Moderate-Revision-4: ac-2-1, ac-2-f, ac-2-j, ac-2-3, ac-3, ac-5-c, ac-6 | FFIEC: d3-pc-am-b-6 | GDPR: article_25 | GxP-21-CFR-Part-11: 11.10-d, 11.10-g, 11.300-b | HIPAA: 164_308_a_3_ii_b, 164_308_a_4_ii_c, 164_308_a_5_ii_d | ISO27001-2013: A.9.2.M, A.9.3.J, A.9.4.M | ISO27001-2022: A.5.15 | KISA-ISMS-P-2023: 2.5.3, 2.10.2 | KISA-ISMS-P-2023-korean: 2.5.3, 2.10.2 | MITRE-ATTACK: T1078, T1550, T1110 | NIS2: 11.3.2.d, 11.5.4 | NIST-800-171-Revision-2: 3_1_1, 3_1_2, 3_1_4, 3_1_5, 3_5_6, 3_5_7, 3_5_8 | NIST-800-53-Revision-4: ac_2_1, ac_2_3, ac_2, ac_3, ac_6 | NIST-800-53-Revision-5: ac_2_1, ac_2_3_a, ac_2_3_b, ac_2_3_c, ac_2_3_d, ac_2_3, ac_2_6, ac_2_g, ac_2_j, ac_3, ac_3_3, ac_3_3_a, ac_3_3_b_1, ac_3_3_b_2, ac_3_3_b_3, ac_3_3_b_4, ac_3_3_b_5, ac_3_3_c, ac_3_4, ac_3_4_a, ac_3_4_b, ac_3_4_c, ac_3_4_d, ac_3_4_e, ac_3_7, ac_3_8, ac_3_12_a, ac_3_13, ac_3_15_a, ac_3_15_b, ac_4_28, ac_6, ac_24, cm_5_1_a, cm_6_a, cm_9_b, mp_2, sc_23_3 | NIST-CSF-1.1: ac_1, ac_4 | NIST-CSF-2.0: ac_1 | PCI-3.2.1: 8.1, 8.1.4 | ProwlerThreatScore-1.0: 1.1.10 | SecNumCloud-3.2: 9.2, 9.4 | SOC2: cc_1_3"", ""CATEGORIES"": ""identity-access"", ""DEPENDS_ON"": NaN, ""RELATED_TO"": NaN, ""NOTES"": NaN, ""PROWLER_VERSION"": ""5.42.0"", ""ADDITIONAL_URLS"": ""https://docs.aws.amazon.com/IAM/latest/UserGuide/id_credentials_finding-unused.html | https://docs.aws.amazon.com/securityhub/latest/userguide/iam-controls.html"", ""ACCOUNT_OU_UID"": NaN, ""ACCOUNT_OU_NAME"": NaN}"
Prowler,prowler-aws-iam_user_console_access_unused-012092091624-ap-south-1-ProwlerUser,arn:aws:iam::012092091624:user/ProwlerUser,ProwlerUser,aws_03a34f0addac2237,Cloud/IAM Configuration,"IAM user console access is disabled, used within the configured inactivity period, or never used",medium,PASS,"**IAM users** with console access are evaluated by `password_last_used`. Inactivity beyond `max_console_access_days` (default `45`) marks **stale console access**.

*Users without console access are excluded*.",,,,,effective,ap-south-1,2026-09-16 18:14:43.448493,"Remove or disable console passwords for users inactive beyond your window (e.g., `45` days). Prefer roles or federation over long-lived IAM users. Enforce **least privilege**, require **MFA** for remaining console users, and run periodic reviews and deprovisioning to prevent unused credentials.","{""AUTH_METHOD"": ""profile: None"", ""TIMESTAMP"": ""2026-09-16 18:14:43.448493"", ""ACCOUNT_UID"": 12092091624, ""ACCOUNT_NAME"": NaN, ""ACCOUNT_EMAIL"": NaN, ""ACCOUNT_ORGANIZATION_UID"": NaN, ""ACCOUNT_ORGANIZATION_NAME"": NaN, ""ACCOUNT_TAGS"": NaN, ""FINDING_UID"": ""prowler-aws-iam_user_console_access_unused-012092091624-ap-south-1-ProwlerUser"", ""PROVIDER"": ""aws"", ""CHECK_ID"": ""iam_user_console_access_unused"", ""CHECK_TITLE"": ""IAM user console access is disabled, used within the configured inactivity period, or never used"", ""CHECK_TYPE"": ""Software and Configuration Checks/AWS Security Best Practices | Software and Configuration Checks/Industry and Regulatory Standards/AWS Foundational Security Best Practices | Software and Configuration Checks/Industry and Regulatory Standards/CIS AWS Foundations Benchmark | TTPs/Initial Access"", ""STATUS"": ""PASS"", ""STATUS_EXTENDED"": ""User ProwlerUser does not have console access enabled or is unused."", ""MUTED"": false, ""SERVICE_NAME"": ""iam"", ""SUBSERVICE_NAME"": NaN, ""SEVERITY"": ""medium"", ""RESOURCE_TYPE"": ""AwsIamUser"", ""RESOURCE_UID"": ""arn:aws:iam::012092091624:user/ProwlerUser"", ""RESOURCE_NAME"": ""ProwlerUser"", ""RESOURCE_DETAILS"": NaN, ""RESOURCE_TAGS"": ""AKIAQFUF6VTUPW6NS5HX=CyberFinGuard Prowler | AKIAQFUF6VTUPNFKUEFD=CyberFinGuard Prowler | AKIAQFUF6VTUJRVR7VHD=AWS security audit user for Prowler"", ""PARTITION"": ""aws"", ""REGION"": ""ap-south-1"", ""DESCRIPTION"": ""**IAM users** with console access are evaluated by `password_last_used`. Inactivity beyond `max_console_access_days` (default `45`) marks **stale console access**.\r\n\r\n*Users without console access are excluded*."", ""RISK"": ""**Dormant console credentials** stay valid and invite **password spraying**, **credential stuffing**, and breach reuse. Compromise yields interactive access for data discovery/exfiltration and unauthorized IAM or resource changes, degrading **confidentiality** and **integrity**, and risking **availability**."", ""RELATED_URL"": NaN, ""REMEDIATION_RECOMMENDATION_TEXT"": ""Remove or disable console passwords for users inactive beyond your window (e.g., `45` days). Prefer roles or federation over long-lived IAM users. Enforce **least privilege**, require **MFA** for remaining console users, and run periodic reviews and deprovisioning to prevent unused credentials."", ""REMEDIATION_RECOMMENDATION_URL"": ""https://hub.prowler.com/check/iam_user_console_access_unused"", ""REMEDIATION_CODE_NATIVEIAC"": ""```yaml\r\n# CloudFormation: IAM user without console access\r\nResources:\r\n  <example_resource_name>:\r\n    Type: AWS::IAM::User\r\n    Properties:\r\n      UserName: <example_resource_name>\r\n      # Critical: No LoginProfile property -> disables console access for the user\r\n```"", ""REMEDIATION_CODE_TERRAFORM"": ""```hcl\r\n# IAM user with console access disabled by not creating a login profile\r\nresource \""aws_iam_user\"" \""<example_resource_name>\"" {\r\n  name = \""<example_resource_name>\""\r\n  # Critical: Do not define aws_iam_user_login_profile for this user -> no console access\r\n}\r\n```"", ""REMEDIATION_CODE_CLI"": ""aws iam delete-login-profile --user-name <USER_NAME>"", ""REMEDIATION_CODE_OTHER"": ""1. Open the IAM console and go to Users\r\n2. Select the user\r\n3. Open the Security credentials tab\r\n4. Click Manage console access\r\n5. Select Disable console access and Save"", ""COMPLIANCE"": ""AWS-AI-Security-Framework-1.0: AISF-IAM-03 | AWS-Foundational-Security-Best-Practices: IAM.8, IAM.22, IAM.26 | C5-2025: OPS-05.02AC, IAM-03.02B, IAM-03.03B, IAM-03.01AS, IAM-05.04B, IAM-10.01B | CCC-v2025.10: CCC.IAM.CN07.AR01, CCC.IAM.CN08.AR01 | CISA: your-systems-3 | CIS-1.4: 1.12 | CIS-1.5: 1.12 | CIS-2.0: 1.12 | CIS-3.0: 1.12 | CIS-4.0.1: 1.12 | CIS-5.0: 1.11 | CIS-6.0: 2.11 | CIS-7.0: 2.11 | ENS-RD2022: op.acc.6.aws.iam.2, op.acc.6.aws.iam.3, op.acc.6.r7.aws.iam.1 | FedRAMP-20x-KSI-Low-25.05C: ksi-iam, ksi-iam-07 | FedRAMP-Low-Revision-4: ac-2, ac-3 | FedRamp-Moderate-Revision-4: ac-2-1, ac-2-f, ac-2-j, ac-2-3, ac-3, ac-5-c, ac-6 | FFIEC: d3-pc-am-b-6 | GDPR: article_25 | GxP-21-CFR-Part-11: 11.10-d, 11.10-g, 11.300-b | HIPAA: 164_308_a_3_ii_b, 164_308_a_4_ii_c, 164_308_a_5_ii_d | ISO27001-2013: A.9.2.M, A.9.3.J, A.9.4.M | ISO27001-2022: A.5.15 | KISA-ISMS-P-2023: 2.5.3, 2.10.2 | KISA-ISMS-P-2023-korean: 2.5.3, 2.10.2 | MITRE-ATTACK: T1078, T1550, T1110 | NIS2: 11.3.2.d, 11.5.4 | NIST-800-171-Revision-2: 3_1_1, 3_1_2, 3_1_4, 3_1_5, 3_5_6, 3_5_7, 3_5_8 | NIST-800-53-Revision-4: ac_2_1, ac_2_3, ac_2, ac_3, ac_6 | NIST-800-53-Revision-5: ac_2_1, ac_2_3_a, ac_2_3_b, ac_2_3_c, ac_2_3_d, ac_2_3, ac_2_6, ac_2_g, ac_2_j, ac_3, ac_3_3, ac_3_3_a, ac_3_3_b_1, ac_3_3_b_2, ac_3_3_b_3, ac_3_3_b_4, ac_3_3_b_5, ac_3_3_c, ac_3_4, ac_3_4_a, ac_3_4_b, ac_3_4_c, ac_3_4_d, ac_3_4_e, ac_3_7, ac_3_8, ac_3_12_a, ac_3_13, ac_3_15_a, ac_3_15_b, ac_4_28, ac_6, ac_24, cm_5_1_a, cm_6_a, cm_9_b, mp_2, sc_23_3 | NIST-CSF-1.1: ac_1, ac_4 | NIST-CSF-2.0: ac_1 | PCI-3.2.1: 8.1, 8.1.4 | ProwlerThreatScore-1.0: 1.1.10 | SecNumCloud-3.2: 9.2, 9.4 | SOC2: cc_1_3"", ""CATEGORIES"": ""identity-access"", ""DEPENDS_ON"": NaN, ""RELATED_TO"": NaN, ""NOTES"": NaN, ""PROWLER_VERSION"": ""5.42.0"", ""ADDITIONAL_URLS"": ""https://docs.aws.amazon.com/IAM/latest/UserGuide/id_credentials_finding-unused.html | https://docs.aws.amazon.com/securityhub/latest/userguide/iam-controls.html"", ""ACCOUNT_OU_UID"": NaN, ""ACCOUNT_OU_NAME"": NaN}"
Prowler,prowler-aws-iam_user_hardware_mfa_enabled-012092091624-ap-south-1-BedrockAPIKey-z90x,arn:aws:iam::012092091624:user/BedrockAPIKey-z90x,BedrockAPIKey-z90x,aws_5f74cb79eab06b88,Cloud/IAM Configuration,IAM user has hardware MFA enabled,high,FAIL,"**IAM users** are evaluated for **hardware MFA** enrollment, identifying physical tokens or security keys and distinguishing them from *virtual* or *SMS* MFA, as well as users without any MFA.",,,,,ineffective,ap-south-1,2026-09-16 18:14:43.448493,"Require **hardware-backed MFA** for all IAM users. Prefer **FIDO2 security keys** for phishing resistance over TOTP or SMS. Disallow SMS/virtual MFA for privileged roles. Enforce MFA for all access paths, apply **least privilege**, and provision multiple MFA devices per user for continuity.","{""AUTH_METHOD"": ""profile: None"", ""TIMESTAMP"": ""2026-09-16 18:14:43.448493"", ""ACCOUNT_UID"": 12092091624, ""ACCOUNT_NAME"": NaN, ""ACCOUNT_EMAIL"": NaN, ""ACCOUNT_ORGANIZATION_UID"": NaN, ""ACCOUNT_ORGANIZATION_NAME"": NaN, ""ACCOUNT_TAGS"": NaN, ""FINDING_UID"": ""prowler-aws-iam_user_hardware_mfa_enabled-012092091624-ap-south-1-BedrockAPIKey-z90x"", ""PROVIDER"": ""aws"", ""CHECK_ID"": ""iam_user_hardware_mfa_enabled"", ""CHECK_TITLE"": ""IAM user has hardware MFA enabled"", ""CHECK_TYPE"": ""Software and Configuration Checks/AWS Security Best Practices | Software and Configuration Checks/Industry and Regulatory Standards/AWS Foundational Security Best Practices | Software and Configuration Checks/Industry and Regulatory Standards/CIS AWS Foundations Benchmark | TTPs/Initial Access | TTPs/Credential Access"", ""STATUS"": ""FAIL"", ""STATUS_EXTENDED"": ""User BedrockAPIKey-z90x does not have any type of MFA enabled."", ""MUTED"": false, ""SERVICE_NAME"": ""iam"", ""SUBSERVICE_NAME"": NaN, ""SEVERITY"": ""high"", ""RESOURCE_TYPE"": ""AwsIamUser"", ""RESOURCE_UID"": ""arn:aws:iam::012092091624:user/BedrockAPIKey-z90x"", ""RESOURCE_NAME"": ""BedrockAPIKey-z90x"", ""RESOURCE_DETAILS"": NaN, ""RESOURCE_TAGS"": NaN, ""PARTITION"": ""aws"", ""REGION"": ""ap-south-1"", ""DESCRIPTION"": ""**IAM users** are evaluated for **hardware MFA** enrollment, identifying physical tokens or security keys and distinguishing them from *virtual* or *SMS* MFA, as well as users without any MFA."", ""RISK"": ""Without **hardware MFA**, authentication is weaker:\r\n- **SIM-swap** can bypass SMS\r\n- **Phishing** can steal TOTP from virtual apps\r\n- No MFA allows password-only takeover\r\nThis enables unauthorized console/API access, causing data exfiltration (C), privilege abuse (I), and service disruption (A)."", ""RELATED_URL"": NaN, ""REMEDIATION_RECOMMENDATION_TEXT"": ""Require **hardware-backed MFA** for all IAM users. Prefer **FIDO2 security keys** for phishing resistance over TOTP or SMS. Disallow SMS/virtual MFA for privileged roles. Enforce MFA for all access paths, apply **least privilege**, and provision multiple MFA devices per user for continuity."", ""REMEDIATION_RECOMMENDATION_URL"": ""https://hub.prowler.com/check/iam_user_hardware_mfa_enabled"", ""REMEDIATION_CODE_NATIVEIAC"": NaN, ""REMEDIATION_CODE_TERRAFORM"": NaN, ""REMEDIATION_CODE_CLI"": NaN, ""REMEDIATION_CODE_OTHER"": ""1. Sign in to the AWS Console and open IAM\r\n2. Go to Users > select <user> > Security credentials\r\n3. Under Multi-factor authentication (MFA), if a Virtual MFA device or SMS MFA is listed, choose Deactivate/Remove and confirm\r\n4. Click Assign MFA device\r\n5. Select Hardware TOTP token or Security key (FIDO2) and choose Next\r\n6. For Hardware TOTP: enter the device serial, then enter MFA code 1 and MFA code 2 from the token; for Security key: insert/tap the key and follow the prompts\r\n7. Choose Add/Save to complete"", ""COMPLIANCE"": ""ASD-Essential-Eight-Nov 2023: E8-3.1, E8-3.7 | AWS-AI-Security-Framework-1.0: AISF-IAM-01 | AWS-Audit-Manager-Control-Tower-Guardrails: 3.0.1, 3.0.2 | AWS-Foundational-Technical-Review: IAM-001, IAM-0012 | AWS-Well-Architected-Framework-Security-Pillar: SEC02-BP01 | C5-2025: OPS-16.01B, IAM-08.05B, IAM-09.02B, IAM-09.01AC, PSS-05.01B, PSS-07.02B | CCC-v2025.10: CCC.Core.CN03.AR01, CCC.Core.CN03.AR03, CCC.Core.CN05.AR06 | CISA: booting-up-thing-to-do-first-2 | FedRAMP-20x-KSI-Low-25.05C: ksi-iam | FedRAMP-Low-Revision-4: ac-2 | ISO27001-2022: A.8.5 | KISA-ISMS-P-2023: 2.5.3, 2.10.2 | KISA-ISMS-P-2023-korean: 2.5.3, 2.10.2 | MITRE-ATTACK: T1078, T1098, T1556, T1550, T1110, T1040 | NIS2: 11.7.2 | SecNumCloud-3.2: 9.6"", ""CATEGORIES"": ""identity-access"", ""DEPENDS_ON"": NaN, ""RELATED_TO"": NaN, ""NOTES"": NaN, ""PROWLER_VERSION"": ""5.42.0"", ""ADDITIONAL_URLS"": ""https://docs.aws.amazon.com/IAM/latest/UserGuide/id_credentials_mfa_enable_physical.html | https://docs.aws.amazon.com/IAM/latest/UserGuide/id_credentials_mfa.html | https://support.icompaas.com/support/solutions/articles/62000236278-ensure-iam-users-have-hardware-mfa-enabled"", ""ACCOUNT_OU_UID"": NaN, ""ACCOUNT_OU_NAME"": NaN}"
Prowler,prowler-aws-iam_user_hardware_mfa_enabled-012092091624-ap-south-1-ProwlerUser,arn:aws:iam::012092091624:user/ProwlerUser,ProwlerUser,aws_03a34f0addac2237,Cloud/IAM Configuration,IAM user has hardware MFA enabled,high,FAIL,"**IAM users** are evaluated for **hardware MFA** enrollment, identifying physical tokens or security keys and distinguishing them from *virtual* or *SMS* MFA, as well as users without any MFA.",,,,,ineffective,ap-south-1,2026-09-16 18:14:43.448493,"Require **hardware-backed MFA** for all IAM users. Prefer **FIDO2 security keys** for phishing resistance over TOTP or SMS. Disallow SMS/virtual MFA for privileged roles. Enforce MFA for all access paths, apply **least privilege**, and provision multiple MFA devices per user for continuity.","{""AUTH_METHOD"": ""profile: None"", ""TIMESTAMP"": ""2026-09-16 18:14:43.448493"", ""ACCOUNT_UID"": 12092091624, ""ACCOUNT_NAME"": NaN, ""ACCOUNT_EMAIL"": NaN, ""ACCOUNT_ORGANIZATION_UID"": NaN, ""ACCOUNT_ORGANIZATION_NAME"": NaN, ""ACCOUNT_TAGS"": NaN, ""FINDING_UID"": ""prowler-aws-iam_user_hardware_mfa_enabled-012092091624-ap-south-1-ProwlerUser"", ""PROVIDER"": ""aws"", ""CHECK_ID"": ""iam_user_hardware_mfa_enabled"", ""CHECK_TITLE"": ""IAM user has hardware MFA enabled"", ""CHECK_TYPE"": ""Software and Configuration Checks/AWS Security Best Practices | Software and Configuration Checks/Industry and Regulatory Standards/AWS Foundational Security Best Practices | Software and Configuration Checks/Industry and Regulatory Standards/CIS AWS Foundations Benchmark | TTPs/Initial Access | TTPs/Credential Access"", ""STATUS"": ""FAIL"", ""STATUS_EXTENDED"": ""User ProwlerUser does not have any type of MFA enabled."", ""MUTED"": false, ""SERVICE_NAME"": ""iam"", ""SUBSERVICE_NAME"": NaN, ""SEVERITY"": ""high"", ""RESOURCE_TYPE"": ""AwsIamUser"", ""RESOURCE_UID"": ""arn:aws:iam::012092091624:user/ProwlerUser"", ""RESOURCE_NAME"": ""ProwlerUser"", ""RESOURCE_DETAILS"": NaN, ""RESOURCE_TAGS"": ""AKIAQFUF6VTUPW6NS5HX=CyberFinGuard Prowler | AKIAQFUF6VTUPNFKUEFD=CyberFinGuard Prowler | AKIAQFUF6VTUJRVR7VHD=AWS security audit user for Prowler"", ""PARTITION"": ""aws"", ""REGION"": ""ap-south-1"", ""DESCRIPTION"": ""**IAM users** are evaluated for **hardware MFA** enrollment, identifying physical tokens or security keys and distinguishing them from *virtual* or *SMS* MFA, as well as users without any MFA."", ""RISK"": ""Without **hardware MFA**, authentication is weaker:\r\n- **SIM-swap** can bypass SMS\r\n- **Phishing** can steal TOTP from virtual apps\r\n- No MFA allows password-only takeover\r\nThis enables unauthorized console/API access, causing data exfiltration (C), privilege abuse (I), and service disruption (A)."", ""RELATED_URL"": NaN, ""REMEDIATION_RECOMMENDATION_TEXT"": ""Require **hardware-backed MFA** for all IAM users. Prefer **FIDO2 security keys** for phishing resistance over TOTP or SMS. Disallow SMS/virtual MFA for privileged roles. Enforce MFA for all access paths, apply **least privilege**, and provision multiple MFA devices per user for continuity."", ""REMEDIATION_RECOMMENDATION_URL"": ""https://hub.prowler.com/check/iam_user_hardware_mfa_enabled"", ""REMEDIATION_CODE_NATIVEIAC"": NaN, ""REMEDIATION_CODE_TERRAFORM"": NaN, ""REMEDIATION_CODE_CLI"": NaN, ""REMEDIATION_CODE_OTHER"": ""1. Sign in to the AWS Console and open IAM\r\n2. Go to Users > select <user> > Security credentials\r\n3. Under Multi-factor authentication (MFA), if a Virtual MFA device or SMS MFA is listed, choose Deactivate/Remove and confirm\r\n4. Click Assign MFA device\r\n5. Select Hardware TOTP token or Security key (FIDO2) and choose Next\r\n6. For Hardware TOTP: enter the device serial, then enter MFA code 1 and MFA code 2 from the token; for Security key: insert/tap the key and follow the prompts\r\n7. Choose Add/Save to complete"", ""COMPLIANCE"": ""ASD-Essential-Eight-Nov 2023: E8-3.1, E8-3.7 | AWS-AI-Security-Framework-1.0: AISF-IAM-01 | AWS-Audit-Manager-Control-Tower-Guardrails: 3.0.1, 3.0.2 | AWS-Foundational-Technical-Review: IAM-001, IAM-0012 | AWS-Well-Architected-Framework-Security-Pillar: SEC02-BP01 | C5-2025: OPS-16.01B, IAM-08.05B, IAM-09.02B, IAM-09.01AC, PSS-05.01B, PSS-07.02B | CCC-v2025.10: CCC.Core.CN03.AR01, CCC.Core.CN03.AR03, CCC.Core.CN05.AR06 | CISA: booting-up-thing-to-do-first-2 | FedRAMP-20x-KSI-Low-25.05C: ksi-iam | FedRAMP-Low-Revision-4: ac-2 | ISO27001-2022: A.8.5 | KISA-ISMS-P-2023: 2.5.3, 2.10.2 | KISA-ISMS-P-2023-korean: 2.5.3, 2.10.2 | MITRE-ATTACK: T1078, T1098, T1556, T1550, T1110, T1040 | NIS2: 11.7.2 | SecNumCloud-3.2: 9.6"", ""CATEGORIES"": ""identity-access"", ""DEPENDS_ON"": NaN, ""RELATED_TO"": NaN, ""NOTES"": NaN, ""PROWLER_VERSION"": ""5.42.0"", ""ADDITIONAL_URLS"": ""https://docs.aws.amazon.com/IAM/latest/UserGuide/id_credentials_mfa_enable_physical.html | https://docs.aws.amazon.com/IAM/latest/UserGuide/id_credentials_mfa.html | https://support.icompaas.com/support/solutions/articles/62000236278-ensure-iam-users-have-hardware-mfa-enabled"", ""ACCOUNT_OU_UID"": NaN, ""ACCOUNT_OU_NAME"": NaN}"
Prowler,prowler-aws-iam_user_mfa_enabled_console_access-012092091624-ap-south-1-BedrockAPIKey-z90x,arn:aws:iam::012092091624:user/BedrockAPIKey-z90x,BedrockAPIKey-z90x,aws_5f74cb79eab06b88,Cloud/IAM Configuration,IAM user has MFA enabled for console access or no console password is set,high,PASS,**IAM users** that have a console password are expected to have **multi-factor authentication** enabled. The evaluation identifies users who can sign in to the AWS Management Console but do not have an active MFA device associated.,,,,,effective,ap-south-1,2026-09-16 18:14:43.448493,Enforce **MFA** for all console-capable IAM users; prefer **phishing-resistant** authenticators (FIDO2/security keys) and register backups. Remove console passwords for users that don't need them and favor **federation/SSO**. Apply least privilege and require MFA for sensitive actions to prevent unauthorized changes.,"{""AUTH_METHOD"": ""profile: None"", ""TIMESTAMP"": ""2026-09-16 18:14:43.448493"", ""ACCOUNT_UID"": 12092091624, ""ACCOUNT_NAME"": NaN, ""ACCOUNT_EMAIL"": NaN, ""ACCOUNT_ORGANIZATION_UID"": NaN, ""ACCOUNT_ORGANIZATION_NAME"": NaN, ""ACCOUNT_TAGS"": NaN, ""FINDING_UID"": ""prowler-aws-iam_user_mfa_enabled_console_access-012092091624-ap-south-1-BedrockAPIKey-z90x"", ""PROVIDER"": ""aws"", ""CHECK_ID"": ""iam_user_mfa_enabled_console_access"", ""CHECK_TITLE"": ""IAM user has MFA enabled for console access or no console password is set"", ""CHECK_TYPE"": ""Software and Configuration Checks/AWS Security Best Practices | Software and Configuration Checks/Industry and Regulatory Standards/AWS Foundational Security Best Practices | Software and Configuration Checks/Industry and Regulatory Standards/CIS AWS Foundations Benchmark | TTPs/Initial Access | TTPs/Credential Access"", ""STATUS"": ""PASS"", ""STATUS_EXTENDED"": ""User BedrockAPIKey-z90x does not have Console Password enabled."", ""MUTED"": false, ""SERVICE_NAME"": ""iam"", ""SUBSERVICE_NAME"": NaN, ""SEVERITY"": ""high"", ""RESOURCE_TYPE"": ""AwsIamUser"", ""RESOURCE_UID"": ""arn:aws:iam::012092091624:user/BedrockAPIKey-z90x"", ""RESOURCE_NAME"": ""BedrockAPIKey-z90x"", ""RESOURCE_DETAILS"": NaN, ""RESOURCE_TAGS"": NaN, ""PARTITION"": ""aws"", ""REGION"": ""ap-south-1"", ""DESCRIPTION"": ""**IAM users** that have a console password are expected to have **multi-factor authentication** enabled. The evaluation identifies users who can sign in to the AWS Management Console but do not have an active MFA device associated."", ""RISK"": ""Without **MFA**, a stolen or brute-forced password grants full interactive access. Attackers can: - Change policies or keys - Exfiltrate data - Create backdoor users - Disable logging. This enables account takeover, threatens confidentiality and integrity, and can disrupt availability."", ""RELATED_URL"": NaN, ""REMEDIATION_RECOMMENDATION_TEXT"": ""Enforce **MFA** for all console-capable IAM users; prefer **phishing-resistant** authenticators (FIDO2/security keys) and register backups. Remove console passwords for users that don't need them and favor **federation/SSO**. Apply least privilege and require MFA for sensitive actions to prevent unauthorized changes."", ""REMEDIATION_RECOMMENDATION_URL"": ""https://hub.prowler.com/check/iam_user_mfa_enabled_console_access"", ""REMEDIATION_CODE_NATIVEIAC"": ""```yaml\r\n# CloudFormation: IAM user without a console password\r\nResources:\r\n  IamUser:\r\n    Type: AWS::IAM::User\r\n    Properties:\r\n      UserName: <example_resource_name>\r\n      # Critical: Do NOT include the LoginProfile property.\r\n      # Omitting LoginProfile ensures no console password is set, making the check pass.\r\n```"", ""REMEDIATION_CODE_TERRAFORM"": ""```hcl\r\n# IAM user without console password\r\nresource \""aws_iam_user\"" \""user\"" {\r\n  name = \""<example_resource_name>\""\r\n  # Critical: Do NOT create an aws_iam_user_login_profile resource.\r\n  # Without a login profile, no console password is set, so the check passes.\r\n}\r\n```"", ""REMEDIATION_CODE_CLI"": ""aws iam delete-login-profile --user-name <IAM_USER_NAME>"", ""REMEDIATION_CODE_OTHER"": ""1. Sign in to the AWS Console and open IAM\r\n2. Go to Users and select the affected user\r\n3. Open the Security credentials tab\r\n4. Under Console sign-in, click Remove console password and confirm\r\n5. Verify that Console password shows Not enabled"", ""COMPLIANCE"": ""ASD-Essential-Eight-Nov 2023: E8-3.1 | AWS-AI-Security-Framework-1.0: AISF-IAM-01 | AWS-Audit-Manager-Control-Tower-Guardrails: 3.0.1, 3.0.2, 3.0.3 | AWS-Foundational-Security-Best-Practices: IAM.5, IAM.19 | AWS-Foundational-Technical-Review: IAM-001, IAM-0012 | AWS-Well-Architected-Framework-Security-Pillar: SEC02-BP01 | C5-2025: OPS-05.02AC, OPS-16.01B, IAM-04.06B, IAM-06.09B, IAM-08.02B, IAM-08.05B, IAM-09.02B, IAM-09.01AC, IAM-10.01B, PSS-05.01B, PSS-07.01B, PSS-07.02B | CCC-v2025.10: CCC.Core.CN03.AR01, CCC.Core.CN03.AR03, CCC.Core.CN05.AR02, CCC.Core.CN05.AR06 | CISA: your-systems-3, your-surroundings-2, booting-up-thing-to-do-first-2 | CIS-1.4: 1.10 | CIS-1.5: 1.10 | CIS-2.0: 1.10 | CIS-3.0: 1.10 | CIS-4.0.1: 1.10 | CIS-5.0: 1.9 | CIS-6.0: 2.9 | CIS-7.0: 2.10 | ENS-RD2022: op.acc.6.r2.aws.iam.1, op.acc.6.r4.aws.iam.1, op.acc.6.r8.aws.iam.1 | FedRAMP-20x-KSI-Low-25.05C: ksi-iam | FedRAMP-Low-Revision-4: ac-2, ia-2 | FedRamp-Moderate-Revision-4: ac-2-1, ac-2-f, ac-2-j, ia-2-1-2, ia-2-1 | FFIEC: d3-pc-am-b-15, d3-pc-am-b-6 | GDPR: article_25 | GxP-21-CFR-Part-11: 11.10-d, 11.10-g, 11.200 | HIPAA: 164_308_a_3_ii_a, 164_312_a_1, 164_312_d | ISO27001-2013: A.9.2.J, A.9.3.H, A.9.4.J | ISO27001-2022: A.5.15, A.5.17, A.8.5 | KISA-ISMS-P-2023: 2.5.3, 2.10.2 | KISA-ISMS-P-2023-korean: 2.5.3, 2.10.2 | MITRE-ATTACK: T1078, T1098, T1556, T1550, T1110, T1040, T1538 | NIS2: 11.1.2.c, 11.3.2.a, 11.4.2.c, 11.6.1, 11.7.2 | NIST-800-171-Revision-2: 3_1_1, 3_1_2, 3_1_14, 3_5_2, 3_5_3 | NIST-800-53-Revision-4: ia_2_1, ia_2_2, ia_2_11 | NIST-800-53-Revision-5: ac_2_1, ac_3_2, ac_3_3, ac_3_3_a, ac_3_3_b_1, ac_3_3_b_2, ac_3_3_b_3, ac_3_3_b_4, ac_3_3_b_5, ac_3_3_c, ac_3_4, ac_3_4_a, ac_3_4_b, ac_3_4_c, ac_3_4_d, ac_3_4_e, ac_3_8, ac_3_12_a, ac_3_13, ac_3_15_a, ac_3_15_b, ac_4_28, ac_7_4, ac_7_4_a, ac_24, cm_5_1_a, cm_6_a, cm_9_b, ia_2_1, ia_2_2, ia_2_6, ia_2_6_a, ia_2_8, sc_23_3 | NIST-CSF-1.1: ac_3, ac_7 | NIST-CSF-2.0: ac_7 | PCI-3.2.1: 8.3, 8.3.1, 8.3.1.a, 8.3.2, 8.3.2.a, 8.6, 8.6.c | PCI-4.0: 8.4.1.1, 8.4.1.2, 8.4.2.1, 8.4.2.2, 8.4.3.1, 8.4.3.2 | ProwlerThreatScore-1.0: 1.1.3 | SecNumCloud-3.2: 9.5"", ""CATEGORIES"": ""identity-access"", ""DEPENDS_ON"": NaN, ""RELATED_TO"": NaN, ""NOTES"": NaN, ""PROWLER_VERSION"": ""5.42.0"", ""ADDITIONAL_URLS"": ""https://docs.aws.amazon.com/IAM/latest/UserGuide/id_credentials_mfa_enable_virtual.html | https://www.trendmicro.com/trendaivisiononecloudriskmanagement/knowledge-base/aws/IAM/iam-user-multi-factor-authentication-enabled.html"", ""ACCOUNT_OU_UID"": NaN, ""ACCOUNT_OU_NAME"": NaN}"
Prowler,prowler-aws-iam_user_mfa_enabled_console_access-012092091624-ap-south-1-ProwlerUser,arn:aws:iam::012092091624:user/ProwlerUser,ProwlerUser,aws_03a34f0addac2237,Cloud/IAM Configuration,IAM user has MFA enabled for console access or no console password is set,high,PASS,**IAM users** that have a console password are expected to have **multi-factor authentication** enabled. The evaluation identifies users who can sign in to the AWS Management Console but do not have an active MFA device associated.,,,,,effective,ap-south-1,2026-09-16 18:14:43.448493,Enforce **MFA** for all console-capable IAM users; prefer **phishing-resistant** authenticators (FIDO2/security keys) and register backups. Remove console passwords for users that don't need them and favor **federation/SSO**. Apply least privilege and require MFA for sensitive actions to prevent unauthorized changes.,"{""AUTH_METHOD"": ""profile: None"", ""TIMESTAMP"": ""2026-09-16 18:14:43.448493"", ""ACCOUNT_UID"": 12092091624, ""ACCOUNT_NAME"": NaN, ""ACCOUNT_EMAIL"": NaN, ""ACCOUNT_ORGANIZATION_UID"": NaN, ""ACCOUNT_ORGANIZATION_NAME"": NaN, ""ACCOUNT_TAGS"": NaN, ""FINDING_UID"": ""prowler-aws-iam_user_mfa_enabled_console_access-012092091624-ap-south-1-ProwlerUser"", ""PROVIDER"": ""aws"", ""CHECK_ID"": ""iam_user_mfa_enabled_console_access"", ""CHECK_TITLE"": ""IAM user has MFA enabled for console access or no console password is set"", ""CHECK_TYPE"": ""Software and Configuration Checks/AWS Security Best Practices | Software and Configuration Checks/Industry and Regulatory Standards/AWS Foundational Security Best Practices | Software and Configuration Checks/Industry and Regulatory Standards/CIS AWS Foundations Benchmark | TTPs/Initial Access | TTPs/Credential Access"", ""STATUS"": ""PASS"", ""STATUS_EXTENDED"": ""User ProwlerUser does not have Console Password enabled."", ""MUTED"": false, ""SERVICE_NAME"": ""iam"", ""SUBSERVICE_NAME"": NaN, ""SEVERITY"": ""high"", ""RESOURCE_TYPE"": ""AwsIamUser"", ""RESOURCE_UID"": ""arn:aws:iam::012092091624:user/ProwlerUser"", ""RESOURCE_NAME"": ""ProwlerUser"", ""RESOURCE_DETAILS"": NaN, ""RESOURCE_TAGS"": ""AKIAQFUF6VTUPW6NS5HX=CyberFinGuard Prowler | AKIAQFUF6VTUPNFKUEFD=CyberFinGuard Prowler | AKIAQFUF6VTUJRVR7VHD=AWS security audit user for Prowler"", ""PARTITION"": ""aws"", ""REGION"": ""ap-south-1"", ""DESCRIPTION"": ""**IAM users** that have a console password are expected to have **multi-factor authentication** enabled. The evaluation identifies users who can sign in to the AWS Management Console but do not have an active MFA device associated."", ""RISK"": ""Without **MFA**, a stolen or brute-forced password grants full interactive access. Attackers can: - Change policies or keys - Exfiltrate data - Create backdoor users - Disable logging. This enables account takeover, threatens confidentiality and integrity, and can disrupt availability."", ""RELATED_URL"": NaN, ""REMEDIATION_RECOMMENDATION_TEXT"": ""Enforce **MFA** for all console-capable IAM users; prefer **phishing-resistant** authenticators (FIDO2/security keys) and register backups. Remove console passwords for users that don't need them and favor **federation/SSO**. Apply least privilege and require MFA for sensitive actions to prevent unauthorized changes."", ""REMEDIATION_RECOMMENDATION_URL"": ""https://hub.prowler.com/check/iam_user_mfa_enabled_console_access"", ""REMEDIATION_CODE_NATIVEIAC"": ""```yaml\r\n# CloudFormation: IAM user without a console password\r\nResources:\r\n  IamUser:\r\n    Type: AWS::IAM::User\r\n    Properties:\r\n      UserName: <example_resource_name>\r\n      # Critical: Do NOT include the LoginProfile property.\r\n      # Omitting LoginProfile ensures no console password is set, making the check pass.\r\n```"", ""REMEDIATION_CODE_TERRAFORM"": ""```hcl\r\n# IAM user without console password\r\nresource \""aws_iam_user\"" \""user\"" {\r\n  name = \""<example_resource_name>\""\r\n  # Critical: Do NOT create an aws_iam_user_login_profile resource.\r\n  # Without a login profile, no console password is set, so the check passes.\r\n}\r\n```"", ""REMEDIATION_CODE_CLI"": ""aws iam delete-login-profile --user-name <IAM_USER_NAME>"", ""REMEDIATION_CODE_OTHER"": ""1. Sign in to the AWS Console and open IAM\r\n2. Go to Users and select the affected user\r\n3. Open the Security credentials tab\r\n4. Under Console sign-in, click Remove console password and confirm\r\n5. Verify that Console password shows Not enabled"", ""COMPLIANCE"": ""ASD-Essential-Eight-Nov 2023: E8-3.1 | AWS-AI-Security-Framework-1.0: AISF-IAM-01 | AWS-Audit-Manager-Control-Tower-Guardrails: 3.0.1, 3.0.2, 3.0.3 | AWS-Foundational-Security-Best-Practices: IAM.5, IAM.19 | AWS-Foundational-Technical-Review: IAM-001, IAM-0012 | AWS-Well-Architected-Framework-Security-Pillar: SEC02-BP01 | C5-2025: OPS-05.02AC, OPS-16.01B, IAM-04.06B, IAM-06.09B, IAM-08.02B, IAM-08.05B, IAM-09.02B, IAM-09.01AC, IAM-10.01B, PSS-05.01B, PSS-07.01B, PSS-07.02B | CCC-v2025.10: CCC.Core.CN03.AR01, CCC.Core.CN03.AR03, CCC.Core.CN05.AR02, CCC.Core.CN05.AR06 | CISA: your-systems-3, your-surroundings-2, booting-up-thing-to-do-first-2 | CIS-1.4: 1.10 | CIS-1.5: 1.10 | CIS-2.0: 1.10 | CIS-3.0: 1.10 | CIS-4.0.1: 1.10 | CIS-5.0: 1.9 | CIS-6.0: 2.9 | CIS-7.0: 2.10 | ENS-RD2022: op.acc.6.r2.aws.iam.1, op.acc.6.r4.aws.iam.1, op.acc.6.r8.aws.iam.1 | FedRAMP-20x-KSI-Low-25.05C: ksi-iam | FedRAMP-Low-Revision-4: ac-2, ia-2 | FedRamp-Moderate-Revision-4: ac-2-1, ac-2-f, ac-2-j, ia-2-1-2, ia-2-1 | FFIEC: d3-pc-am-b-15, d3-pc-am-b-6 | GDPR: article_25 | GxP-21-CFR-Part-11: 11.10-d, 11.10-g, 11.200 | HIPAA: 164_308_a_3_ii_a, 164_312_a_1, 164_312_d | ISO27001-2013: A.9.2.J, A.9.3.H, A.9.4.J | ISO27001-2022: A.5.15, A.5.17, A.8.5 | KISA-ISMS-P-2023: 2.5.3, 2.10.2 | KISA-ISMS-P-2023-korean: 2.5.3, 2.10.2 | MITRE-ATTACK: T1078, T1098, T1556, T1550, T1110, T1040, T1538 | NIS2: 11.1.2.c, 11.3.2.a, 11.4.2.c, 11.6.1, 11.7.2 | NIST-800-171-Revision-2: 3_1_1, 3_1_2, 3_1_14, 3_5_2, 3_5_3 | NIST-800-53-Revision-4: ia_2_1, ia_2_2, ia_2_11 | NIST-800-53-Revision-5: ac_2_1, ac_3_2, ac_3_3, ac_3_3_a, ac_3_3_b_1, ac_3_3_b_2, ac_3_3_b_3, ac_3_3_b_4, ac_3_3_b_5, ac_3_3_c, ac_3_4, ac_3_4_a, ac_3_4_b, ac_3_4_c, ac_3_4_d, ac_3_4_e, ac_3_8, ac_3_12_a, ac_3_13, ac_3_15_a, ac_3_15_b, ac_4_28, ac_7_4, ac_7_4_a, ac_24, cm_5_1_a, cm_6_a, cm_9_b, ia_2_1, ia_2_2, ia_2_6, ia_2_6_a, ia_2_8, sc_23_3 | NIST-CSF-1.1: ac_3, ac_7 | NIST-CSF-2.0: ac_7 | PCI-3.2.1: 8.3, 8.3.1, 8.3.1.a, 8.3.2, 8.3.2.a, 8.6, 8.6.c | PCI-4.0: 8.4.1.1, 8.4.1.2, 8.4.2.1, 8.4.2.2, 8.4.3.1, 8.4.3.2 | ProwlerThreatScore-1.0: 1.1.3 | SecNumCloud-3.2: 9.5"", ""CATEGORIES"": ""identity-access"", ""DEPENDS_ON"": NaN, ""RELATED_TO"": NaN, ""NOTES"": NaN, ""PROWLER_VERSION"": ""5.42.0"", ""ADDITIONAL_URLS"": ""https://docs.aws.amazon.com/IAM/latest/UserGuide/id_credentials_mfa_enable_virtual.html | https://www.trendmicro.com/trendaivisiononecloudriskmanagement/knowledge-base/aws/IAM/iam-user-multi-factor-authentication-enabled.html"", ""ACCOUNT_OU_UID"": NaN, ""ACCOUNT_OU_NAME"": NaN}"
Prowler,prowler-aws-iam_user_no_setup_initial_access_key-012092091624-ap-south-1-<root_account>,arn:aws:iam::012092091624:root,<root_account>,aws_78ca40ff6af6627b,Cloud/IAM Configuration,IAM user does not have active access keys that have never been used,medium,PASS,"**IAM users** with a console password and active **access keys** that have `last_used` as `N/A` are identified.

This highlights accounts where programmatic credentials exist but have never been exercised.",,,,,effective,ap-south-1,2026-09-16 18:14:43.448493,"Apply **least privilege** to programmatic access:
- Do not provision access keys by default for console users
- Prefer **IAM roles** and temporary credentials
- Require justification and time-bounded key creation
- Regularly review usage and disable/delete unused keys
- Limit to one active key per user and enforce rotation with monitoring","{""AUTH_METHOD"": ""profile: None"", ""TIMESTAMP"": ""2026-09-16 18:14:43.448493"", ""ACCOUNT_UID"": 12092091624, ""ACCOUNT_NAME"": NaN, ""ACCOUNT_EMAIL"": NaN, ""ACCOUNT_ORGANIZATION_UID"": NaN, ""ACCOUNT_ORGANIZATION_NAME"": NaN, ""ACCOUNT_TAGS"": NaN, ""FINDING_UID"": ""prowler-aws-iam_user_no_setup_initial_access_key-012092091624-ap-south-1-<root_account>"", ""PROVIDER"": ""aws"", ""CHECK_ID"": ""iam_user_no_setup_initial_access_key"", ""CHECK_TITLE"": ""IAM user does not have active access keys that have never been used"", ""CHECK_TYPE"": ""Software and Configuration Checks/AWS Security Best Practices | Software and Configuration Checks/Industry and Regulatory Standards/AWS Foundational Security Best Practices | Software and Configuration Checks/Industry and Regulatory Standards/CIS AWS Foundations Benchmark"", ""STATUS"": ""PASS"", ""STATUS_EXTENDED"": ""User <root_account> does not have access keys or uses the access keys configured."", ""MUTED"": false, ""SERVICE_NAME"": ""iam"", ""SUBSERVICE_NAME"": NaN, ""SEVERITY"": ""medium"", ""RESOURCE_TYPE"": ""AwsIamUser"", ""RESOURCE_UID"": ""arn:aws:iam::012092091624:root"", ""RESOURCE_NAME"": ""<root_account>"", ""RESOURCE_DETAILS"": NaN, ""RESOURCE_TAGS"": NaN, ""PARTITION"": ""aws"", ""REGION"": ""ap-south-1"", ""DESCRIPTION"": ""**IAM users** with a console password and active **access keys** that have `last_used` as `N/A` are identified.\r\n\r\nThis highlights accounts where programmatic credentials exist but have never been exercised."", ""RISK"": ""Active yet unused **access keys** expand the attack surface. If exposed, attackers gain programmatic access for unauthorized API calls, causing data exfiltration (**confidentiality**), unauthorized changes (**integrity**), and service disruption (**availability**). Dormant keys also bloat credential inventory, delaying detection and rotation."", ""RELATED_URL"": NaN, ""REMEDIATION_RECOMMENDATION_TEXT"": ""Apply **least privilege** to programmatic access:\r\n- Do not provision access keys by default for console users\r\n- Prefer **IAM roles** and temporary credentials\r\n- Require justification and time-bounded key creation\r\n- Regularly review usage and disable/delete unused keys\r\n- Limit to one active key per user and enforce rotation with monitoring"", ""REMEDIATION_RECOMMENDATION_URL"": ""https://hub.prowler.com/check/iam_user_no_setup_initial_access_key"", ""REMEDIATION_CODE_NATIVEIAC"": ""```yaml\r\n# CloudFormation: ensure IAM access key is not active\r\nResources:\r\n  AccessKey:\r\n    Type: AWS::IAM::AccessKey\r\n    Properties:\r\n      UserName: \""<example_resource_name>\""\r\n      Status: Inactive  # Critical: disables the key so it isn't active and cannot be flagged as never used\r\n```"", ""REMEDIATION_CODE_TERRAFORM"": ""```hcl\r\n# Ensure IAM access key is not active\r\nresource \""aws_iam_access_key\"" \""<example_resource_name>\"" {\r\n  user   = \""<example_resource_name>\""\r\n  status = \""Inactive\""  # Critical: disables the key so it isn't active and cannot be flagged as never used\r\n}\r\n```"", ""REMEDIATION_CODE_CLI"": ""aws iam delete-access-key --user-name <example_resource_name> --access-key-id <example_resource_id>"", ""REMEDIATION_CODE_OTHER"": ""1. In the AWS Console, go to IAM > Users and select the user.\r\n2. Open the Security credentials tab.\r\n3. Under Access keys, find keys with Last used = N/A and Status = Active.\r\n4. Choose Deactivate or Delete for each such key.\r\n5. Save changes."", ""COMPLIANCE"": ""ASD-Essential-Eight-Nov 2023: E8-4.2 | AWS-AI-Security-Framework-1.0: AISF-IAM-03 | AWS-Well-Architected-Framework-Security-Pillar: SEC02-BP01 | C5-2025: OPS-05.02AC, IAM-10.01B, CRY-03.01B, PSS-07.01B | CCC-v2025.10: CCC.Core.CN03.AR02, CCC.Core.CN03.AR04, CCC.IAM.CN01.AR01, CCC.IAM.CN01.AR02 | CIS-1.4: 1.11 | CIS-1.5: 1.11 | CIS-2.0: 1.11 | CIS-3.0: 1.11 | CIS-4.0.1: 1.11 | CIS-5.0: 1.10 | CIS-6.0: 2.10 | ENS-RD2022: op.acc.6.aws.iam.4 | KISA-ISMS-P-2023: 2.7.2, 2.10.2 | KISA-ISMS-P-2023-korean: 2.7.2, 2.10.2 | MITRE-ATTACK: T1078, T1550 | NIS2: 9.2.c, 9.2.c.iii"", ""CATEGORIES"": ""identity-access | secrets"", ""DEPENDS_ON"": NaN, ""RELATED_TO"": NaN, ""NOTES"": ""CAF Security Epic: IAM"", ""PROWLER_VERSION"": ""5.42.0"", ""ADDITIONAL_URLS"": ""https://docs.aws.amazon.com/IAM/latest/UserGuide/id_credentials_getting-report.html | https://support.icompaas.com/support/solutions/articles/62000228293-ensure-there-is-only-one-active-access-key-available-for-any-single-iam-user"", ""ACCOUNT_OU_UID"": NaN, ""ACCOUNT_OU_NAME"": NaN}"
Prowler,prowler-aws-iam_user_no_setup_initial_access_key-012092091624-ap-south-1-BedrockAPIKey-z90x,arn:aws:iam::012092091624:user/BedrockAPIKey-z90x,BedrockAPIKey-z90x,aws_5f74cb79eab06b88,Cloud/IAM Configuration,IAM user does not have active access keys that have never been used,medium,PASS,"**IAM users** with a console password and active **access keys** that have `last_used` as `N/A` are identified.

This highlights accounts where programmatic credentials exist but have never been exercised.",,,,,effective,ap-south-1,2026-09-16 18:14:43.448493,"Apply **least privilege** to programmatic access:
- Do not provision access keys by default for console users
- Prefer **IAM roles** and temporary credentials
- Require justification and time-bounded key creation
- Regularly review usage and disable/delete unused keys
- Limit to one active key per user and enforce rotation with monitoring","{""AUTH_METHOD"": ""profile: None"", ""TIMESTAMP"": ""2026-09-16 18:14:43.448493"", ""ACCOUNT_UID"": 12092091624, ""ACCOUNT_NAME"": NaN, ""ACCOUNT_EMAIL"": NaN, ""ACCOUNT_ORGANIZATION_UID"": NaN, ""ACCOUNT_ORGANIZATION_NAME"": NaN, ""ACCOUNT_TAGS"": NaN, ""FINDING_UID"": ""prowler-aws-iam_user_no_setup_initial_access_key-012092091624-ap-south-1-BedrockAPIKey-z90x"", ""PROVIDER"": ""aws"", ""CHECK_ID"": ""iam_user_no_setup_initial_access_key"", ""CHECK_TITLE"": ""IAM user does not have active access keys that have never been used"", ""CHECK_TYPE"": ""Software and Configuration Checks/AWS Security Best Practices | Software and Configuration Checks/Industry and Regulatory Standards/AWS Foundational Security Best Practices | Software and Configuration Checks/Industry and Regulatory Standards/CIS AWS Foundations Benchmark"", ""STATUS"": ""PASS"", ""STATUS_EXTENDED"": ""User BedrockAPIKey-z90x does not have access keys or uses the access keys configured."", ""MUTED"": false, ""SERVICE_NAME"": ""iam"", ""SUBSERVICE_NAME"": NaN, ""SEVERITY"": ""medium"", ""RESOURCE_TYPE"": ""AwsIamUser"", ""RESOURCE_UID"": ""arn:aws:iam::012092091624:user/BedrockAPIKey-z90x"", ""RESOURCE_NAME"": ""BedrockAPIKey-z90x"", ""RESOURCE_DETAILS"": NaN, ""RESOURCE_TAGS"": NaN, ""PARTITION"": ""aws"", ""REGION"": ""ap-south-1"", ""DESCRIPTION"": ""**IAM users** with a console password and active **access keys** that have `last_used` as `N/A` are identified.\r\n\r\nThis highlights accounts where programmatic credentials exist but have never been exercised."", ""RISK"": ""Active yet unused **access keys** expand the attack surface. If exposed, attackers gain programmatic access for unauthorized API calls, causing data exfiltration (**confidentiality**), unauthorized changes (**integrity**), and service disruption (**availability**). Dormant keys also bloat credential inventory, delaying detection and rotation."", ""RELATED_URL"": NaN, ""REMEDIATION_RECOMMENDATION_TEXT"": ""Apply **least privilege** to programmatic access:\r\n- Do not provision access keys by default for console users\r\n- Prefer **IAM roles** and temporary credentials\r\n- Require justification and time-bounded key creation\r\n- Regularly review usage and disable/delete unused keys\r\n- Limit to one active key per user and enforce rotation with monitoring"", ""REMEDIATION_RECOMMENDATION_URL"": ""https://hub.prowler.com/check/iam_user_no_setup_initial_access_key"", ""REMEDIATION_CODE_NATIVEIAC"": ""```yaml\r\n# CloudFormation: ensure IAM access key is not active\r\nResources:\r\n  AccessKey:\r\n    Type: AWS::IAM::AccessKey\r\n    Properties:\r\n      UserName: \""<example_resource_name>\""\r\n      Status: Inactive  # Critical: disables the key so it isn't active and cannot be flagged as never used\r\n```"", ""REMEDIATION_CODE_TERRAFORM"": ""```hcl\r\n# Ensure IAM access key is not active\r\nresource \""aws_iam_access_key\"" \""<example_resource_name>\"" {\r\n  user   = \""<example_resource_name>\""\r\n  status = \""Inactive\""  # Critical: disables the key so it isn't active and cannot be flagged as never used\r\n}\r\n```"", ""REMEDIATION_CODE_CLI"": ""aws iam delete-access-key --user-name <example_resource_name> --access-key-id <example_resource_id>"", ""REMEDIATION_CODE_OTHER"": ""1. In the AWS Console, go to IAM > Users and select the user.\r\n2. Open the Security credentials tab.\r\n3. Under Access keys, find keys with Last used = N/A and Status = Active.\r\n4. Choose Deactivate or Delete for each such key.\r\n5. Save changes."", ""COMPLIANCE"": ""ASD-Essential-Eight-Nov 2023: E8-4.2 | AWS-AI-Security-Framework-1.0: AISF-IAM-03 | AWS-Well-Architected-Framework-Security-Pillar: SEC02-BP01 | C5-2025: OPS-05.02AC, IAM-10.01B, CRY-03.01B, PSS-07.01B | CCC-v2025.10: CCC.Core.CN03.AR02, CCC.Core.CN03.AR04, CCC.IAM.CN01.AR01, CCC.IAM.CN01.AR02 | CIS-1.4: 1.11 | CIS-1.5: 1.11 | CIS-2.0: 1.11 | CIS-3.0: 1.11 | CIS-4.0.1: 1.11 | CIS-5.0: 1.10 | CIS-6.0: 2.10 | ENS-RD2022: op.acc.6.aws.iam.4 | KISA-ISMS-P-2023: 2.7.2, 2.10.2 | KISA-ISMS-P-2023-korean: 2.7.2, 2.10.2 | MITRE-ATTACK: T1078, T1550 | NIS2: 9.2.c, 9.2.c.iii"", ""CATEGORIES"": ""identity-access | secrets"", ""DEPENDS_ON"": NaN, ""RELATED_TO"": NaN, ""NOTES"": ""CAF Security Epic: IAM"", ""PROWLER_VERSION"": ""5.42.0"", ""ADDITIONAL_URLS"": ""https://docs.aws.amazon.com/IAM/latest/UserGuide/id_credentials_getting-report.html | https://support.icompaas.com/support/solutions/articles/62000228293-ensure-there-is-only-one-active-access-key-available-for-any-single-iam-user"", ""ACCOUNT_OU_UID"": NaN, ""ACCOUNT_OU_NAME"": NaN}"
Prowler,prowler-aws-iam_user_no_setup_initial_access_key-012092091624-ap-south-1-ProwlerUser,arn:aws:iam::012092091624:user/ProwlerUser,ProwlerUser,aws_03a34f0addac2237,Cloud/IAM Configuration,IAM user does not have active access keys that have never been used,medium,PASS,"**IAM users** with a console password and active **access keys** that have `last_used` as `N/A` are identified.

This highlights accounts where programmatic credentials exist but have never been exercised.",,,,,effective,ap-south-1,2026-09-16 18:14:43.448493,"Apply **least privilege** to programmatic access:
- Do not provision access keys by default for console users
- Prefer **IAM roles** and temporary credentials
- Require justification and time-bounded key creation
- Regularly review usage and disable/delete unused keys
- Limit to one active key per user and enforce rotation with monitoring","{""AUTH_METHOD"": ""profile: None"", ""TIMESTAMP"": ""2026-09-16 18:14:43.448493"", ""ACCOUNT_UID"": 12092091624, ""ACCOUNT_NAME"": NaN, ""ACCOUNT_EMAIL"": NaN, ""ACCOUNT_ORGANIZATION_UID"": NaN, ""ACCOUNT_ORGANIZATION_NAME"": NaN, ""ACCOUNT_TAGS"": NaN, ""FINDING_UID"": ""prowler-aws-iam_user_no_setup_initial_access_key-012092091624-ap-south-1-ProwlerUser"", ""PROVIDER"": ""aws"", ""CHECK_ID"": ""iam_user_no_setup_initial_access_key"", ""CHECK_TITLE"": ""IAM user does not have active access keys that have never been used"", ""CHECK_TYPE"": ""Software and Configuration Checks/AWS Security Best Practices | Software and Configuration Checks/Industry and Regulatory Standards/AWS Foundational Security Best Practices | Software and Configuration Checks/Industry and Regulatory Standards/CIS AWS Foundations Benchmark"", ""STATUS"": ""PASS"", ""STATUS_EXTENDED"": ""User ProwlerUser does not have access keys or uses the access keys configured."", ""MUTED"": false, ""SERVICE_NAME"": ""iam"", ""SUBSERVICE_NAME"": NaN, ""SEVERITY"": ""medium"", ""RESOURCE_TYPE"": ""AwsIamUser"", ""RESOURCE_UID"": ""arn:aws:iam::012092091624:user/ProwlerUser"", ""RESOURCE_NAME"": ""ProwlerUser"", ""RESOURCE_DETAILS"": NaN, ""RESOURCE_TAGS"": ""AKIAQFUF6VTUPW6NS5HX=CyberFinGuard Prowler | AKIAQFUF6VTUPNFKUEFD=CyberFinGuard Prowler | AKIAQFUF6VTUJRVR7VHD=AWS security audit user for Prowler"", ""PARTITION"": ""aws"", ""REGION"": ""ap-south-1"", ""DESCRIPTION"": ""**IAM users** with a console password and active **access keys** that have `last_used` as `N/A` are identified.\r\n\r\nThis highlights accounts where programmatic credentials exist but have never been exercised."", ""RISK"": ""Active yet unused **access keys** expand the attack surface. If exposed, attackers gain programmatic access for unauthorized API calls, causing data exfiltration (**confidentiality**), unauthorized changes (**integrity**), and service disruption (**availability**). Dormant keys also bloat credential inventory, delaying detection and rotation."", ""RELATED_URL"": NaN, ""REMEDIATION_RECOMMENDATION_TEXT"": ""Apply **least privilege** to programmatic access:\r\n- Do not provision access keys by default for console users\r\n- Prefer **IAM roles** and temporary credentials\r\n- Require justification and time-bounded key creation\r\n- Regularly review usage and disable/delete unused keys\r\n- Limit to one active key per user and enforce rotation with monitoring"", ""REMEDIATION_RECOMMENDATION_URL"": ""https://hub.prowler.com/check/iam_user_no_setup_initial_access_key"", ""REMEDIATION_CODE_NATIVEIAC"": ""```yaml\r\n# CloudFormation: ensure IAM access key is not active\r\nResources:\r\n  AccessKey:\r\n    Type: AWS::IAM::AccessKey\r\n    Properties:\r\n      UserName: \""<example_resource_name>\""\r\n      Status: Inactive  # Critical: disables the key so it isn't active and cannot be flagged as never used\r\n```"", ""REMEDIATION_CODE_TERRAFORM"": ""```hcl\r\n# Ensure IAM access key is not active\r\nresource \""aws_iam_access_key\"" \""<example_resource_name>\"" {\r\n  user   = \""<example_resource_name>\""\r\n  status = \""Inactive\""  # Critical: disables the key so it isn't active and cannot be flagged as never used\r\n}\r\n```"", ""REMEDIATION_CODE_CLI"": ""aws iam delete-access-key --user-name <example_resource_name> --access-key-id <example_resource_id>"", ""REMEDIATION_CODE_OTHER"": ""1. In the AWS Console, go to IAM > Users and select the user.\r\n2. Open the Security credentials tab.\r\n3. Under Access keys, find keys with Last used = N/A and Status = Active.\r\n4. Choose Deactivate or Delete for each such key.\r\n5. Save changes."", ""COMPLIANCE"": ""ASD-Essential-Eight-Nov 2023: E8-4.2 | AWS-AI-Security-Framework-1.0: AISF-IAM-03 | AWS-Well-Architected-Framework-Security-Pillar: SEC02-BP01 | C5-2025: OPS-05.02AC, IAM-10.01B, CRY-03.01B, PSS-07.01B | CCC-v2025.10: CCC.Core.CN03.AR02, CCC.Core.CN03.AR04, CCC.IAM.CN01.AR01, CCC.IAM.CN01.AR02 | CIS-1.4: 1.11 | CIS-1.5: 1.11 | CIS-2.0: 1.11 | CIS-3.0: 1.11 | CIS-4.0.1: 1.11 | CIS-5.0: 1.10 | CIS-6.0: 2.10 | ENS-RD2022: op.acc.6.aws.iam.4 | KISA-ISMS-P-2023: 2.7.2, 2.10.2 | KISA-ISMS-P-2023-korean: 2.7.2, 2.10.2 | MITRE-ATTACK: T1078, T1550 | NIS2: 9.2.c, 9.2.c.iii"", ""CATEGORIES"": ""identity-access | secrets"", ""DEPENDS_ON"": NaN, ""RELATED_TO"": NaN, ""NOTES"": ""CAF Security Epic: IAM"", ""PROWLER_VERSION"": ""5.42.0"", ""ADDITIONAL_URLS"": ""https://docs.aws.amazon.com/IAM/latest/UserGuide/id_credentials_getting-report.html | https://support.icompaas.com/support/solutions/articles/62000228293-ensure-there-is-only-one-active-access-key-available-for-any-single-iam-user"", ""ACCOUNT_OU_UID"": NaN, ""ACCOUNT_OU_NAME"": NaN}"
Prowler,prowler-aws-iam_user_two_active_access_key-012092091624-ap-south-1-<root_account>,arn:aws:iam::012092091624:root,<root_account>,aws_78ca40ff6af6627b,Cloud/IAM Configuration,IAM user has at most one active access key,medium,PASS,"**IAM users** are evaluated for having **two `Active` access keys** simultaneously.

The check identifies users whose two access key slots are enabled at the same time.",,,,,effective,ap-south-1,2026-09-16 18:14:43.448493,"Maintain **one `Active` access key** per IAM user; permit only a brief overlap for rotation, then promptly deactivate and delete the old key. Prefer **temporary credentials** via roles/federation over long-lived keys. Apply **least privilege**, periodic rotation, and monitor for unused or aged keys.","{""AUTH_METHOD"": ""profile: None"", ""TIMESTAMP"": ""2026-09-16 18:14:43.448493"", ""ACCOUNT_UID"": 12092091624, ""ACCOUNT_NAME"": NaN, ""ACCOUNT_EMAIL"": NaN, ""ACCOUNT_ORGANIZATION_UID"": NaN, ""ACCOUNT_ORGANIZATION_NAME"": NaN, ""ACCOUNT_TAGS"": NaN, ""FINDING_UID"": ""prowler-aws-iam_user_two_active_access_key-012092091624-ap-south-1-<root_account>"", ""PROVIDER"": ""aws"", ""CHECK_ID"": ""iam_user_two_active_access_key"", ""CHECK_TITLE"": ""IAM user has at most one active access key"", ""CHECK_TYPE"": ""Software and Configuration Checks/AWS Security Best Practices | Software and Configuration Checks/Industry and Regulatory Standards/AWS Foundational Security Best Practices | Software and Configuration Checks/Industry and Regulatory Standards/CIS AWS Foundations Benchmark"", ""STATUS"": ""PASS"", ""STATUS_EXTENDED"": ""User <root_account> does not have 2 active access keys."", ""MUTED"": false, ""SERVICE_NAME"": ""iam"", ""SUBSERVICE_NAME"": NaN, ""SEVERITY"": ""medium"", ""RESOURCE_TYPE"": ""AwsIamUser"", ""RESOURCE_UID"": ""arn:aws:iam::012092091624:root"", ""RESOURCE_NAME"": ""<root_account>"", ""RESOURCE_DETAILS"": NaN, ""RESOURCE_TAGS"": NaN, ""PARTITION"": ""aws"", ""REGION"": ""ap-south-1"", ""DESCRIPTION"": ""**IAM users** are evaluated for having **two `Active` access keys** simultaneously.\r\n\r\nThe check identifies users whose two access key slots are enabled at the same time."", ""RISK"": ""**Two active keys per user** widen exposure and weaken credential governance.\r\n- Any leaked key enables unauthorized API actions, risking data exfiltration and resource changes\r\n- Rotation and response become error-prone, allowing attacker persistence if one key remains unnoticed"", ""RELATED_URL"": NaN, ""REMEDIATION_RECOMMENDATION_TEXT"": ""Maintain **one `Active` access key** per IAM user; permit only a brief overlap for rotation, then promptly deactivate and delete the old key. Prefer **temporary credentials** via roles/federation over long-lived keys. Apply **least privilege**, periodic rotation, and monitor for unused or aged keys."", ""REMEDIATION_RECOMMENDATION_URL"": ""https://hub.prowler.com/check/iam_user_two_active_access_key"", ""REMEDIATION_CODE_NATIVEIAC"": ""```yaml\r\n# CloudFormation: set one IAM access key to Inactive to ensure only one active key\r\nResources:\r\n  <example_resource_name>:\r\n    Type: AWS::IAM::AccessKey\r\n    Properties:\r\n      UserName: <example_resource_name>\r\n      Status: Inactive  # Critical: deactivates this key so the user doesn't have 2 active keys\r\n```"", ""REMEDIATION_CODE_TERRAFORM"": ""```hcl\r\n# Deactivate one IAM access key so the user has at most one active key\r\nresource \""aws_iam_access_key\"" \""<example_resource_name>\"" {\r\n  user   = \""<example_resource_name>\""\r\n  status = \""Inactive\""  # Critical: deactivates this key to avoid 2 active keys\r\n}\r\n```"", ""REMEDIATION_CODE_CLI"": ""aws iam update-access-key --user-name <IAM_USER_NAME> --access-key-id <ACCESS_KEY_ID> --status Inactive"", ""REMEDIATION_CODE_OTHER"": ""1. In the AWS Console, go to IAM > Users\r\n2. Open the affected user and select the Security credentials tab\r\n3. In Access keys, find one of the two Active keys\r\n4. Click Actions > Deactivate on that key\r\n5. Verify only one key remains Active"", ""COMPLIANCE"": ""ASD-Essential-Eight-Nov 2023: E8-4.2 | AWS-AI-Security-Framework-1.0: AISF-IAM-03 | AWS-Well-Architected-Framework-Security-Pillar: SEC02-BP01 | C5-2025: IAM-10.01B, CRY-03.01B | CCC-v2025.10: CCC.IAM.CN01.AR01, CCC.IAM.CN01.AR02 | CIS-1.4: 1.13 | CIS-1.5: 1.13 | CIS-2.0: 1.13 | CIS-3.0: 1.13 | CIS-4.0.1: 1.13 | CIS-5.0: 1.12 | CIS-6.0: 2.12 | ENS-RD2022: op.acc.6.aws.iam.1 | FedRAMP-20x-KSI-Low-25.05C: ksi-iam | KISA-ISMS-P-2023: 2.7.2, 2.10.2 | KISA-ISMS-P-2023-korean: 2.7.2, 2.10.2 | MITRE-ATTACK: T1078, T1550 | NIS2: 9.2.c | NIST-CSF-2.0: ac_1, ac_6 | SecNumCloud-3.2: 9.3"", ""CATEGORIES"": ""identity-access | secrets"", ""DEPENDS_ON"": NaN, ""RELATED_TO"": NaN, ""NOTES"": NaN, ""PROWLER_VERSION"": ""5.42.0"", ""ADDITIONAL_URLS"": ""https://www.trendmicro.com/trendaivisiononecloudriskmanagement/knowledge-base/aws/IAM/unnecessary-access-keys.html | https://docs.aws.amazon.com/IAM/latest/UserGuide/id-credentials-access-keys-update.html | https://support.icompaas.com/support/solutions/articles/62000233813-ensure-iam-users-have-two-active-access-keys | https://docs.aws.amazon.com/IAM/latest/APIReference/API_ListAccessKeys.html"", ""ACCOUNT_OU_UID"": NaN, ""ACCOUNT_OU_NAME"": NaN}"
Prowler,prowler-aws-iam_user_two_active_access_key-012092091624-ap-south-1-BedrockAPIKey-z90x,arn:aws:iam::012092091624:user/BedrockAPIKey-z90x,BedrockAPIKey-z90x,aws_5f74cb79eab06b88,Cloud/IAM Configuration,IAM user has at most one active access key,medium,PASS,"**IAM users** are evaluated for having **two `Active` access keys** simultaneously.

The check identifies users whose two access key slots are enabled at the same time.",,,,,effective,ap-south-1,2026-09-16 18:14:43.448493,"Maintain **one `Active` access key** per IAM user; permit only a brief overlap for rotation, then promptly deactivate and delete the old key. Prefer **temporary credentials** via roles/federation over long-lived keys. Apply **least privilege**, periodic rotation, and monitor for unused or aged keys.","{""AUTH_METHOD"": ""profile: None"", ""TIMESTAMP"": ""2026-09-16 18:14:43.448493"", ""ACCOUNT_UID"": 12092091624, ""ACCOUNT_NAME"": NaN, ""ACCOUNT_EMAIL"": NaN, ""ACCOUNT_ORGANIZATION_UID"": NaN, ""ACCOUNT_ORGANIZATION_NAME"": NaN, ""ACCOUNT_TAGS"": NaN, ""FINDING_UID"": ""prowler-aws-iam_user_two_active_access_key-012092091624-ap-south-1-BedrockAPIKey-z90x"", ""PROVIDER"": ""aws"", ""CHECK_ID"": ""iam_user_two_active_access_key"", ""CHECK_TITLE"": ""IAM user has at most one active access key"", ""CHECK_TYPE"": ""Software and Configuration Checks/AWS Security Best Practices | Software and Configuration Checks/Industry and Regulatory Standards/AWS Foundational Security Best Practices | Software and Configuration Checks/Industry and Regulatory Standards/CIS AWS Foundations Benchmark"", ""STATUS"": ""PASS"", ""STATUS_EXTENDED"": ""User BedrockAPIKey-z90x does not have 2 active access keys."", ""MUTED"": false, ""SERVICE_NAME"": ""iam"", ""SUBSERVICE_NAME"": NaN, ""SEVERITY"": ""medium"", ""RESOURCE_TYPE"": ""AwsIamUser"", ""RESOURCE_UID"": ""arn:aws:iam::012092091624:user/BedrockAPIKey-z90x"", ""RESOURCE_NAME"": ""BedrockAPIKey-z90x"", ""RESOURCE_DETAILS"": NaN, ""RESOURCE_TAGS"": NaN, ""PARTITION"": ""aws"", ""REGION"": ""ap-south-1"", ""DESCRIPTION"": ""**IAM users** are evaluated for having **two `Active` access keys** simultaneously.\r\n\r\nThe check identifies users whose two access key slots are enabled at the same time."", ""RISK"": ""**Two active keys per user** widen exposure and weaken credential governance.\r\n- Any leaked key enables unauthorized API actions, risking data exfiltration and resource changes\r\n- Rotation and response become error-prone, allowing attacker persistence if one key remains unnoticed"", ""RELATED_URL"": NaN, ""REMEDIATION_RECOMMENDATION_TEXT"": ""Maintain **one `Active` access key** per IAM user; permit only a brief overlap for rotation, then promptly deactivate and delete the old key. Prefer **temporary credentials** via roles/federation over long-lived keys. Apply **least privilege**, periodic rotation, and monitor for unused or aged keys."", ""REMEDIATION_RECOMMENDATION_URL"": ""https://hub.prowler.com/check/iam_user_two_active_access_key"", ""REMEDIATION_CODE_NATIVEIAC"": ""```yaml\r\n# CloudFormation: set one IAM access key to Inactive to ensure only one active key\r\nResources:\r\n  <example_resource_name>:\r\n    Type: AWS::IAM::AccessKey\r\n    Properties:\r\n      UserName: <example_resource_name>\r\n      Status: Inactive  # Critical: deactivates this key so the user doesn't have 2 active keys\r\n```"", ""REMEDIATION_CODE_TERRAFORM"": ""```hcl\r\n# Deactivate one IAM access key so the user has at most one active key\r\nresource \""aws_iam_access_key\"" \""<example_resource_name>\"" {\r\n  user   = \""<example_resource_name>\""\r\n  status = \""Inactive\""  # Critical: deactivates this key to avoid 2 active keys\r\n}\r\n```"", ""REMEDIATION_CODE_CLI"": ""aws iam update-access-key --user-name <IAM_USER_NAME> --access-key-id <ACCESS_KEY_ID> --status Inactive"", ""REMEDIATION_CODE_OTHER"": ""1. In the AWS Console, go to IAM > Users\r\n2. Open the affected user and select the Security credentials tab\r\n3. In Access keys, find one of the two Active keys\r\n4. Click Actions > Deactivate on that key\r\n5. Verify only one key remains Active"", ""COMPLIANCE"": ""ASD-Essential-Eight-Nov 2023: E8-4.2 | AWS-AI-Security-Framework-1.0: AISF-IAM-03 | AWS-Well-Architected-Framework-Security-Pillar: SEC02-BP01 | C5-2025: IAM-10.01B, CRY-03.01B | CCC-v2025.10: CCC.IAM.CN01.AR01, CCC.IAM.CN01.AR02 | CIS-1.4: 1.13 | CIS-1.5: 1.13 | CIS-2.0: 1.13 | CIS-3.0: 1.13 | CIS-4.0.1: 1.13 | CIS-5.0: 1.12 | CIS-6.0: 2.12 | ENS-RD2022: op.acc.6.aws.iam.1 | FedRAMP-20x-KSI-Low-25.05C: ksi-iam | KISA-ISMS-P-2023: 2.7.2, 2.10.2 | KISA-ISMS-P-2023-korean: 2.7.2, 2.10.2 | MITRE-ATTACK: T1078, T1550 | NIS2: 9.2.c | NIST-CSF-2.0: ac_1, ac_6 | SecNumCloud-3.2: 9.3"", ""CATEGORIES"": ""identity-access | secrets"", ""DEPENDS_ON"": NaN, ""RELATED_TO"": NaN, ""NOTES"": NaN, ""PROWLER_VERSION"": ""5.42.0"", ""ADDITIONAL_URLS"": ""https://www.trendmicro.com/trendaivisiononecloudriskmanagement/knowledge-base/aws/IAM/unnecessary-access-keys.html | https://docs.aws.amazon.com/IAM/latest/UserGuide/id-credentials-access-keys-update.html | https://support.icompaas.com/support/solutions/articles/62000233813-ensure-iam-users-have-two-active-access-keys | https://docs.aws.amazon.com/IAM/latest/APIReference/API_ListAccessKeys.html"", ""ACCOUNT_OU_UID"": NaN, ""ACCOUNT_OU_NAME"": NaN}"
Prowler,prowler-aws-iam_user_two_active_access_key-012092091624-ap-south-1-ProwlerUser,arn:aws:iam::012092091624:user/ProwlerUser,ProwlerUser,aws_03a34f0addac2237,Cloud/IAM Configuration,IAM user has at most one active access key,medium,FAIL,"**IAM users** are evaluated for having **two `Active` access keys** simultaneously.

The check identifies users whose two access key slots are enabled at the same time.",,,,,ineffective,ap-south-1,2026-09-16 18:14:43.448493,"Maintain **one `Active` access key** per IAM user; permit only a brief overlap for rotation, then promptly deactivate and delete the old key. Prefer **temporary credentials** via roles/federation over long-lived keys. Apply **least privilege**, periodic rotation, and monitor for unused or aged keys.","{""AUTH_METHOD"": ""profile: None"", ""TIMESTAMP"": ""2026-09-16 18:14:43.448493"", ""ACCOUNT_UID"": 12092091624, ""ACCOUNT_NAME"": NaN, ""ACCOUNT_EMAIL"": NaN, ""ACCOUNT_ORGANIZATION_UID"": NaN, ""ACCOUNT_ORGANIZATION_NAME"": NaN, ""ACCOUNT_TAGS"": NaN, ""FINDING_UID"": ""prowler-aws-iam_user_two_active_access_key-012092091624-ap-south-1-ProwlerUser"", ""PROVIDER"": ""aws"", ""CHECK_ID"": ""iam_user_two_active_access_key"", ""CHECK_TITLE"": ""IAM user has at most one active access key"", ""CHECK_TYPE"": ""Software and Configuration Checks/AWS Security Best Practices | Software and Configuration Checks/Industry and Regulatory Standards/AWS Foundational Security Best Practices | Software and Configuration Checks/Industry and Regulatory Standards/CIS AWS Foundations Benchmark"", ""STATUS"": ""FAIL"", ""STATUS_EXTENDED"": ""User ProwlerUser has 2 active access keys."", ""MUTED"": false, ""SERVICE_NAME"": ""iam"", ""SUBSERVICE_NAME"": NaN, ""SEVERITY"": ""medium"", ""RESOURCE_TYPE"": ""AwsIamUser"", ""RESOURCE_UID"": ""arn:aws:iam::012092091624:user/ProwlerUser"", ""RESOURCE_NAME"": ""ProwlerUser"", ""RESOURCE_DETAILS"": NaN, ""RESOURCE_TAGS"": ""AKIAQFUF6VTUPW6NS5HX=CyberFinGuard Prowler | AKIAQFUF6VTUPNFKUEFD=CyberFinGuard Prowler | AKIAQFUF6VTUJRVR7VHD=AWS security audit user for Prowler"", ""PARTITION"": ""aws"", ""REGION"": ""ap-south-1"", ""DESCRIPTION"": ""**IAM users** are evaluated for having **two `Active` access keys** simultaneously.\r\n\r\nThe check identifies users whose two access key slots are enabled at the same time."", ""RISK"": ""**Two active keys per user** widen exposure and weaken credential governance.\r\n- Any leaked key enables unauthorized API actions, risking data exfiltration and resource changes\r\n- Rotation and response become error-prone, allowing attacker persistence if one key remains unnoticed"", ""RELATED_URL"": NaN, ""REMEDIATION_RECOMMENDATION_TEXT"": ""Maintain **one `Active` access key** per IAM user; permit only a brief overlap for rotation, then promptly deactivate and delete the old key. Prefer **temporary credentials** via roles/federation over long-lived keys. Apply **least privilege**, periodic rotation, and monitor for unused or aged keys."", ""REMEDIATION_RECOMMENDATION_URL"": ""https://hub.prowler.com/check/iam_user_two_active_access_key"", ""REMEDIATION_CODE_NATIVEIAC"": ""```yaml\r\n# CloudFormation: set one IAM access key to Inactive to ensure only one active key\r\nResources:\r\n  <example_resource_name>:\r\n    Type: AWS::IAM::AccessKey\r\n    Properties:\r\n      UserName: <example_resource_name>\r\n      Status: Inactive  # Critical: deactivates this key so the user doesn't have 2 active keys\r\n```"", ""REMEDIATION_CODE_TERRAFORM"": ""```hcl\r\n# Deactivate one IAM access key so the user has at most one active key\r\nresource \""aws_iam_access_key\"" \""<example_resource_name>\"" {\r\n  user   = \""<example_resource_name>\""\r\n  status = \""Inactive\""  # Critical: deactivates this key to avoid 2 active keys\r\n}\r\n```"", ""REMEDIATION_CODE_CLI"": ""aws iam update-access-key --user-name <IAM_USER_NAME> --access-key-id <ACCESS_KEY_ID> --status Inactive"", ""REMEDIATION_CODE_OTHER"": ""1. In the AWS Console, go to IAM > Users\r\n2. Open the affected user and select the Security credentials tab\r\n3. In Access keys, find one of the two Active keys\r\n4. Click Actions > Deactivate on that key\r\n5. Verify only one key remains Active"", ""COMPLIANCE"": ""ASD-Essential-Eight-Nov 2023: E8-4.2 | AWS-AI-Security-Framework-1.0: AISF-IAM-03 | AWS-Well-Architected-Framework-Security-Pillar: SEC02-BP01 | C5-2025: IAM-10.01B, CRY-03.01B | CCC-v2025.10: CCC.IAM.CN01.AR01, CCC.IAM.CN01.AR02 | CIS-1.4: 1.13 | CIS-1.5: 1.13 | CIS-2.0: 1.13 | CIS-3.0: 1.13 | CIS-4.0.1: 1.13 | CIS-5.0: 1.12 | CIS-6.0: 2.12 | ENS-RD2022: op.acc.6.aws.iam.1 | FedRAMP-20x-KSI-Low-25.05C: ksi-iam | KISA-ISMS-P-2023: 2.7.2, 2.10.2 | KISA-ISMS-P-2023-korean: 2.7.2, 2.10.2 | MITRE-ATTACK: T1078, T1550 | NIS2: 9.2.c | NIST-CSF-2.0: ac_1, ac_6 | SecNumCloud-3.2: 9.3"", ""CATEGORIES"": ""identity-access | secrets"", ""DEPENDS_ON"": NaN, ""RELATED_TO"": NaN, ""NOTES"": NaN, ""PROWLER_VERSION"": ""5.42.0"", ""ADDITIONAL_URLS"": ""https://www.trendmicro.com/trendaivisiononecloudriskmanagement/knowledge-base/aws/IAM/unnecessary-access-keys.html | https://docs.aws.amazon.com/IAM/latest/UserGuide/id-credentials-access-keys-update.html | https://support.icompaas.com/support/solutions/articles/62000233813-ensure-iam-users-have-two-active-access-keys | https://docs.aws.amazon.com/IAM/latest/APIReference/API_ListAccessKeys.html"", ""ACCOUNT_OU_UID"": NaN, ""ACCOUNT_OU_NAME"": NaN}"
Prowler,prowler-aws-iam_user_with_temporary_credentials-012092091624-ap-south-1-BedrockAPIKey-z90x,arn:aws:iam::012092091624:user/BedrockAPIKey-z90x,BedrockAPIKey-z90x,aws_5f74cb79eab06b88,Cloud/IAM Configuration,IAM user does not use long-lived credentials to access services other than IAM or STS,high,PASS,IAM users are assessed for activity using **long-lived access keys**. Use of static credentials to access services other than IAM or STS indicates reliance on permanent keys instead of **temporary role-based credentials**.,,,,,effective,ap-south-1,2026-09-16 18:14:43.448493,"Adopt **temporary credentials** via IAM roles and federation for humans and workloads. Remove or restrict long-term keys; *if unavoidable*, apply **least privilege**, require **MFA**, rotate aggressively, and monitor usage. Prefer short session durations and session conditions to limit blast radius.","{""AUTH_METHOD"": ""profile: None"", ""TIMESTAMP"": ""2026-09-16 18:14:43.448493"", ""ACCOUNT_UID"": 12092091624, ""ACCOUNT_NAME"": NaN, ""ACCOUNT_EMAIL"": NaN, ""ACCOUNT_ORGANIZATION_UID"": NaN, ""ACCOUNT_ORGANIZATION_NAME"": NaN, ""ACCOUNT_TAGS"": NaN, ""FINDING_UID"": ""prowler-aws-iam_user_with_temporary_credentials-012092091624-ap-south-1-BedrockAPIKey-z90x"", ""PROVIDER"": ""aws"", ""CHECK_ID"": ""iam_user_with_temporary_credentials"", ""CHECK_TITLE"": ""IAM user does not use long-lived credentials to access services other than IAM or STS"", ""CHECK_TYPE"": ""Software and Configuration Checks/AWS Security Best Practices/Runtime Behavior Analysis | Software and Configuration Checks/Industry and Regulatory Standards/AWS Foundational Security Best Practices | TTPs/Credential Access"", ""STATUS"": ""PASS"", ""STATUS_EXTENDED"": ""User BedrockAPIKey-z90x doesn't have long lived credentials with access to other services than IAM or STS."", ""MUTED"": false, ""SERVICE_NAME"": ""iam"", ""SUBSERVICE_NAME"": NaN, ""SEVERITY"": ""high"", ""RESOURCE_TYPE"": ""AwsIamUser"", ""RESOURCE_UID"": ""arn:aws:iam::012092091624:user/BedrockAPIKey-z90x"", ""RESOURCE_NAME"": ""BedrockAPIKey-z90x"", ""RESOURCE_DETAILS"": NaN, ""RESOURCE_TAGS"": NaN, ""PARTITION"": ""aws"", ""REGION"": ""ap-south-1"", ""DESCRIPTION"": ""IAM users are assessed for activity using **long-lived access keys**. Use of static credentials to access services other than IAM or STS indicates reliance on permanent keys instead of **temporary role-based credentials**."", ""RISK"": ""Persistent access keys enable attacker **persistence** and replay. Stolen keys allow off-network API calls for data exfiltration, privilege changes, and destructive actions, impacting **confidentiality**, **integrity**, and **availability**. Without expiry, the blast radius grows and containment is harder."", ""RELATED_URL"": NaN, ""REMEDIATION_RECOMMENDATION_TEXT"": ""Adopt **temporary credentials** via IAM roles and federation for humans and workloads. Remove or restrict long-term keys; *if unavoidable*, apply **least privilege**, require **MFA**, rotate aggressively, and monitor usage. Prefer short session durations and session conditions to limit blast radius."", ""REMEDIATION_RECOMMENDATION_URL"": ""https://hub.prowler.com/check/iam_user_with_temporary_credentials"", ""REMEDIATION_CODE_NATIVEIAC"": ""```yaml\r\n# Attach a policy to block long-term creds from accessing non-IAM/STS services\r\nResources:\r\n  DenyLongTermNonIamSts:\r\n    Type: AWS::IAM::Policy\r\n    Properties:\r\n      PolicyName: DenyNonIamStsWithLongTermCreds\r\n      PolicyDocument:\r\n        Version: '2012-10-17'\r\n        Statement:\r\n          - Effect: Deny\r\n            NotAction:\r\n              - iam:*\r\n              - sts:*\r\n            Resource: \""*\""\r\n            Condition:\r\n              Null:\r\n                aws:TokenIssueTime: \""true\""  # Critical: denies when no session token (i.e., long-lived creds)\r\n      Users:\r\n        - <example_resource_name>  # Critical: attach to the affected IAM user\r\n```"", ""REMEDIATION_CODE_TERRAFORM"": ""```hcl\r\n# Attach an inline policy to block long-term creds from non-IAM/STS services\r\nresource \""aws_iam_user_policy\"" \""deny_non_iam_sts_longterm\"" {\r\n  name = \""DenyNonIamStsWithLongTermCreds\""\r\n  user = \""<example_resource_name>\""  # Critical: target the affected IAM user\r\n\r\n  policy = jsonencode({\r\n    Version = \""2012-10-17\""\r\n    Statement = [{\r\n      Effect    = \""Deny\""\r\n      NotAction = [\""iam:*\"", \""sts:*\""]\r\n      Resource  = \""*\""\r\n      Condition = {\r\n        Null = { \""aws:TokenIssueTime\"" = \""true\"" } # Critical: denies when no session token (long-lived creds)\r\n      }\r\n    }]\r\n  })\r\n}\r\n```"", ""REMEDIATION_CODE_CLI"": ""aws iam put-user-policy --user-name <example_resource_name> --policy-name deny-non-iam-sts-with-long-term-creds --policy-document '{\""Version\"":\""2012-10-17\"",\""Statement\"":[{\""Effect\"":\""Deny\"",\""NotAction\"":[\""iam:*\"",\""sts:*\""],\""Resource\"":\""*\"",\""Condition\"":{\""Null\"":{\""aws:TokenIssueTime\"":\""true\""}}}]}'"", ""REMEDIATION_CODE_OTHER"": ""1. In AWS Console, go to IAM > Users and select <example_resource_name>\r\n2. Open the Security credentials tab\r\n3. Under Access keys, deactivate and delete all active access keys\r\n4. Save changes\r\n5. Re-test: the user no longer has long-lived credentials to access non-IAM/STS services"", ""COMPLIANCE"": ""AWS-AI-Security-Framework-1.0: AISF-IAM-03 | AWS-Foundational-Technical-Review: IAM-002, IAM-0012 | C5-2025: IAM-01.01B, IAM-01.04B, IAM-03.01B, IAM-03.03B, IAM-03.01AS, IAM-06.01B, IAM-08.02B | KISA-ISMS-P-2023: 2.5.3, 2.10.2 | KISA-ISMS-P-2023-korean: 2.5.3, 2.10.2 | NIST-CSF-2.0: ac_6"", ""CATEGORIES"": ""identity-access | secrets"", ""DEPENDS_ON"": NaN, ""RELATED_TO"": NaN, ""NOTES"": NaN, ""PROWLER_VERSION"": ""5.42.0"", ""ADDITIONAL_URLS"": ""https://docs.aws.amazon.com/IAM/latest/UserGuide/best-practices.html | https://docs.aws.amazon.com/IAM/latest/UserGuide/id_credentials_temp.html"", ""ACCOUNT_OU_UID"": NaN, ""ACCOUNT_OU_NAME"": NaN}"
Prowler,prowler-aws-iam_user_with_temporary_credentials-012092091624-ap-south-1-ProwlerUser,arn:aws:iam::012092091624:user/ProwlerUser,ProwlerUser,aws_03a34f0addac2237,Cloud/IAM Configuration,IAM user does not use long-lived credentials to access services other than IAM or STS,high,FAIL,IAM users are assessed for activity using **long-lived access keys**. Use of static credentials to access services other than IAM or STS indicates reliance on permanent keys instead of **temporary role-based credentials**.,,,,,ineffective,ap-south-1,2026-09-16 18:14:43.448493,"Adopt **temporary credentials** via IAM roles and federation for humans and workloads. Remove or restrict long-term keys; *if unavoidable*, apply **least privilege**, require **MFA**, rotate aggressively, and monitor usage. Prefer short session durations and session conditions to limit blast radius.","{""AUTH_METHOD"": ""profile: None"", ""TIMESTAMP"": ""2026-09-16 18:14:43.448493"", ""ACCOUNT_UID"": 12092091624, ""ACCOUNT_NAME"": NaN, ""ACCOUNT_EMAIL"": NaN, ""ACCOUNT_ORGANIZATION_UID"": NaN, ""ACCOUNT_ORGANIZATION_NAME"": NaN, ""ACCOUNT_TAGS"": NaN, ""FINDING_UID"": ""prowler-aws-iam_user_with_temporary_credentials-012092091624-ap-south-1-ProwlerUser"", ""PROVIDER"": ""aws"", ""CHECK_ID"": ""iam_user_with_temporary_credentials"", ""CHECK_TITLE"": ""IAM user does not use long-lived credentials to access services other than IAM or STS"", ""CHECK_TYPE"": ""Software and Configuration Checks/AWS Security Best Practices/Runtime Behavior Analysis | Software and Configuration Checks/Industry and Regulatory Standards/AWS Foundational Security Best Practices | TTPs/Credential Access"", ""STATUS"": ""FAIL"", ""STATUS_EXTENDED"": ""User ProwlerUser has long lived credentials with access to other services than IAM or STS."", ""MUTED"": false, ""SERVICE_NAME"": ""iam"", ""SUBSERVICE_NAME"": NaN, ""SEVERITY"": ""high"", ""RESOURCE_TYPE"": ""AwsIamUser"", ""RESOURCE_UID"": ""arn:aws:iam::012092091624:user/ProwlerUser"", ""RESOURCE_NAME"": ""ProwlerUser"", ""RESOURCE_DETAILS"": NaN, ""RESOURCE_TAGS"": ""AKIAQFUF6VTUPW6NS5HX=CyberFinGuard Prowler | AKIAQFUF6VTUPNFKUEFD=CyberFinGuard Prowler | AKIAQFUF6VTUJRVR7VHD=AWS security audit user for Prowler"", ""PARTITION"": ""aws"", ""REGION"": ""ap-south-1"", ""DESCRIPTION"": ""IAM users are assessed for activity using **long-lived access keys**. Use of static credentials to access services other than IAM or STS indicates reliance on permanent keys instead of **temporary role-based credentials**."", ""RISK"": ""Persistent access keys enable attacker **persistence** and replay. Stolen keys allow off-network API calls for data exfiltration, privilege changes, and destructive actions, impacting **confidentiality**, **integrity**, and **availability**. Without expiry, the blast radius grows and containment is harder."", ""RELATED_URL"": NaN, ""REMEDIATION_RECOMMENDATION_TEXT"": ""Adopt **temporary credentials** via IAM roles and federation for humans and workloads. Remove or restrict long-term keys; *if unavoidable*, apply **least privilege**, require **MFA**, rotate aggressively, and monitor usage. Prefer short session durations and session conditions to limit blast radius."", ""REMEDIATION_RECOMMENDATION_URL"": ""https://hub.prowler.com/check/iam_user_with_temporary_credentials"", ""REMEDIATION_CODE_NATIVEIAC"": ""```yaml\r\n# Attach a policy to block long-term creds from accessing non-IAM/STS services\r\nResources:\r\n  DenyLongTermNonIamSts:\r\n    Type: AWS::IAM::Policy\r\n    Properties:\r\n      PolicyName: DenyNonIamStsWithLongTermCreds\r\n      PolicyDocument:\r\n        Version: '2012-10-17'\r\n        Statement:\r\n          - Effect: Deny\r\n            NotAction:\r\n              - iam:*\r\n              - sts:*\r\n            Resource: \""*\""\r\n            Condition:\r\n              Null:\r\n                aws:TokenIssueTime: \""true\""  # Critical: denies when no session token (i.e., long-lived creds)\r\n      Users:\r\n        - <example_resource_name>  # Critical: attach to the affected IAM user\r\n```"", ""REMEDIATION_CODE_TERRAFORM"": ""```hcl\r\n# Attach an inline policy to block long-term creds from non-IAM/STS services\r\nresource \""aws_iam_user_policy\"" \""deny_non_iam_sts_longterm\"" {\r\n  name = \""DenyNonIamStsWithLongTermCreds\""\r\n  user = \""<example_resource_name>\""  # Critical: target the affected IAM user\r\n\r\n  policy = jsonencode({\r\n    Version = \""2012-10-17\""\r\n    Statement = [{\r\n      Effect    = \""Deny\""\r\n      NotAction = [\""iam:*\"", \""sts:*\""]\r\n      Resource  = \""*\""\r\n      Condition = {\r\n        Null = { \""aws:TokenIssueTime\"" = \""true\"" } # Critical: denies when no session token (long-lived creds)\r\n      }\r\n    }]\r\n  })\r\n}\r\n```"", ""REMEDIATION_CODE_CLI"": ""aws iam put-user-policy --user-name <example_resource_name> --policy-name deny-non-iam-sts-with-long-term-creds --policy-document '{\""Version\"":\""2012-10-17\"",\""Statement\"":[{\""Effect\"":\""Deny\"",\""NotAction\"":[\""iam:*\"",\""sts:*\""],\""Resource\"":\""*\"",\""Condition\"":{\""Null\"":{\""aws:TokenIssueTime\"":\""true\""}}}]}'"", ""REMEDIATION_CODE_OTHER"": ""1. In AWS Console, go to IAM > Users and select <example_resource_name>\r\n2. Open the Security credentials tab\r\n3. Under Access keys, deactivate and delete all active access keys\r\n4. Save changes\r\n5. Re-test: the user no longer has long-lived credentials to access non-IAM/STS services"", ""COMPLIANCE"": ""AWS-AI-Security-Framework-1.0: AISF-IAM-03 | AWS-Foundational-Technical-Review: IAM-002, IAM-0012 | C5-2025: IAM-01.01B, IAM-01.04B, IAM-03.01B, IAM-03.03B, IAM-03.01AS, IAM-06.01B, IAM-08.02B | KISA-ISMS-P-2023: 2.5.3, 2.10.2 | KISA-ISMS-P-2023-korean: 2.5.3, 2.10.2 | NIST-CSF-2.0: ac_6"", ""CATEGORIES"": ""identity-access | secrets"", ""DEPENDS_ON"": NaN, ""RELATED_TO"": NaN, ""NOTES"": NaN, ""PROWLER_VERSION"": ""5.42.0"", ""ADDITIONAL_URLS"": ""https://docs.aws.amazon.com/IAM/latest/UserGuide/best-practices.html | https://docs.aws.amazon.com/IAM/latest/UserGuide/id_credentials_temp.html"", ""ACCOUNT_OU_UID"": NaN, ""ACCOUNT_OU_NAME"": NaN}"
